listing_id,cift,satis_alan_ilan,faz1_nitelik,faz2_grup,views_omur,favori,mevcut_baslik,onerilen_baslik,baslik_degisen,baslik_alternatif_faz2_hipotez,mevcut_etiketler,onerilen_etiketler,etiket_degisen,mevcut_nitelikler,onerilen_nitelikler,nitelik_degisen,mevcut_kategori,malzeme,stil_alani,baslik_gerekce,etiket_gerekce,nitelik_gerekce,kaynaklar,guven
4570110121,AQUARIUS_AQUARIUS,,UYGULA,DEGISMEZ (etiket sigmiyor),25,0,Aquarius and Aquarius Personalized Zodiac Couple Wall Art,Aquarius and Aquarius Personalized Zodiac Couple Wall Art,HAYIR,"Aquarius and Aquarius Zodiac Couple Print with Names, Personalized Wall Art",aquarius aquarius | zodiac couple print | astrology couple art | zodiac wall art | astrology wall art | personalized couple | custom couple gift | zodiac gift | anniversary gift | engagement gift | wedding gift couple | newlywed gift | giclee print,aquarius aquarius | zodiac couple print | astrology couple art | zodiac wall art | astrology wall art | personalized couple | custom couple gift | zodiac gift | anniversary gift | engagement gift | wedding gift couple | newlywed gift | giclee print,HAYIR,Can be personalized=Yes; Framing=Unframed; Material multi=Paper; Number of pieces included=1; Occasion=Anniversary; Orientation=Vertical,"mevcut + Art subject=Zodiac, Stars & celestial; Primary color=Gold; Room=Bedroom, Living room",Art subject+Primary color+Room EKLE,Prints > Giclee (121),"Hahnemuhle Photo Rag 308 gsm cotton paper, archival pigment ink",(bos),G-B (bkz. 1_TESHIS.md Gerekce kodlari),G-E0,G-N,K1 K2 K3 K4 + canli/canli_78.json,Nitelik ORTA-YUKSEK | Etiket degismez | Baslik degismez
4570110641,AQUARIUS_ARIES,,UYGULA,PILOT,23,0,Aquarius and Aries Personalized Zodiac Couple Wall Art,Aquarius and Aries Personalized Zodiac Couple Wall Art,HAYIR,"Aquarius and Aries Zodiac Couple Print with Names, Personalized Wall Art",aquarius and aries | zodiac couple print | astrology couple art | zodiac wall art | astrology wall art | personalized couple | custom couple gift | zodiac gift | anniversary gift | engagement gift | wedding gift couple | newlywed gift | giclee print,aquarius and aries | zodiac couple print | astrology couple art | zodiac wall art | astrology wall art | personalized couple | custom couple gift | zodiac gift | anniversary gift | engagement gift | wedding gift couple | newlywed gift | aquarius aries print,giclee print -> aquarius aries print,Can be personalized=Yes; Framing=Unframed; Material multi=Paper; Number of pieces included=1; Occasion=Anniversary; Orientation=Vertical,"mevcut + Art subject=Zodiac, Stars & celestial; Primary color=Gold; Room=Bedroom, Living room",Art subject+Primary color+Room EKLE,Prints > Giclee (121),"Hahnemuhle Photo Rag 308 gsm cotton paper, archival pigment ink",(bos),G-B (bkz. 1_TESHIS.md Gerekce kodlari),G-E1,G-N,K1 K2 K3 K4 + canli/canli_78.json,Nitelik ORTA-YUKSEK | Etiket DUSUK-ORTA (hipotez) | Baslik degismez
4570125580,AQUARIUS_CANCER,,UYGULA,KONTROL,16,0,Aquarius and Cancer Personalized Zodiac Couple Wall Art,Aquarius and Cancer Personalized Zodiac Couple Wall Art,HAYIR,"Aquarius and Cancer Zodiac Couple Print with Names, Personalized Wall Art",aquarius and cancer | zodiac couple print | astrology couple art | zodiac wall art | astrology wall art | personalized couple | custom couple gift | zodiac gift | anniversary gift | engagement gift | wedding gift couple | newlywed gift | giclee print,aquarius and cancer | zodiac couple print | astrology couple art | zodiac wall art | astrology wall art | personalized couple | custom couple gift | zodiac gift | anniversary gift | engagement gift | wedding gift couple | newlywed gift | aquarius cancer art,giclee print -> aquarius cancer art,Can be personalized=Yes; Framing=Unframed; Material multi=Paper; Number of pieces included=1; Occasion=Anniversary; Orientation=Vertical,"mevcut + Art subject=Zodiac, Stars & celestial; Primary color=Gold; Room=Bedroom, Living room",Art subject+Primary color+Room EKLE,Prints > Giclee (121),"Hahnemuhle Photo Rag 308 gsm cotton paper, archival pigment ink",(bos),G-B (bkz. 1_TESHIS.md Gerekce kodlari),G-E1,G-N,K1 K2 K3 K4 + canli/canli_78.json,Nitelik ORTA-YUKSEK | Etiket DUSUK-ORTA (hipotez) | Baslik degismez
4570126104,AQUARIUS_CAPRICORN,,UYGULA,DEGISMEZ (etiket sigmiyor),8,0,Aquarius and Capricorn Personalized Zodiac Couple Wall Art,Aquarius and Capricorn Personalized Zodiac Couple Wall Art,HAYIR,"Aquarius and Capricorn Zodiac Couple Print with Names, Personalized Wall Art",aquarius capricorn | zodiac couple print | astrology couple art | zodiac wall art | astrology wall art | personalized couple | custom couple gift | zodiac gift | anniversary gift | engagement gift | wedding gift couple | newlywed gift | giclee print,aquarius capricorn | zodiac couple print | astrology couple art | zodiac wall art | astrology wall art | personalized couple | custom couple gift | zodiac gift | anniversary gift | engagement gift | wedding gift couple | newlywed gift | giclee print,HAYIR,Can be personalized=Yes; Framing=Unframed; Material multi=Paper; Number of pieces included=1; Occasion=Anniversary; Orientation=Vertical,"mevcut + Art subject=Zodiac, Stars & celestial; Primary color=Gold; Room=Bedroom, Living room",Art subject+Primary color+Room EKLE,Prints > Giclee (121),"Hahnemuhle Photo Rag 308 gsm cotton paper, archival pigment ink",(bos),G-B (bkz. 1_TESHIS.md Gerekce kodlari),G-E0,G-N,K1 K2 K3 K4 + canli/canli_78.json,Nitelik ORTA-YUKSEK | Etiket degismez | Baslik degismez
4570112095,AQUARIUS_GEMINI,,UYGULA,PILOT,50,0,Aquarius and Gemini Personalized Zodiac Couple Wall Art,Aquarius and Gemini Personalized Zodiac Couple Wall Art,HAYIR,"Aquarius and Gemini Zodiac Couple Print with Names, Personalized Wall Art",aquarius and gemini | zodiac couple print | astrology couple art | zodiac wall art | astrology wall art | personalized couple | custom couple gift | zodiac gift | anniversary gift | engagement gift | wedding gift couple | newlywed gift | giclee print,aquarius and gemini | zodiac couple print | astrology couple art | zodiac wall art | astrology wall art | personalized couple | custom couple gift | zodiac gift | anniversary gift | engagement gift | wedding gift couple | newlywed gift | aquarius gemini art,giclee print -> aquarius gemini art,Can be personalized=Yes; Framing=Unframed; Material multi=Paper; Number of pieces included=1; Occasion=Anniversary; Orientation=Vertical,"mevcut + Art subject=Zodiac, Stars & celestial; Primary color=Gold; Room=Bedroom, Living room",Art subject+Primary color+Room EKLE,Prints > Giclee (121),"Hahnemuhle Photo Rag 308 gsm cotton paper, archival pigment ink",(bos),G-B (bkz. 1_TESHIS.md Gerekce kodlari),G-E1,G-N,K1 K2 K3 K4 + canli/canli_78.json,Nitelik ORTA-YUKSEK | Etiket DUSUK-ORTA (hipotez) | Baslik degismez
4570127160,AQUARIUS_LEO,,UYGULA,KONTROL,22,0,Aquarius and Leo Personalized Zodiac Couple Wall Art,Aquarius and Leo Personalized Zodiac Couple Wall Art,HAYIR,"Aquarius and Leo Zodiac Couple Print with Names, Personalized Wall Art",aquarius and leo | zodiac couple print | astrology couple art | zodiac wall art | astrology wall art | personalized couple | custom couple gift | zodiac gift | anniversary gift | engagement gift | wedding gift couple | newlywed gift | giclee print,aquarius and leo | zodiac couple print | astrology couple art | zodiac wall art | astrology wall art | personalized couple | custom couple gift | zodiac gift | anniversary gift | engagement gift | wedding gift couple | newlywed gift | aquarius leo print,giclee print -> aquarius leo print,Can be personalized=Yes; Framing=Unframed; Material multi=Paper; Number of pieces included=1; Occasion=Anniversary; Orientation=Vertical,"mevcut + Art subject=Zodiac, Stars & celestial; Primary color=Gold; Room=Bedroom, Living room",Art subject+Primary color+Room EKLE,Prints > Giclee (121),"Hahnemuhle Photo Rag 308 gsm cotton paper, archival pigment ink",(bos),G-B (bkz. 1_TESHIS.md Gerekce kodlari),G-E1,G-N,K1 K2 K3 K4 + canli/canli_78.json,Nitelik ORTA-YUKSEK | Etiket DUSUK-ORTA (hipotez) | Baslik degismez
4570113157,AQUARIUS_LIBRA,EVET (kontrol grubu onerisi),KONTROL (degismez),KONTROL (satis alan),43,2,Aquarius and Libra Personalized Zodiac Couple Wall Art,Aquarius and Libra Personalized Zodiac Couple Wall Art,HAYIR,"Aquarius and Libra Zodiac Couple Print with Names, Personalized Wall Art",aquarius and libra | zodiac couple print | astrology couple art | zodiac wall art | astrology wall art | personalized couple | custom couple gift | zodiac gift | anniversary gift | engagement gift | wedding gift couple | newlywed gift | giclee print,aquarius and libra | zodiac couple print | astrology couple art | zodiac wall art | astrology wall art | personalized couple | custom couple gift | zodiac gift | anniversary gift | engagement gift | wedding gift couple | newlywed gift | aquarius libra print,giclee print -> aquarius libra print,Can be personalized=Yes; Framing=Unframed; Material multi=Paper; Number of pieces included=1; Occasion=Anniversary; Orientation=Vertical,"mevcut + Art subject=Zodiac, Stars & celestial; Primary color=Gold; Room=Bedroom, Living room",Art subject+Primary color+Room EKLE,Prints > Giclee (121),"Hahnemuhle Photo Rag 308 gsm cotton paper, archival pigment ink",(bos),G-B (bkz. 1_TESHIS.md Gerekce kodlari),G-E1,G-N,K1 K2 K3 K4 + canli/canli_78.json,Nitelik ORTA-YUKSEK | Etiket DUSUK-ORTA (hipotez) | Baslik degismez
4570113675,AQUARIUS_PISCES,,UYGULA,PILOT,3,1,Aquarius and Pisces Personalized Zodiac Couple Wall Art,Aquarius and Pisces Personalized Zodiac Couple Wall Art,HAYIR,"Aquarius and Pisces Zodiac Couple Print with Names, Personalized Wall Art",aquarius and pisces | zodiac couple print | astrology couple art | zodiac wall art | astrology wall art | personalized couple | custom couple gift | zodiac gift | anniversary gift | engagement gift | wedding gift couple | newlywed gift | giclee print,aquarius and pisces | zodiac couple print | astrology couple art | zodiac wall art | astrology wall art | personalized couple | custom couple gift | zodiac gift | anniversary gift | engagement gift | wedding gift couple | newlywed gift | aquarius pisces art,giclee print -> aquarius pisces art,Can be personalized=Yes; Framing=Unframed; Material multi=Paper; Number of pieces included=1; Occasion=Anniversary; Orientation=Vertical,"mevcut + Art subject=Zodiac, Stars & celestial; Primary color=Gold; Room=Bedroom, Living room",Art subject+Primary color+Room EKLE,Prints > Giclee (121),"Hahnemuhle Photo Rag 308 gsm cotton paper, archival pigment ink",(bos),G-B (bkz. 1_TESHIS.md Gerekce kodlari),G-E1,G-N,K1 K2 K3 K4 + canli/canli_78.json,Nitelik ORTA-YUKSEK | Etiket DUSUK-ORTA (hipotez) | Baslik degismez
4570128546,AQUARIUS_SAGITTARIUS,,UYGULA,DEGISMEZ (etiket sigmiyor),2,0,Aquarius and Sagittarius Personalized Zodiac Couple Wall Art,Aquarius and Sagittarius Personalized Zodiac Couple Wall Art,HAYIR,"Aquarius and Sagittarius Zodiac Couple Print with Names, Personalized Wall Art",aquarius sagittarius | zodiac couple print | astrology couple art | zodiac wall art | astrology wall art | personalized couple | custom couple gift | zodiac gift | anniversary gift | engagement gift | wedding gift couple | newlywed gift | giclee print,aquarius sagittarius | zodiac couple print | astrology couple art | zodiac wall art | astrology wall art | personalized couple | custom couple gift | zodiac gift | anniversary gift | engagement gift | wedding gift couple | newlywed gift | giclee print,HAYIR,Can be personalized=Yes; Framing=Unframed; Material multi=Paper; Number of pieces included=1; Occasion=Anniversary; Orientation=Vertical,"mevcut + Art subject=Zodiac, Stars & celestial; Primary color=Gold; Room=Bedroom, Living room",Art subject+Primary color+Room EKLE,Prints > Giclee (121),"Hahnemuhle Photo Rag 308 gsm cotton paper, archival pigment ink",(bos),G-B (bkz. 1_TESHIS.md Gerekce kodlari),G-E0,G-N,K1 K2 K3 K4 + canli/canli_78.json,Nitelik ORTA-YUKSEK | Etiket degismez | Baslik degismez
4570114301,AQUARIUS_SCORPIO,EVET (kontrol grubu onerisi),KONTROL (degismez),KONTROL (satis alan),63,0,Aquarius and Scorpio Personalized Zodiac Couple Wall Art,Aquarius and Scorpio Personalized Zodiac Couple Wall Art,HAYIR,"Aquarius and Scorpio Zodiac Couple Print with Names, Personalized Wall Art",aquarius and scorpio | zodiac couple print | astrology couple art | zodiac wall art | astrology wall art | personalized couple | custom couple gift | zodiac gift | anniversary gift | engagement gift | wedding gift couple | newlywed gift | giclee print,aquarius and scorpio | zodiac couple print | astrology couple art | zodiac wall art | astrology wall art | personalized couple | custom couple gift | zodiac gift | anniversary gift | engagement gift | wedding gift couple | newlywed gift | aquarius scorpio art,giclee print -> aquarius scorpio art,Can be personalized=Yes; Framing=Unframed; Material multi=Paper; Number of pieces included=1; Occasion=Anniversary; Orientation=Vertical,"mevcut + Art subject=Zodiac, Stars & celestial; Primary color=Gold; Room=Bedroom, Living room",Art subject+Primary color+Room EKLE,Prints > Giclee (121),"Hahnemuhle Photo Rag 308 gsm cotton paper, archival pigment ink",(bos),G-B (bkz. 1_TESHIS.md Gerekce kodlari),G-E1,G-N,K1 K2 K3 K4 + canli/canli_78.json,Nitelik ORTA-YUKSEK | Etiket DUSUK-ORTA (hipotez) | Baslik degismez
4570150148,AQUARIUS_TAURUS,,UYGULA,KONTROL,9,0,Aquarius and Taurus Personalized Zodiac Couple Wall Art,Aquarius and Taurus Personalized Zodiac Couple Wall Art,HAYIR,"Aquarius and Taurus Zodiac Couple Print with Names, Personalized Wall Art",aquarius and taurus | zodiac couple print | astrology couple art | zodiac wall art | astrology wall art | personalized couple | custom couple gift | zodiac gift | anniversary gift | engagement gift | wedding gift couple | newlywed gift | giclee print,aquarius and taurus | zodiac couple print | astrology couple art | zodiac wall art | astrology wall art | personalized couple | custom couple gift | zodiac gift | anniversary gift | engagement gift | wedding gift couple | newlywed gift | aquarius taurus art,giclee print -> aquarius taurus art,Can be personalized=Yes; Framing=Unframed; Material multi=Paper; Number of pieces included=1; Occasion=Anniversary; Orientation=Vertical,"mevcut + Art subject=Zodiac, Stars & celestial; Primary color=Gold; Room=Bedroom, Living room",Art subject+Primary color+Room EKLE,Prints > Giclee (121),"Hahnemuhle Photo Rag 308 gsm cotton paper, archival pigment ink",(bos),G-B (bkz. 1_TESHIS.md Gerekce kodlari),G-E1,G-N,K1 K2 K3 K4 + canli/canli_78.json,Nitelik ORTA-YUKSEK | Etiket DUSUK-ORTA (hipotez) | Baslik degismez
4570136319,AQUARIUS_VIRGO,,UYGULA,PILOT,9,0,Aquarius and Virgo Personalized Zodiac Couple Wall Art,Aquarius and Virgo Personalized Zodiac Couple Wall Art,HAYIR,"Aquarius and Virgo Zodiac Couple Print with Names, Personalized Wall Art",aquarius and virgo | zodiac couple print | astrology couple art | zodiac wall art | astrology wall art | personalized couple | custom couple gift | zodiac gift | anniversary gift | engagement gift | wedding gift couple | newlywed gift | giclee print,aquarius and virgo | zodiac couple print | astrology couple art | zodiac wall art | astrology wall art | personalized couple | custom couple gift | zodiac gift | anniversary gift | engagement gift | wedding gift couple | newlywed gift | aquarius virgo print,giclee print -> aquarius virgo print,Can be personalized=Yes; Framing=Unframed; Material multi=Paper; Number of pieces included=1; Occasion=Anniversary; Orientation=Vertical,"mevcut + Art subject=Zodiac, Stars & celestial; Primary color=Gold; Room=Bedroom, Living room",Art subject+Primary color+Room EKLE,Prints > Giclee (121),"Hahnemuhle Photo Rag 308 gsm cotton paper, archival pigment ink",(bos),G-B (bkz. 1_TESHIS.md Gerekce kodlari),G-E1,G-N,K1 K2 K3 K4 + canli/canli_78.json,Nitelik ORTA-YUKSEK | Etiket DUSUK-ORTA (hipotez) | Baslik degismez
4570151370,ARIES_ARIES,,UYGULA,KONTROL,3,0,Aries and Aries Personalized Zodiac Couple Wall Art,Aries and Aries Personalized Zodiac Couple Wall Art,HAYIR,"Aries and Aries Zodiac Couple Print with Names, Personalized Wall Art",aries and aries | zodiac couple print | astrology couple art | zodiac wall art | astrology wall art | personalized couple | custom couple gift | zodiac gift | anniversary gift | engagement gift | wedding gift couple | newlywed gift | giclee print,aries and aries | zodiac couple print | astrology couple art | zodiac wall art | astrology wall art | personalized couple | custom couple gift | zodiac gift | anniversary gift | engagement gift | wedding gift couple | newlywed gift | aries aries print,giclee print -> aries aries print,Can be personalized=Yes; Framing=Unframed; Material multi=Paper; Number of pieces included=1; Occasion=Anniversary; Orientation=Vertical,"mevcut + Art subject=Zodiac, Stars & celestial; Primary color=Gold; Room=Bedroom, Living room",Art subject+Primary color+Room EKLE,Prints > Giclee (121),"Hahnemuhle Photo Rag 308 gsm cotton paper, archival pigment ink",(bos),G-B (bkz. 1_TESHIS.md Gerekce kodlari),G-E1,G-N,K1 K2 K3 K4 + canli/canli_78.json,Nitelik ORTA-YUKSEK | Etiket DUSUK-ORTA (hipotez) | Baslik degismez
4570151950,ARIES_CANCER,,UYGULA,PILOT,4,0,Aries and Cancer Personalized Zodiac Couple Wall Art,Aries and Cancer Personalized Zodiac Couple Wall Art,HAYIR,"Aries and Cancer Zodiac Couple Print with Names, Personalized Wall Art",aries and cancer | zodiac couple print | astrology couple art | zodiac wall art | astrology wall art | personalized couple | custom couple gift | zodiac gift | anniversary gift | engagement gift | wedding gift couple | newlywed gift | giclee print,aries and cancer | zodiac couple print | astrology couple art | zodiac wall art | astrology wall art | personalized couple | custom couple gift | zodiac gift | anniversary gift | engagement gift | wedding gift couple | newlywed gift | aries cancer print,giclee print -> aries cancer print,Can be personalized=Yes; Framing=Unframed; Material multi=Paper; Number of pieces included=1; Occasion=Anniversary; Orientation=Vertical,"mevcut + Art subject=Zodiac, Stars & celestial; Primary color=Gold; Room=Bedroom, Living room",Art subject+Primary color+Room EKLE,Prints > Giclee (121),"Hahnemuhle Photo Rag 308 gsm cotton paper, archival pigment ink",(bos),G-B (bkz. 1_TESHIS.md Gerekce kodlari),G-E1,G-N,K1 K2 K3 K4 + canli/canli_78.json,Nitelik ORTA-YUKSEK | Etiket DUSUK-ORTA (hipotez) | Baslik degismez
4570152410,ARIES_CAPRICORN,,UYGULA,KONTROL,12,0,Aries and Capricorn Personalized Zodiac Couple Wall Art,Aries and Capricorn Personalized Zodiac Couple Wall Art,HAYIR,"Aries and Capricorn Zodiac Couple Print with Names, Personalized Wall Art",aries and capricorn | zodiac couple print | astrology couple art | zodiac wall art | astrology wall art | personalized couple | custom couple gift | zodiac gift | anniversary gift | engagement gift | wedding gift couple | newlywed gift | giclee print,aries and capricorn | zodiac couple print | astrology couple art | zodiac wall art | astrology wall art | personalized couple | custom couple gift | zodiac gift | anniversary gift | engagement gift | wedding gift couple | newlywed gift | aries capricorn art,giclee print -> aries capricorn art,Can be personalized=Yes; Framing=Unframed; Material multi=Paper; Number of pieces included=1; Occasion=Anniversary; Orientation=Vertical,"mevcut + Art subject=Zodiac, Stars & celestial; Primary color=Gold; Room=Bedroom, Living room",Art subject+Primary color+Room EKLE,Prints > Giclee (121),"Hahnemuhle Photo Rag 308 gsm cotton paper, archival pigment ink",(bos),G-B (bkz. 1_TESHIS.md Gerekce kodlari),G-E1,G-N,K1 K2 K3 K4 + canli/canli_78.json,Nitelik ORTA-YUKSEK | Etiket DUSUK-ORTA (hipotez) | Baslik degismez
4570152820,ARIES_GEMINI,,UYGULA,PILOT,6,0,Aries and Gemini Personalized Zodiac Couple Wall Art,Aries and Gemini Personalized Zodiac Couple Wall Art,HAYIR,"Aries and Gemini Zodiac Couple Print with Names, Personalized Wall Art",aries and gemini | zodiac couple print | astrology couple art | zodiac wall art | astrology wall art | personalized couple | custom couple gift | zodiac gift | anniversary gift | engagement gift | wedding gift couple | newlywed gift | giclee print,aries and gemini | zodiac couple print | astrology couple art | zodiac wall art | astrology wall art | personalized couple | custom couple gift | zodiac gift | anniversary gift | engagement gift | wedding gift couple | newlywed gift | aries gemini print,giclee print -> aries gemini print,Can be personalized=Yes; Framing=Unframed; Material multi=Paper; Number of pieces included=1; Occasion=Anniversary; Orientation=Vertical,"mevcut + Art subject=Zodiac, Stars & celestial; Primary color=Gold; Room=Bedroom, Living room",Art subject+Primary color+Room EKLE,Prints > Giclee (121),"Hahnemuhle Photo Rag 308 gsm cotton paper, archival pigment ink",(bos),G-B (bkz. 1_TESHIS.md Gerekce kodlari),G-E1,G-N,K1 K2 K3 K4 + canli/canli_78.json,Nitelik ORTA-YUKSEK | Etiket DUSUK-ORTA (hipotez) | Baslik degismez
4570031205,ARIES_LEO,,UYGULA,KONTROL,53,0,Aries and Leo Personalized Zodiac Couple Wall Art,Aries and Leo Personalized Zodiac Couple Wall Art,HAYIR,"Aries and Leo Zodiac Couple Print with Names, Personalized Wall Art",aries and leo | zodiac couple print | astrology couple art | zodiac wall art | astrology wall art | personalized couple | custom couple gift | zodiac gift | anniversary gift | engagement gift | wedding gift couple | newlywed gift | giclee print,aries and leo | zodiac couple print | astrology couple art | zodiac wall art | astrology wall art | personalized couple | custom couple gift | zodiac gift | anniversary gift | engagement gift | wedding gift couple | newlywed gift | aries and leo print,giclee print -> aries and leo print,Can be personalized=Yes; Framing=Unframed; Material multi=Paper; Number of pieces included=1; Occasion=Anniversary; Orientation=Vertical,"mevcut + Art subject=Zodiac, Stars & celestial; Primary color=Gold; Room=Bedroom, Living room",Art subject+Primary color+Room EKLE,Prints > Giclee (121),"Hahnemuhle Photo Rag 308 gsm cotton paper, archival pigment ink",(bos),G-B (bkz. 1_TESHIS.md Gerekce kodlari),G-E1,G-N,K1 K2 K3 K4 + canli/canli_78.json,Nitelik ORTA-YUKSEK | Etiket DUSUK-ORTA (hipotez) | Baslik degismez
4570153208,ARIES_LIBRA,,UYGULA,PILOT,9,1,Aries and Libra Personalized Zodiac Couple Wall Art,Aries and Libra Personalized Zodiac Couple Wall Art,HAYIR,"Aries and Libra Zodiac Couple Print with Names, Personalized Wall Art",aries and libra | zodiac couple print | astrology couple art | zodiac wall art | astrology wall art | personalized couple | custom couple gift | zodiac gift | anniversary gift | engagement gift | wedding gift couple | newlywed gift | giclee print,aries and libra | zodiac couple print | astrology couple art | zodiac wall art | astrology wall art | personalized couple | custom couple gift | zodiac gift | anniversary gift | engagement gift | wedding gift couple | newlywed gift | aries libra print,giclee print -> aries libra print,Can be personalized=Yes; Framing=Unframed; Material multi=Paper; Number of pieces included=1; Occasion=Anniversary; Orientation=Vertical,"mevcut + Art subject=Zodiac, Stars & celestial; Primary color=Gold; Room=Bedroom, Living room",Art subject+Primary color+Room EKLE,Prints > Giclee (121),"Hahnemuhle Photo Rag 308 gsm cotton paper, archival pigment ink",(bos),G-B (bkz. 1_TESHIS.md Gerekce kodlari),G-E1,G-N,K1 K2 K3 K4 + canli/canli_78.json,Nitelik ORTA-YUKSEK | Etiket DUSUK-ORTA (hipotez) | Baslik degismez
4570138967,ARIES_PISCES,,UYGULA,KONTROL,21,0,Aries and Pisces Personalized Zodiac Couple Wall Art,Aries and Pisces Personalized Zodiac Couple Wall Art,HAYIR,"Aries and Pisces Zodiac Couple Print with Names, Personalized Wall Art",aries and pisces | zodiac couple print | astrology couple art | zodiac wall art | astrology wall art | personalized couple | custom couple gift | zodiac gift | anniversary gift | engagement gift | wedding gift couple | newlywed gift | giclee print,aries and pisces | zodiac couple print | astrology couple art | zodiac wall art | astrology wall art | personalized couple | custom couple gift | zodiac gift | anniversary gift | engagement gift | wedding gift couple | newlywed gift | aries pisces print,giclee print -> aries pisces print,Can be personalized=Yes; Framing=Unframed; Material multi=Paper; Number of pieces included=1; Occasion=Anniversary; Orientation=Vertical,"mevcut + Art subject=Zodiac, Stars & celestial; Primary color=Gold; Room=Bedroom, Living room",Art subject+Primary color+Room EKLE,Prints > Giclee (121),"Hahnemuhle Photo Rag 308 gsm cotton paper, archival pigment ink",(bos),G-B (bkz. 1_TESHIS.md Gerekce kodlari),G-E1,G-N,K1 K2 K3 K4 + canli/canli_78.json,Nitelik ORTA-YUKSEK | Etiket DUSUK-ORTA (hipotez) | Baslik degismez
4570154042,ARIES_SAGITTARIUS,,UYGULA,DEGISMEZ (etiket sigmiyor),3,0,Aries and Sagittarius Personalized Zodiac Couple Wall Art,Aries and Sagittarius Personalized Zodiac Couple Wall Art,HAYIR,"Aries and Sagittarius Zodiac Couple Print with Names, Personalized Wall Art",aries sagittarius | zodiac couple print | astrology couple art | zodiac wall art | astrology wall art | personalized couple | custom couple gift | zodiac gift | anniversary gift | engagement gift | wedding gift couple | newlywed gift | giclee print,aries sagittarius | zodiac couple print | astrology couple art | zodiac wall art | astrology wall art | personalized couple | custom couple gift | zodiac gift | anniversary gift | engagement gift | wedding gift couple | newlywed gift | giclee print,HAYIR,Can be personalized=Yes; Framing=Unframed; Material multi=Paper; Number of pieces included=1; Occasion=Anniversary; Orientation=Vertical,"mevcut + Art subject=Zodiac, Stars & celestial; Primary color=Gold; Room=Bedroom, Living room",Art subject+Primary color+Room EKLE,Prints > Giclee (121),"Hahnemuhle Photo Rag 308 gsm cotton paper, archival pigment ink",(bos),G-B (bkz. 1_TESHIS.md Gerekce kodlari),G-E0,G-N,K1 K2 K3 K4 + canli/canli_78.json,Nitelik ORTA-YUKSEK | Etiket degismez | Baslik degismez
4570139913,ARIES_SCORPIO,,UYGULA,PILOT,3,0,Aries and Scorpio Personalized Zodiac Couple Wall Art,Aries and Scorpio Personalized Zodiac Couple Wall Art,HAYIR,"Aries and Scorpio Zodiac Couple Print with Names, Personalized Wall Art",aries and scorpio | zodiac couple print | astrology couple art | zodiac wall art | astrology wall art | personalized couple | custom couple gift | zodiac gift | anniversary gift | engagement gift | wedding gift couple | newlywed gift | giclee print,aries and scorpio | zodiac couple print | astrology couple art | zodiac wall art | astrology wall art | personalized couple | custom couple gift | zodiac gift | anniversary gift | engagement gift | wedding gift couple | newlywed gift | aries scorpio print,giclee print -> aries scorpio print,Can be personalized=Yes; Framing=Unframed; Material multi=Paper; Number of pieces included=1; Occasion=Anniversary; Orientation=Vertical,"mevcut + Art subject=Zodiac, Stars & celestial; Primary color=Gold; Room=Bedroom, Living room",Art subject+Primary color+Room EKLE,Prints > Giclee (121),"Hahnemuhle Photo Rag 308 gsm cotton paper, archival pigment ink",(bos),G-B (bkz. 1_TESHIS.md Gerekce kodlari),G-E1,G-N,K1 K2 K3 K4 + canli/canli_78.json,Nitelik ORTA-YUKSEK | Etiket DUSUK-ORTA (hipotez) | Baslik degismez
4570140539,ARIES_TAURUS,,UYGULA,KONTROL,6,0,Aries and Taurus Personalized Zodiac Couple Wall Art,Aries and Taurus Personalized Zodiac Couple Wall Art,HAYIR,"Aries and Taurus Zodiac Couple Print with Names, Personalized Wall Art",aries and taurus | zodiac couple print | astrology couple art | zodiac wall art | astrology wall art | personalized couple | custom couple gift | zodiac gift | anniversary gift | engagement gift | wedding gift couple | newlywed gift | giclee print,aries and taurus | zodiac couple print | astrology couple art | zodiac wall art | astrology wall art | personalized couple | custom couple gift | zodiac gift | anniversary gift | engagement gift | wedding gift couple | newlywed gift | aries taurus print,giclee print -> aries taurus print,Can be personalized=Yes; Framing=Unframed; Material multi=Paper; Number of pieces included=1; Occasion=Anniversary; Orientation=Vertical,"mevcut + Art subject=Zodiac, Stars & celestial; Primary color=Gold; Room=Bedroom, Living room",Art subject+Primary color+Room EKLE,Prints > Giclee (121),"Hahnemuhle Photo Rag 308 gsm cotton paper, archival pigment ink",(bos),G-B (bkz. 1_TESHIS.md Gerekce kodlari),G-E1,G-N,K1 K2 K3 K4 + canli/canli_78.json,Nitelik ORTA-YUKSEK | Etiket DUSUK-ORTA (hipotez) | Baslik degismez
4570155846,ARIES_VIRGO,,UYGULA,PILOT,4,0,Aries and Virgo Personalized Zodiac Couple Wall Art,Aries and Virgo Personalized Zodiac Couple Wall Art,HAYIR,"Aries and Virgo Zodiac Couple Print with Names, Personalized Wall Art",aries and virgo | zodiac couple print | astrology couple art | zodiac wall art | astrology wall art | personalized couple | custom couple gift | zodiac gift | anniversary gift | engagement gift | wedding gift couple | newlywed gift | giclee print,aries and virgo | zodiac couple print | astrology couple art | zodiac wall art | astrology wall art | personalized couple | custom couple gift | zodiac gift | anniversary gift | engagement gift | wedding gift couple | newlywed gift | aries virgo print,giclee print -> aries virgo print,Can be personalized=Yes; Framing=Unframed; Material multi=Paper; Number of pieces included=1; Occasion=Anniversary; Orientation=Vertical,"mevcut + Art subject=Zodiac, Stars & celestial; Primary color=Gold; Room=Bedroom, Living room",Art subject+Primary color+Room EKLE,Prints > Giclee (121),"Hahnemuhle Photo Rag 308 gsm cotton paper, archival pigment ink",(bos),G-B (bkz. 1_TESHIS.md Gerekce kodlari),G-E1,G-N,K1 K2 K3 K4 + canli/canli_78.json,Nitelik ORTA-YUKSEK | Etiket DUSUK-ORTA (hipotez) | Baslik degismez
4570141945,CANCER_CANCER,,UYGULA,KONTROL,6,0,Cancer and Cancer Personalized Zodiac Couple Wall Art,Cancer and Cancer Personalized Zodiac Couple Wall Art,HAYIR,"Cancer and Cancer Zodiac Couple Print with Names, Personalized Wall Art",cancer and cancer | zodiac couple print | astrology couple art | zodiac wall art | astrology wall art | personalized couple | custom couple gift | zodiac gift | anniversary gift | engagement gift | wedding gift couple | newlywed gift | giclee print,cancer and cancer | zodiac couple print | astrology couple art | zodiac wall art | astrology wall art | personalized couple | custom couple gift | zodiac gift | anniversary gift | engagement gift | wedding gift couple | newlywed gift | cancer cancer print,giclee print -> cancer cancer print,Can be personalized=Yes; Framing=Unframed; Material multi=Paper; Number of pieces included=1; Occasion=Anniversary; Orientation=Vertical,"mevcut + Art subject=Zodiac, Stars & celestial; Primary color=Gold; Room=Bedroom, Living room",Art subject+Primary color+Room EKLE,Prints > Giclee (121),"Hahnemuhle Photo Rag 308 gsm cotton paper, archival pigment ink",(bos),G-B (bkz. 1_TESHIS.md Gerekce kodlari),G-E1,G-N,K1 K2 K3 K4 + canli/canli_78.json,Nitelik ORTA-YUKSEK | Etiket DUSUK-ORTA (hipotez) | Baslik degismez
4570157258,CANCER_CAPRICORN,,UYGULA,PILOT,5,0,Cancer and Capricorn Personalized Zodiac Couple Wall Art,Cancer and Capricorn Personalized Zodiac Couple Wall Art,HAYIR,"Cancer and Capricorn Zodiac Couple Print with Names, Personalized Wall Art",cancer and capricorn | zodiac couple print | astrology couple art | zodiac wall art | astrology wall art | personalized couple | custom couple gift | zodiac gift | anniversary gift | engagement gift | wedding gift couple | newlywed gift | giclee print,cancer and capricorn | zodiac couple print | astrology couple art | zodiac wall art | astrology wall art | personalized couple | custom couple gift | zodiac gift | anniversary gift | engagement gift | wedding gift couple | newlywed gift | cancer capricorn art,giclee print -> cancer capricorn art,Can be personalized=Yes; Framing=Unframed; Material multi=Paper; Number of pieces included=1; Occasion=Anniversary; Orientation=Vertical,"mevcut + Art subject=Zodiac, Stars & celestial; Primary color=Gold; Room=Bedroom, Living room",Art subject+Primary color+Room EKLE,Prints > Giclee (121),"Hahnemuhle Photo Rag 308 gsm cotton paper, archival pigment ink",(bos),G-B (bkz. 1_TESHIS.md Gerekce kodlari),G-E1,G-N,K1 K2 K3 K4 + canli/canli_78.json,Nitelik ORTA-YUKSEK | Etiket DUSUK-ORTA (hipotez) | Baslik degismez
4570157716,CANCER_GEMINI,,UYGULA,KONTROL,2,0,Cancer and Gemini Personalized Zodiac Couple Wall Art,Cancer and Gemini Personalized Zodiac Couple Wall Art,HAYIR,"Cancer and Gemini Zodiac Couple Print with Names, Personalized Wall Art",cancer and gemini | zodiac couple print | astrology couple art | zodiac wall art | astrology wall art | personalized couple | custom couple gift | zodiac gift | anniversary gift | engagement gift | wedding gift couple | newlywed gift | giclee print,cancer and gemini | zodiac couple print | astrology couple art | zodiac wall art | astrology wall art | personalized couple | custom couple gift | zodiac gift | anniversary gift | engagement gift | wedding gift couple | newlywed gift | cancer gemini print,giclee print -> cancer gemini print,Can be personalized=Yes; Framing=Unframed; Material multi=Paper; Number of pieces included=1; Occasion=Anniversary; Orientation=Vertical,"mevcut + Art subject=Zodiac, Stars & celestial; Primary color=Gold; Room=Bedroom, Living room",Art subject+Primary color+Room EKLE,Prints > Giclee (121),"Hahnemuhle Photo Rag 308 gsm cotton paper, archival pigment ink",(bos),G-B (bkz. 1_TESHIS.md Gerekce kodlari),G-E1,G-N,K1 K2 K3 K4 + canli/canli_78.json,Nitelik ORTA-YUKSEK | Etiket DUSUK-ORTA (hipotez) | Baslik degismez
4570143387,CANCER_LEO,EVET (kontrol grubu onerisi),KONTROL (degismez),KONTROL (satis alan),62,3,Cancer and Leo Personalized Zodiac Couple Wall Art,Cancer and Leo Personalized Zodiac Couple Wall Art,HAYIR,"Cancer and Leo Zodiac Couple Print with Names, Personalized Wall Art",cancer and leo | zodiac couple print | astrology couple art | zodiac wall art | astrology wall art | personalized couple | custom couple gift | zodiac gift | anniversary gift | engagement gift | wedding gift couple | newlywed gift | giclee print,cancer and leo | zodiac couple print | astrology couple art | zodiac wall art | astrology wall art | personalized couple | custom couple gift | zodiac gift | anniversary gift | engagement gift | wedding gift couple | newlywed gift | cancer and leo print,giclee print -> cancer and leo print,Can be personalized=Yes; Framing=Unframed; Material multi=Paper; Number of pieces included=1; Occasion=Anniversary; Orientation=Vertical,"mevcut + Art subject=Zodiac, Stars & celestial; Primary color=Gold; Room=Bedroom, Living room",Art subject+Primary color+Room EKLE,Prints > Giclee (121),"Hahnemuhle Photo Rag 308 gsm cotton paper, archival pigment ink",(bos),G-B (bkz. 1_TESHIS.md Gerekce kodlari),G-E1,G-N,K1 K2 K3 K4 + canli/canli_78.json,Nitelik ORTA-YUKSEK | Etiket DUSUK-ORTA (hipotez) | Baslik degismez
4570143815,CANCER_LIBRA,,UYGULA,PILOT,73,0,Cancer and Libra Personalized Zodiac Couple Wall Art,Cancer and Libra Personalized Zodiac Couple Wall Art,HAYIR,"Cancer and Libra Zodiac Couple Print with Names, Personalized Wall Art",cancer and libra | zodiac couple print | astrology couple art | zodiac wall art | astrology wall art | personalized couple | custom couple gift | zodiac gift | anniversary gift | engagement gift | wedding gift couple | newlywed gift | giclee print,cancer and libra | zodiac couple print | astrology couple art | zodiac wall art | astrology wall art | personalized couple | custom couple gift | zodiac gift | anniversary gift | engagement gift | wedding gift couple | newlywed gift | cancer libra print,giclee print -> cancer libra print,Can be personalized=Yes; Framing=Unframed; Material multi=Paper; Number of pieces included=1; Occasion=Anniversary; Orientation=Vertical,"mevcut + Art subject=Zodiac, Stars & celestial; Primary color=Gold; Room=Bedroom, Living room",Art subject+Primary color+Room EKLE,Prints > Giclee (121),"Hahnemuhle Photo Rag 308 gsm cotton paper, archival pigment ink",(bos),G-B (bkz. 1_TESHIS.md Gerekce kodlari),G-E1,G-N,K1 K2 K3 K4 + canli/canli_78.json,Nitelik ORTA-YUKSEK | Etiket DUSUK-ORTA (hipotez) | Baslik degismez
4570144239,CANCER_PISCES,,UYGULA,KONTROL,32,0,Cancer and Pisces Personalized Zodiac Couple Wall Art,Cancer and Pisces Personalized Zodiac Couple Wall Art,HAYIR,"Cancer and Pisces Zodiac Couple Print with Names, Personalized Wall Art",cancer and pisces | zodiac couple print | astrology couple art | zodiac wall art | astrology wall art | personalized couple | custom couple gift | zodiac gift | anniversary gift | engagement gift | wedding gift couple | newlywed gift | giclee print,cancer and pisces | zodiac couple print | astrology couple art | zodiac wall art | astrology wall art | personalized couple | custom couple gift | zodiac gift | anniversary gift | engagement gift | wedding gift couple | newlywed gift | cancer pisces print,giclee print -> cancer pisces print,Can be personalized=Yes; Framing=Unframed; Material multi=Paper; Number of pieces included=1; Occasion=Anniversary; Orientation=Vertical,"mevcut + Art subject=Zodiac, Stars & celestial; Primary color=Gold; Room=Bedroom, Living room",Art subject+Primary color+Room EKLE,Prints > Giclee (121),"Hahnemuhle Photo Rag 308 gsm cotton paper, archival pigment ink",(bos),G-B (bkz. 1_TESHIS.md Gerekce kodlari),G-E1,G-N,K1 K2 K3 K4 + canli/canli_78.json,Nitelik ORTA-YUKSEK | Etiket DUSUK-ORTA (hipotez) | Baslik degismez
4570144663,CANCER_SAGITTARIUS,,UYGULA,DEGISMEZ (etiket sigmiyor),12,0,Cancer and Sagittarius Personalized Zodiac Couple Wall Art,Cancer and Sagittarius Personalized Zodiac Couple Wall Art,HAYIR,"Cancer and Sagittarius Zodiac Couple Print with Names, Personalized Wall Art",cancer sagittarius | zodiac couple print | astrology couple art | zodiac wall art | astrology wall art | personalized couple | custom couple gift | zodiac gift | anniversary gift | engagement gift | wedding gift couple | newlywed gift | giclee print,cancer sagittarius | zodiac couple print | astrology couple art | zodiac wall art | astrology wall art | personalized couple | custom couple gift | zodiac gift | anniversary gift | engagement gift | wedding gift couple | newlywed gift | giclee print,HAYIR,Can be personalized=Yes; Framing=Unframed; Material multi=Paper; Number of pieces included=1; Occasion=Anniversary; Orientation=Vertical,"mevcut + Art subject=Zodiac, Stars & celestial; Primary color=Gold; Room=Bedroom, Living room",Art subject+Primary color+Room EKLE,Prints > Giclee (121),"Hahnemuhle Photo Rag 308 gsm cotton paper, archival pigment ink",(bos),G-B (bkz. 1_TESHIS.md Gerekce kodlari),G-E0,G-N,K1 K2 K3 K4 + canli/canli_78.json,Nitelik ORTA-YUKSEK | Etiket degismez | Baslik degismez
4570145103,CANCER_SCORPIO,,UYGULA,PILOT,20,1,Cancer and Scorpio Personalized Zodiac Couple Wall Art,Cancer and Scorpio Personalized Zodiac Couple Wall Art,HAYIR,"Cancer and Scorpio Zodiac Couple Print with Names, Personalized Wall Art",cancer and scorpio | zodiac couple print | astrology couple art | zodiac wall art | astrology wall art | personalized couple | custom couple gift | zodiac gift | anniversary gift | engagement gift | wedding gift couple | newlywed gift | giclee print,cancer and scorpio | zodiac couple print | astrology couple art | zodiac wall art | astrology wall art | personalized couple | custom couple gift | zodiac gift | anniversary gift | engagement gift | wedding gift couple | newlywed gift | cancer scorpio print,giclee print -> cancer scorpio print,Can be personalized=Yes; Framing=Unframed; Material multi=Paper; Number of pieces included=1; Occasion=Anniversary; Orientation=Vertical,"mevcut + Art subject=Zodiac, Stars & celestial; Primary color=Gold; Room=Bedroom, Living room",Art subject+Primary color+Room EKLE,Prints > Giclee (121),"Hahnemuhle Photo Rag 308 gsm cotton paper, archival pigment ink",(bos),G-B (bkz. 1_TESHIS.md Gerekce kodlari),G-E1,G-N,K1 K2 K3 K4 + canli/canli_78.json,Nitelik ORTA-YUKSEK | Etiket DUSUK-ORTA (hipotez) | Baslik degismez
4570160260,CANCER_TAURUS,,UYGULA,KONTROL,26,0,Cancer and Taurus Personalized Zodiac Couple Wall Art,Cancer and Taurus Personalized Zodiac Couple Wall Art,HAYIR,"Cancer and Taurus Zodiac Couple Print with Names, Personalized Wall Art",cancer and taurus | zodiac couple print | astrology couple art | zodiac wall art | astrology wall art | personalized couple | custom couple gift | zodiac gift | anniversary gift | engagement gift | wedding gift couple | newlywed gift | giclee print,cancer and taurus | zodiac couple print | astrology couple art | zodiac wall art | astrology wall art | personalized couple | custom couple gift | zodiac gift | anniversary gift | engagement gift | wedding gift couple | newlywed gift | cancer taurus print,giclee print -> cancer taurus print,Can be personalized=Yes; Framing=Unframed; Material multi=Paper; Number of pieces included=1; Occasion=Anniversary; Orientation=Vertical,"mevcut + Art subject=Zodiac, Stars & celestial; Primary color=Gold; Room=Bedroom, Living room",Art subject+Primary color+Room EKLE,Prints > Giclee (121),"Hahnemuhle Photo Rag 308 gsm cotton paper, archival pigment ink",(bos),G-B (bkz. 1_TESHIS.md Gerekce kodlari),G-E1,G-N,K1 K2 K3 K4 + canli/canli_78.json,Nitelik ORTA-YUKSEK | Etiket DUSUK-ORTA (hipotez) | Baslik degismez
4570160676,CANCER_VIRGO,,UYGULA,PILOT,12,0,Cancer and Virgo Personalized Zodiac Couple Wall Art,Cancer and Virgo Personalized Zodiac Couple Wall Art,HAYIR,"Cancer and Virgo Zodiac Couple Print with Names, Personalized Wall Art",cancer and virgo | zodiac couple print | astrology couple art | zodiac wall art | astrology wall art | personalized couple | custom couple gift | zodiac gift | anniversary gift | engagement gift | wedding gift couple | newlywed gift | giclee print,cancer and virgo | zodiac couple print | astrology couple art | zodiac wall art | astrology wall art | personalized couple | custom couple gift | zodiac gift | anniversary gift | engagement gift | wedding gift couple | newlywed gift | cancer virgo print,giclee print -> cancer virgo print,Can be personalized=Yes; Framing=Unframed; Material multi=Paper; Number of pieces included=1; Occasion=Anniversary; Orientation=Vertical,"mevcut + Art subject=Zodiac, Stars & celestial; Primary color=Gold; Room=Bedroom, Living room",Art subject+Primary color+Room EKLE,Prints > Giclee (121),"Hahnemuhle Photo Rag 308 gsm cotton paper, archival pigment ink",(bos),G-B (bkz. 1_TESHIS.md Gerekce kodlari),G-E1,G-N,K1 K2 K3 K4 + canli/canli_78.json,Nitelik ORTA-YUKSEK | Etiket DUSUK-ORTA (hipotez) | Baslik degismez
4570161266,CAPRICORN_CAPRICORN,,UYGULA,DEGISMEZ (etiket sigmiyor),3,0,Capricorn and Capricorn Personalized Zodiac Couple Wall Art,Capricorn and Capricorn Personalized Zodiac Couple Wall Art,HAYIR,"Capricorn and Capricorn Zodiac Couple Print with Names, Personalized Wall Art",capricorn capricorn | zodiac couple print | astrology couple art | zodiac wall art | astrology wall art | personalized couple | custom couple gift | zodiac gift | anniversary gift | engagement gift | wedding gift couple | newlywed gift | giclee print,capricorn capricorn | zodiac couple print | astrology couple art | zodiac wall art | astrology wall art | personalized couple | custom couple gift | zodiac gift | anniversary gift | engagement gift | wedding gift couple | newlywed gift | giclee print,HAYIR,Can be personalized=Yes; Framing=Unframed; Material multi=Paper; Number of pieces included=1; Occasion=Anniversary; Orientation=Vertical,"mevcut + Art subject=Zodiac, Stars & celestial; Primary color=Gold; Room=Bedroom, Living room",Art subject+Primary color+Room EKLE,Prints > Giclee (121),"Hahnemuhle Photo Rag 308 gsm cotton paper, archival pigment ink",(bos),G-B (bkz. 1_TESHIS.md Gerekce kodlari),G-E0,G-N,K1 K2 K3 K4 + canli/canli_78.json,Nitelik ORTA-YUKSEK | Etiket degismez | Baslik degismez
4570147149,CAPRICORN_GEMINI,,UYGULA,KONTROL,4,0,Capricorn and Gemini Personalized Zodiac Couple Wall Art,Capricorn and Gemini Personalized Zodiac Couple Wall Art,HAYIR,"Capricorn and Gemini Zodiac Couple Print with Names, Personalized Wall Art",capricorn and gemini | zodiac couple print | astrology couple art | zodiac wall art | astrology wall art | personalized couple | custom couple gift | zodiac gift | anniversary gift | engagement gift | wedding gift couple | newlywed gift | giclee print,capricorn and gemini | zodiac couple print | astrology couple art | zodiac wall art | astrology wall art | personalized couple | custom couple gift | zodiac gift | anniversary gift | engagement gift | wedding gift couple | newlywed gift | capricorn gemini art,giclee print -> capricorn gemini art,Can be personalized=Yes; Framing=Unframed; Material multi=Paper; Number of pieces included=1; Occasion=Anniversary; Orientation=Vertical,"mevcut + Art subject=Zodiac, Stars & celestial; Primary color=Gold; Room=Bedroom, Living room",Art subject+Primary color+Room EKLE,Prints > Giclee (121),"Hahnemuhle Photo Rag 308 gsm cotton paper, archival pigment ink",(bos),G-B (bkz. 1_TESHIS.md Gerekce kodlari),G-E1,G-N,K1 K2 K3 K4 + canli/canli_78.json,Nitelik ORTA-YUKSEK | Etiket DUSUK-ORTA (hipotez) | Baslik degismez
4570162562,CAPRICORN_LEO,,UYGULA,PILOT,18,1,Capricorn and Leo Personalized Zodiac Couple Wall Art,Capricorn and Leo Personalized Zodiac Couple Wall Art,HAYIR,"Capricorn and Leo Zodiac Couple Print with Names, Personalized Wall Art",capricorn and leo | zodiac couple print | astrology couple art | zodiac wall art | astrology wall art | personalized couple | custom couple gift | zodiac gift | anniversary gift | engagement gift | wedding gift couple | newlywed gift | giclee print,capricorn and leo | zodiac couple print | astrology couple art | zodiac wall art | astrology wall art | personalized couple | custom couple gift | zodiac gift | anniversary gift | engagement gift | wedding gift couple | newlywed gift | capricorn leo print,giclee print -> capricorn leo print,Can be personalized=Yes; Framing=Unframed; Material multi=Paper; Number of pieces included=1; Occasion=Anniversary; Orientation=Vertical,"mevcut + Art subject=Zodiac, Stars & celestial; Primary color=Gold; Room=Bedroom, Living room",Art subject+Primary color+Room EKLE,Prints > Giclee (121),"Hahnemuhle Photo Rag 308 gsm cotton paper, archival pigment ink",(bos),G-B (bkz. 1_TESHIS.md Gerekce kodlari),G-E1,G-N,K1 K2 K3 K4 + canli/canli_78.json,Nitelik ORTA-YUKSEK | Etiket DUSUK-ORTA (hipotez) | Baslik degismez
4570163164,CAPRICORN_LIBRA,,UYGULA,KONTROL,9,0,Capricorn and Libra Personalized Zodiac Couple Wall Art,Capricorn and Libra Personalized Zodiac Couple Wall Art,HAYIR,"Capricorn and Libra Zodiac Couple Print with Names, Personalized Wall Art",capricorn and libra | zodiac couple print | astrology couple art | zodiac wall art | astrology wall art | personalized couple | custom couple gift | zodiac gift | anniversary gift | engagement gift | wedding gift couple | newlywed gift | giclee print,capricorn and libra | zodiac couple print | astrology couple art | zodiac wall art | astrology wall art | personalized couple | custom couple gift | zodiac gift | anniversary gift | engagement gift | wedding gift couple | newlywed gift | capricorn libra art,giclee print -> capricorn libra art,Can be personalized=Yes; Framing=Unframed; Material multi=Paper; Number of pieces included=1; Occasion=Anniversary; Orientation=Vertical,"mevcut + Art subject=Zodiac, Stars & celestial; Primary color=Gold; Room=Bedroom, Living room",Art subject+Primary color+Room EKLE,Prints > Giclee (121),"Hahnemuhle Photo Rag 308 gsm cotton paper, archival pigment ink",(bos),G-B (bkz. 1_TESHIS.md Gerekce kodlari),G-E1,G-N,K1 K2 K3 K4 + canli/canli_78.json,Nitelik ORTA-YUKSEK | Etiket DUSUK-ORTA (hipotez) | Baslik degismez
4570148769,CAPRICORN_PISCES,,UYGULA,PILOT,3,0,Capricorn and Pisces Personalized Zodiac Couple Wall Art,Capricorn and Pisces Personalized Zodiac Couple Wall Art,HAYIR,"Capricorn and Pisces Zodiac Couple Print with Names, Personalized Wall Art",capricorn and pisces | zodiac couple print | astrology couple art | zodiac wall art | astrology wall art | personalized couple | custom couple gift | zodiac gift | anniversary gift | engagement gift | wedding gift couple | newlywed gift | giclee print,capricorn and pisces | zodiac couple print | astrology couple art | zodiac wall art | astrology wall art | personalized couple | custom couple gift | zodiac gift | anniversary gift | engagement gift | wedding gift couple | newlywed gift | capricorn pisces art,giclee print -> capricorn pisces art,Can be personalized=Yes; Framing=Unframed; Material multi=Paper; Number of pieces included=1; Occasion=Anniversary; Orientation=Vertical,"mevcut + Art subject=Zodiac, Stars & celestial; Primary color=Gold; Room=Bedroom, Living room",Art subject+Primary color+Room EKLE,Prints > Giclee (121),"Hahnemuhle Photo Rag 308 gsm cotton paper, archival pigment ink",(bos),G-B (bkz. 1_TESHIS.md Gerekce kodlari),G-E1,G-N,K1 K2 K3 K4 + canli/canli_78.json,Nitelik ORTA-YUKSEK | Etiket DUSUK-ORTA (hipotez) | Baslik degismez
4570163968,CAPRICORN_SAGITTARIUS,,UYGULA,DEGISMEZ (etiket sigmiyor),2,0,Capricorn and Sagittarius Personalized Zodiac Couple Wall Art,Capricorn and Sagittarius Personalized Zodiac Couple Wall Art,HAYIR,"Capricorn and Sagittarius Zodiac Couple Print with Names, Personalized Wall Art",astrology lover gift | zodiac couple print | astrology couple art | zodiac wall art | astrology wall art | personalized couple | custom couple gift | zodiac gift | anniversary gift | engagement gift | wedding gift couple | newlywed gift | giclee print,astrology lover gift | zodiac couple print | astrology couple art | zodiac wall art | astrology wall art | personalized couple | custom couple gift | zodiac gift | anniversary gift | engagement gift | wedding gift couple | newlywed gift | giclee print,HAYIR,Can be personalized=Yes; Framing=Unframed; Material multi=Paper; Number of pieces included=1; Occasion=Anniversary; Orientation=Vertical,"mevcut + Art subject=Zodiac, Stars & celestial; Primary color=Gold; Room=Bedroom, Living room",Art subject+Primary color+Room EKLE,Prints > Giclee (121),"Hahnemuhle Photo Rag 308 gsm cotton paper, archival pigment ink",(bos),G-B (bkz. 1_TESHIS.md Gerekce kodlari),G-E0,G-N,K1 K2 K3 K4 + canli/canli_78.json,Nitelik ORTA-YUKSEK | Etiket degismez | Baslik degismez
4570149603,CAPRICORN_SCORPIO,,UYGULA,DEGISMEZ (etiket sigmiyor),7,0,Capricorn and Scorpio Personalized Zodiac Couple Wall Art,Capricorn and Scorpio Personalized Zodiac Couple Wall Art,HAYIR,"Capricorn and Scorpio Zodiac Couple Print with Names, Personalized Wall Art",capricorn scorpio | zodiac couple print | astrology couple art | zodiac wall art | astrology wall art | personalized couple | custom couple gift | zodiac gift | anniversary gift | engagement gift | wedding gift couple | newlywed gift | giclee print,capricorn scorpio | zodiac couple print | astrology couple art | zodiac wall art | astrology wall art | personalized couple | custom couple gift | zodiac gift | anniversary gift | engagement gift | wedding gift couple | newlywed gift | giclee print,HAYIR,Can be personalized=Yes; Framing=Unframed; Material multi=Paper; Number of pieces included=1; Occasion=Anniversary; Orientation=Vertical,"mevcut + Art subject=Zodiac, Stars & celestial; Primary color=Gold; Room=Bedroom, Living room",Art subject+Primary color+Room EKLE,Prints > Giclee (121),"Hahnemuhle Photo Rag 308 gsm cotton paper, archival pigment ink",(bos),G-B (bkz. 1_TESHIS.md Gerekce kodlari),G-E0,G-N,K1 K2 K3 K4 + canli/canli_78.json,Nitelik ORTA-YUKSEK | Etiket degismez | Baslik degismez
4570164962,CAPRICORN_TAURUS,,UYGULA,KONTROL,6,0,Capricorn and Taurus Personalized Zodiac Couple Wall Art,Capricorn and Taurus Personalized Zodiac Couple Wall Art,HAYIR,"Capricorn and Taurus Zodiac Couple Print with Names, Personalized Wall Art",capricorn and taurus | zodiac couple print | astrology couple art | zodiac wall art | astrology wall art | personalized couple | custom couple gift | zodiac gift | anniversary gift | engagement gift | wedding gift couple | newlywed gift | giclee print,capricorn and taurus | zodiac couple print | astrology couple art | zodiac wall art | astrology wall art | personalized couple | custom couple gift | zodiac gift | anniversary gift | engagement gift | wedding gift couple | newlywed gift | capricorn taurus art,giclee print -> capricorn taurus art,Can be personalized=Yes; Framing=Unframed; Material multi=Paper; Number of pieces included=1; Occasion=Anniversary; Orientation=Vertical,"mevcut + Art subject=Zodiac, Stars & celestial; Primary color=Gold; Room=Bedroom, Living room",Art subject+Primary color+Room EKLE,Prints > Giclee (121),"Hahnemuhle Photo Rag 308 gsm cotton paper, archival pigment ink",(bos),G-B (bkz. 1_TESHIS.md Gerekce kodlari),G-E1,G-N,K1 K2 K3 K4 + canli/canli_78.json,Nitelik ORTA-YUKSEK | Etiket DUSUK-ORTA (hipotez) | Baslik degismez
4570165628,CAPRICORN_VIRGO,,UYGULA,PILOT,7,0,Capricorn and Virgo Personalized Zodiac Couple Wall Art,Capricorn and Virgo Personalized Zodiac Couple Wall Art,HAYIR,"Capricorn and Virgo Zodiac Couple Print with Names, Personalized Wall Art",capricorn and virgo | zodiac couple print | astrology couple art | zodiac wall art | astrology wall art | personalized couple | custom couple gift | zodiac gift | anniversary gift | engagement gift | wedding gift couple | newlywed gift | giclee print,capricorn and virgo | zodiac couple print | astrology couple art | zodiac wall art | astrology wall art | personalized couple | custom couple gift | zodiac gift | anniversary gift | engagement gift | wedding gift couple | newlywed gift | capricorn virgo art,giclee print -> capricorn virgo art,Can be personalized=Yes; Framing=Unframed; Material multi=Paper; Number of pieces included=1; Occasion=Anniversary; Orientation=Vertical,"mevcut + Art subject=Zodiac, Stars & celestial; Primary color=Gold; Room=Bedroom, Living room",Art subject+Primary color+Room EKLE,Prints > Giclee (121),"Hahnemuhle Photo Rag 308 gsm cotton paper, archival pigment ink",(bos),G-B (bkz. 1_TESHIS.md Gerekce kodlari),G-E1,G-N,K1 K2 K3 K4 + canli/canli_78.json,Nitelik ORTA-YUKSEK | Etiket DUSUK-ORTA (hipotez) | Baslik degismez
4570166282,GEMINI_GEMINI,,UYGULA,KONTROL,36,0,Gemini and Gemini Personalized Zodiac Couple Wall Art,Gemini and Gemini Personalized Zodiac Couple Wall Art,HAYIR,"Gemini and Gemini Zodiac Couple Print with Names, Personalized Wall Art",gemini and gemini | zodiac couple print | astrology couple art | zodiac wall art | astrology wall art | personalized couple | custom couple gift | zodiac gift | anniversary gift | engagement gift | wedding gift couple | newlywed gift | giclee print,gemini and gemini | zodiac couple print | astrology couple art | zodiac wall art | astrology wall art | personalized couple | custom couple gift | zodiac gift | anniversary gift | engagement gift | wedding gift couple | newlywed gift | gemini gemini print,giclee print -> gemini gemini print,Can be personalized=Yes; Framing=Unframed; Material multi=Paper; Number of pieces included=1; Occasion=Anniversary; Orientation=Vertical,"mevcut + Art subject=Zodiac, Stars & celestial; Primary color=Gold; Room=Bedroom, Living room",Art subject+Primary color+Room EKLE,Prints > Giclee (121),"Hahnemuhle Photo Rag 308 gsm cotton paper, archival pigment ink",(bos),G-B (bkz. 1_TESHIS.md Gerekce kodlari),G-E1,G-N,K1 K2 K3 K4 + canli/canli_78.json,Nitelik ORTA-YUKSEK | Etiket DUSUK-ORTA (hipotez) | Baslik degismez
4570152121,GEMINI_LEO,,UYGULA,PILOT,11,0,Gemini and Leo Personalized Zodiac Couple Wall Art,Gemini and Leo Personalized Zodiac Couple Wall Art,HAYIR,"Gemini and Leo Zodiac Couple Print with Names, Personalized Wall Art",gemini and leo | zodiac couple print | astrology couple art | zodiac wall art | astrology wall art | personalized couple | custom couple gift | zodiac gift | anniversary gift | engagement gift | wedding gift couple | newlywed gift | giclee print,gemini and leo | zodiac couple print | astrology couple art | zodiac wall art | astrology wall art | personalized couple | custom couple gift | zodiac gift | anniversary gift | engagement gift | wedding gift couple | newlywed gift | gemini and leo print,giclee print -> gemini and leo print,Can be personalized=Yes; Framing=Unframed; Material multi=Paper; Number of pieces included=1; Occasion=Anniversary; Orientation=Vertical,"mevcut + Art subject=Zodiac, Stars & celestial; Primary color=Gold; Room=Bedroom, Living room",Art subject+Primary color+Room EKLE,Prints > Giclee (121),"Hahnemuhle Photo Rag 308 gsm cotton paper, archival pigment ink",(bos),G-B (bkz. 1_TESHIS.md Gerekce kodlari),G-E1,G-N,K1 K2 K3 K4 + canli/canli_78.json,Nitelik ORTA-YUKSEK | Etiket DUSUK-ORTA (hipotez) | Baslik degismez
4570152561,GEMINI_LIBRA,,UYGULA,KONTROL,9,0,Gemini and Libra Personalized Zodiac Couple Wall Art,Gemini and Libra Personalized Zodiac Couple Wall Art,HAYIR,"Gemini and Libra Zodiac Couple Print with Names, Personalized Wall Art",gemini and libra | zodiac couple print | astrology couple art | zodiac wall art | astrology wall art | personalized couple | custom couple gift | zodiac gift | anniversary gift | engagement gift | wedding gift couple | newlywed gift | giclee print,gemini and libra | zodiac couple print | astrology couple art | zodiac wall art | astrology wall art | personalized couple | custom couple gift | zodiac gift | anniversary gift | engagement gift | wedding gift couple | newlywed gift | gemini libra print,giclee print -> gemini libra print,Can be personalized=Yes; Framing=Unframed; Material multi=Paper; Number of pieces included=1; Occasion=Anniversary; Orientation=Vertical,"mevcut + Art subject=Zodiac, Stars & celestial; Primary color=Gold; Room=Bedroom, Living room",Art subject+Primary color+Room EKLE,Prints > Giclee (121),"Hahnemuhle Photo Rag 308 gsm cotton paper, archival pigment ink",(bos),G-B (bkz. 1_TESHIS.md Gerekce kodlari),G-E1,G-N,K1 K2 K3 K4 + canli/canli_78.json,Nitelik ORTA-YUKSEK | Etiket DUSUK-ORTA (hipotez) | Baslik degismez
4570153015,GEMINI_PISCES,,UYGULA,PILOT,9,1,Gemini and Pisces Personalized Zodiac Couple Wall Art,Gemini and Pisces Personalized Zodiac Couple Wall Art,HAYIR,"Gemini and Pisces Zodiac Couple Print with Names, Personalized Wall Art",gemini and pisces | zodiac couple print | astrology couple art | zodiac wall art | astrology wall art | personalized couple | custom couple gift | zodiac gift | anniversary gift | engagement gift | wedding gift couple | newlywed gift | giclee print,gemini and pisces | zodiac couple print | astrology couple art | zodiac wall art | astrology wall art | personalized couple | custom couple gift | zodiac gift | anniversary gift | engagement gift | wedding gift couple | newlywed gift | gemini pisces print,giclee print -> gemini pisces print,Can be personalized=Yes; Framing=Unframed; Material multi=Paper; Number of pieces included=1; Occasion=Anniversary; Orientation=Vertical,"mevcut + Art subject=Zodiac, Stars & celestial; Primary color=Gold; Room=Bedroom, Living room",Art subject+Primary color+Room EKLE,Prints > Giclee (121),"Hahnemuhle Photo Rag 308 gsm cotton paper, archival pigment ink",(bos),G-B (bkz. 1_TESHIS.md Gerekce kodlari),G-E1,G-N,K1 K2 K3 K4 + canli/canli_78.json,Nitelik ORTA-YUKSEK | Etiket DUSUK-ORTA (hipotez) | Baslik degismez
4570153495,GEMINI_SAGITTARIUS,,UYGULA,DEGISMEZ (etiket sigmiyor),2,0,Gemini and Sagittarius Personalized Zodiac Couple Wall Art,Gemini and Sagittarius Personalized Zodiac Couple Wall Art,HAYIR,"Gemini and Sagittarius Zodiac Couple Print with Names, Personalized Wall Art",gemini sagittarius | zodiac couple print | astrology couple art | zodiac wall art | astrology wall art | personalized couple | custom couple gift | zodiac gift | anniversary gift | engagement gift | wedding gift couple | newlywed gift | giclee print,gemini sagittarius | zodiac couple print | astrology couple art | zodiac wall art | astrology wall art | personalized couple | custom couple gift | zodiac gift | anniversary gift | engagement gift | wedding gift couple | newlywed gift | giclee print,HAYIR,Can be personalized=Yes; Framing=Unframed; Material multi=Paper; Number of pieces included=1; Occasion=Anniversary; Orientation=Vertical,"mevcut + Art subject=Zodiac, Stars & celestial; Primary color=Gold; Room=Bedroom, Living room",Art subject+Primary color+Room EKLE,Prints > Giclee (121),"Hahnemuhle Photo Rag 308 gsm cotton paper, archival pigment ink",(bos),G-B (bkz. 1_TESHIS.md Gerekce kodlari),G-E0,G-N,K1 K2 K3 K4 + canli/canli_78.json,Nitelik ORTA-YUKSEK | Etiket degismez | Baslik degismez
4570154049,GEMINI_SCORPIO,,UYGULA,KONTROL,4,0,Gemini and Scorpio Personalized Zodiac Couple Wall Art,Gemini and Scorpio Personalized Zodiac Couple Wall Art,HAYIR,"Gemini and Scorpio Zodiac Couple Print with Names, Personalized Wall Art",gemini and scorpio | zodiac couple print | astrology couple art | zodiac wall art | astrology wall art | personalized couple | custom couple gift | zodiac gift | anniversary gift | engagement gift | wedding gift couple | newlywed gift | giclee print,gemini and scorpio | zodiac couple print | astrology couple art | zodiac wall art | astrology wall art | personalized couple | custom couple gift | zodiac gift | anniversary gift | engagement gift | wedding gift couple | newlywed gift | gemini scorpio print,giclee print -> gemini scorpio print,Can be personalized=Yes; Framing=Unframed; Material multi=Paper; Number of pieces included=1; Occasion=Anniversary; Orientation=Vertical,"mevcut + Art subject=Zodiac, Stars & celestial; Primary color=Gold; Room=Bedroom, Living room",Art subject+Primary color+Room EKLE,Prints > Giclee (121),"Hahnemuhle Photo Rag 308 gsm cotton paper, archival pigment ink",(bos),G-B (bkz. 1_TESHIS.md Gerekce kodlari),G-E1,G-N,K1 K2 K3 K4 + canli/canli_78.json,Nitelik ORTA-YUKSEK | Etiket DUSUK-ORTA (hipotez) | Baslik degismez
4570169354,GEMINI_TAURUS,,UYGULA,PILOT,3,0,Gemini and Taurus Personalized Zodiac Couple Wall Art,Gemini and Taurus Personalized Zodiac Couple Wall Art,HAYIR,"Gemini and Taurus Zodiac Couple Print with Names, Personalized Wall Art",gemini and taurus | zodiac couple print | astrology couple art | zodiac wall art | astrology wall art | personalized couple | custom couple gift | zodiac gift | anniversary gift | engagement gift | wedding gift couple | newlywed gift | giclee print,gemini and taurus | zodiac couple print | astrology couple art | zodiac wall art | astrology wall art | personalized couple | custom couple gift | zodiac gift | anniversary gift | engagement gift | wedding gift couple | newlywed gift | gemini taurus print,giclee print -> gemini taurus print,Can be personalized=Yes; Framing=Unframed; Material multi=Paper; Number of pieces included=1; Occasion=Anniversary; Orientation=Vertical,"mevcut + Art subject=Zodiac, Stars & celestial; Primary color=Gold; Room=Bedroom, Living room",Art subject+Primary color+Room EKLE,Prints > Giclee (121),"Hahnemuhle Photo Rag 308 gsm cotton paper, archival pigment ink",(bos),G-B (bkz. 1_TESHIS.md Gerekce kodlari),G-E1,G-N,K1 K2 K3 K4 + canli/canli_78.json,Nitelik ORTA-YUKSEK | Etiket DUSUK-ORTA (hipotez) | Baslik degismez
4570155327,GEMINI_VIRGO,,UYGULA,KONTROL,3,0,Gemini and Virgo Personalized Zodiac Couple Wall Art,Gemini and Virgo Personalized Zodiac Couple Wall Art,HAYIR,"Gemini and Virgo Zodiac Couple Print with Names, Personalized Wall Art",gemini and virgo | zodiac couple print | astrology couple art | zodiac wall art | astrology wall art | personalized couple | custom couple gift | zodiac gift | anniversary gift | engagement gift | wedding gift couple | newlywed gift | giclee print,gemini and virgo | zodiac couple print | astrology couple art | zodiac wall art | astrology wall art | personalized couple | custom couple gift | zodiac gift | anniversary gift | engagement gift | wedding gift couple | newlywed gift | gemini virgo print,giclee print -> gemini virgo print,Can be personalized=Yes; Framing=Unframed; Material multi=Paper; Number of pieces included=1; Occasion=Anniversary; Orientation=Vertical,"mevcut + Art subject=Zodiac, Stars & celestial; Primary color=Gold; Room=Bedroom, Living room",Art subject+Primary color+Room EKLE,Prints > Giclee (121),"Hahnemuhle Photo Rag 308 gsm cotton paper, archival pigment ink",(bos),G-B (bkz. 1_TESHIS.md Gerekce kodlari),G-E1,G-N,K1 K2 K3 K4 + canli/canli_78.json,Nitelik ORTA-YUKSEK | Etiket DUSUK-ORTA (hipotez) | Baslik degismez
4570155945,LEO_LEO,,UYGULA,PILOT,4,0,Leo and Leo Personalized Zodiac Couple Wall Art,Leo and Leo Personalized Zodiac Couple Wall Art,HAYIR,"Leo and Leo Zodiac Couple Print with Names, Personalized Wall Art",leo and leo | zodiac couple print | astrology couple art | zodiac wall art | astrology wall art | personalized couple | custom couple gift | zodiac gift | anniversary gift | engagement gift | wedding gift couple | newlywed gift | giclee print,leo and leo | zodiac couple print | astrology couple art | zodiac wall art | astrology wall art | personalized couple | custom couple gift | zodiac gift | anniversary gift | engagement gift | wedding gift couple | newlywed gift | leo and leo print,giclee print -> leo and leo print,Can be personalized=Yes; Framing=Unframed; Material multi=Paper; Number of pieces included=1; Occasion=Anniversary; Orientation=Vertical,"mevcut + Art subject=Zodiac, Stars & celestial; Primary color=Gold; Room=Bedroom, Living room",Art subject+Primary color+Room EKLE,Prints > Giclee (121),"Hahnemuhle Photo Rag 308 gsm cotton paper, archival pigment ink",(bos),G-B (bkz. 1_TESHIS.md Gerekce kodlari),G-E1,G-N,K1 K2 K3 K4 + canli/canli_78.json,Nitelik ORTA-YUKSEK | Etiket DUSUK-ORTA (hipotez) | Baslik degismez
4570198669,LEO_LIBRA,,UYGULA,KONTROL,14,0,Leo and Libra Personalized Zodiac Couple Wall Art,Leo and Libra Personalized Zodiac Couple Wall Art,HAYIR,"Leo and Libra Zodiac Couple Print with Names, Personalized Wall Art",leo and libra | zodiac couple print | astrology couple art | zodiac wall art | astrology wall art | personalized couple | custom couple gift | zodiac gift | anniversary gift | engagement gift | wedding gift couple | newlywed gift | giclee print,leo and libra | zodiac couple print | astrology couple art | zodiac wall art | astrology wall art | personalized couple | custom couple gift | zodiac gift | anniversary gift | engagement gift | wedding gift couple | newlywed gift | leo and libra print,giclee print -> leo and libra print,Can be personalized=Yes; Framing=Unframed; Material multi=Paper; Number of pieces included=1; Occasion=Anniversary; Orientation=Vertical,"mevcut + Art subject=Zodiac, Stars & celestial; Primary color=Gold; Room=Bedroom, Living room",Art subject+Primary color+Room EKLE,Prints > Giclee (121),"Hahnemuhle Photo Rag 308 gsm cotton paper, archival pigment ink",(bos),G-B (bkz. 1_TESHIS.md Gerekce kodlari),G-E1,G-N,K1 K2 K3 K4 + canli/canli_78.json,Nitelik ORTA-YUKSEK | Etiket DUSUK-ORTA (hipotez) | Baslik degismez
4570199091,LEO_PISCES,,UYGULA,PILOT,16,2,Leo and Pisces Personalized Zodiac Couple Wall Art,Leo and Pisces Personalized Zodiac Couple Wall Art,HAYIR,"Leo and Pisces Zodiac Couple Print with Names, Personalized Wall Art",leo and pisces | zodiac couple print | astrology couple art | zodiac wall art | astrology wall art | personalized couple | custom couple gift | zodiac gift | anniversary gift | engagement gift | wedding gift couple | newlywed gift | giclee print,leo and pisces | zodiac couple print | astrology couple art | zodiac wall art | astrology wall art | personalized couple | custom couple gift | zodiac gift | anniversary gift | engagement gift | wedding gift couple | newlywed gift | leo and pisces print,giclee print -> leo and pisces print,Can be personalized=Yes; Framing=Unframed; Material multi=Paper; Number of pieces included=1; Occasion=Anniversary; Orientation=Vertical,"mevcut + Art subject=Zodiac, Stars & celestial; Primary color=Gold; Room=Bedroom, Living room",Art subject+Primary color+Room EKLE,Prints > Giclee (121),"Hahnemuhle Photo Rag 308 gsm cotton paper, archival pigment ink",(bos),G-B (bkz. 1_TESHIS.md Gerekce kodlari),G-E1,G-N,K1 K2 K3 K4 + canli/canli_78.json,Nitelik ORTA-YUKSEK | Etiket DUSUK-ORTA (hipotez) | Baslik degismez
4570199509,LEO_SAGITTARIUS,,UYGULA,KONTROL,15,0,Leo and Sagittarius Personalized Zodiac Couple Wall Art,Leo and Sagittarius Personalized Zodiac Couple Wall Art,HAYIR,"Leo and Sagittarius Zodiac Couple Print with Names, Personalized Wall Art",leo and sagittarius | zodiac couple print | astrology couple art | zodiac wall art | astrology wall art | personalized couple | custom couple gift | zodiac gift | anniversary gift | engagement gift | wedding gift couple | newlywed gift | giclee print,leo and sagittarius | zodiac couple print | astrology couple art | zodiac wall art | astrology wall art | personalized couple | custom couple gift | zodiac gift | anniversary gift | engagement gift | wedding gift couple | newlywed gift | leo sagittarius art,giclee print -> leo sagittarius art,Can be personalized=Yes; Framing=Unframed; Material multi=Paper; Number of pieces included=1; Occasion=Anniversary; Orientation=Vertical,"mevcut + Art subject=Zodiac, Stars & celestial; Primary color=Gold; Room=Bedroom, Living room",Art subject+Primary color+Room EKLE,Prints > Giclee (121),"Hahnemuhle Photo Rag 308 gsm cotton paper, archival pigment ink",(bos),G-B (bkz. 1_TESHIS.md Gerekce kodlari),G-E1,G-N,K1 K2 K3 K4 + canli/canli_78.json,Nitelik ORTA-YUKSEK | Etiket DUSUK-ORTA (hipotez) | Baslik degismez
4570214304,LEO_SCORPIO,,UYGULA,PILOT,37,2,Leo and Scorpio Personalized Zodiac Couple Wall Art,Leo and Scorpio Personalized Zodiac Couple Wall Art,HAYIR,"Leo and Scorpio Zodiac Couple Print with Names, Personalized Wall Art",leo and scorpio | zodiac couple print | astrology couple art | zodiac wall art | astrology wall art | personalized couple | custom couple gift | zodiac gift | anniversary gift | engagement gift | wedding gift couple | newlywed gift | giclee print,leo and scorpio | zodiac couple print | astrology couple art | zodiac wall art | astrology wall art | personalized couple | custom couple gift | zodiac gift | anniversary gift | engagement gift | wedding gift couple | newlywed gift | leo scorpio print,giclee print -> leo scorpio print,Can be personalized=Yes; Framing=Unframed; Material multi=Paper; Number of pieces included=1; Occasion=Anniversary; Orientation=Vertical,"mevcut + Art subject=Zodiac, Stars & celestial; Primary color=Gold; Room=Bedroom, Living room",Art subject+Primary color+Room EKLE,Prints > Giclee (121),"Hahnemuhle Photo Rag 308 gsm cotton paper, archival pigment ink",(bos),G-B (bkz. 1_TESHIS.md Gerekce kodlari),G-E1,G-N,K1 K2 K3 K4 + canli/canli_78.json,Nitelik ORTA-YUKSEK | Etiket DUSUK-ORTA (hipotez) | Baslik degismez
4570214784,LEO_TAURUS,,UYGULA,KONTROL,10,0,Leo and Taurus Personalized Zodiac Couple Wall Art,Leo and Taurus Personalized Zodiac Couple Wall Art,HAYIR,"Leo and Taurus Zodiac Couple Print with Names, Personalized Wall Art",leo and taurus | zodiac couple print | astrology couple art | zodiac wall art | astrology wall art | personalized couple | custom couple gift | zodiac gift | anniversary gift | engagement gift | wedding gift couple | newlywed gift | giclee print,leo and taurus | zodiac couple print | astrology couple art | zodiac wall art | astrology wall art | personalized couple | custom couple gift | zodiac gift | anniversary gift | engagement gift | wedding gift couple | newlywed gift | leo and taurus print,giclee print -> leo and taurus print,Can be personalized=Yes; Framing=Unframed; Material multi=Paper; Number of pieces included=1; Occasion=Anniversary; Orientation=Vertical,"mevcut + Art subject=Zodiac, Stars & celestial; Primary color=Gold; Room=Bedroom, Living room",Art subject+Primary color+Room EKLE,Prints > Giclee (121),"Hahnemuhle Photo Rag 308 gsm cotton paper, archival pigment ink",(bos),G-B (bkz. 1_TESHIS.md Gerekce kodlari),G-E1,G-N,K1 K2 K3 K4 + canli/canli_78.json,Nitelik ORTA-YUKSEK | Etiket DUSUK-ORTA (hipotez) | Baslik degismez
4570200893,LEO_VIRGO,,UYGULA,PILOT,16,0,Leo and Virgo Personalized Zodiac Couple Wall Art,Leo and Virgo Personalized Zodiac Couple Wall Art,HAYIR,"Leo and Virgo Zodiac Couple Print with Names, Personalized Wall Art",leo and virgo | zodiac couple print | astrology couple art | zodiac wall art | astrology wall art | personalized couple | custom couple gift | zodiac gift | anniversary gift | engagement gift | wedding gift couple | newlywed gift | giclee print,leo and virgo | zodiac couple print | astrology couple art | zodiac wall art | astrology wall art | personalized couple | custom couple gift | zodiac gift | anniversary gift | engagement gift | wedding gift couple | newlywed gift | leo and virgo print,giclee print -> leo and virgo print,Can be personalized=Yes; Framing=Unframed; Material multi=Paper; Number of pieces included=1; Occasion=Anniversary; Orientation=Vertical,"mevcut + Art subject=Zodiac, Stars & celestial; Primary color=Gold; Room=Bedroom, Living room",Art subject+Primary color+Room EKLE,Prints > Giclee (121),"Hahnemuhle Photo Rag 308 gsm cotton paper, archival pigment ink",(bos),G-B (bkz. 1_TESHIS.md Gerekce kodlari),G-E1,G-N,K1 K2 K3 K4 + canli/canli_78.json,Nitelik ORTA-YUKSEK | Etiket DUSUK-ORTA (hipotez) | Baslik degismez
4570201313,LIBRA_LIBRA,,UYGULA,KONTROL,6,0,Libra and Libra Personalized Zodiac Couple Wall Art,Libra and Libra Personalized Zodiac Couple Wall Art,HAYIR,"Libra and Libra Zodiac Couple Print with Names, Personalized Wall Art",libra and libra | zodiac couple print | astrology couple art | zodiac wall art | astrology wall art | personalized couple | custom couple gift | zodiac gift | anniversary gift | engagement gift | wedding gift couple | newlywed gift | giclee print,libra and libra | zodiac couple print | astrology couple art | zodiac wall art | astrology wall art | personalized couple | custom couple gift | zodiac gift | anniversary gift | engagement gift | wedding gift couple | newlywed gift | libra libra print,giclee print -> libra libra print,Can be personalized=Yes; Framing=Unframed; Material multi=Paper; Number of pieces included=1; Occasion=Anniversary; Orientation=Vertical,"mevcut + Art subject=Zodiac, Stars & celestial; Primary color=Gold; Room=Bedroom, Living room",Art subject+Primary color+Room EKLE,Prints > Giclee (121),"Hahnemuhle Photo Rag 308 gsm cotton paper, archival pigment ink",(bos),G-B (bkz. 1_TESHIS.md Gerekce kodlari),G-E1,G-N,K1 K2 K3 K4 + canli/canli_78.json,Nitelik ORTA-YUKSEK | Etiket DUSUK-ORTA (hipotez) | Baslik degismez
4570216030,LIBRA_PISCES,,UYGULA,PILOT,2,0,Libra and Pisces Personalized Zodiac Couple Wall Art,Libra and Pisces Personalized Zodiac Couple Wall Art,HAYIR,"Libra and Pisces Zodiac Couple Print with Names, Personalized Wall Art",libra and pisces | zodiac couple print | astrology couple art | zodiac wall art | astrology wall art | personalized couple | custom couple gift | zodiac gift | anniversary gift | engagement gift | wedding gift couple | newlywed gift | giclee print,libra and pisces | zodiac couple print | astrology couple art | zodiac wall art | astrology wall art | personalized couple | custom couple gift | zodiac gift | anniversary gift | engagement gift | wedding gift couple | newlywed gift | libra pisces print,giclee print -> libra pisces print,Can be personalized=Yes; Framing=Unframed; Material multi=Paper; Number of pieces included=1; Occasion=Anniversary; Orientation=Vertical,"mevcut + Art subject=Zodiac, Stars & celestial; Primary color=Gold; Room=Bedroom, Living room",Art subject+Primary color+Room EKLE,Prints > Giclee (121),"Hahnemuhle Photo Rag 308 gsm cotton paper, archival pigment ink",(bos),G-B (bkz. 1_TESHIS.md Gerekce kodlari),G-E1,G-N,K1 K2 K3 K4 + canli/canli_78.json,Nitelik ORTA-YUKSEK | Etiket DUSUK-ORTA (hipotez) | Baslik degismez
4570202333,LIBRA_SAGITTARIUS,,UYGULA,DEGISMEZ (etiket sigmiyor),4,0,Libra and Sagittarius Personalized Zodiac Couple Wall Art,Libra and Sagittarius Personalized Zodiac Couple Wall Art,HAYIR,"Libra and Sagittarius Zodiac Couple Print with Names, Personalized Wall Art",libra sagittarius | zodiac couple print | astrology couple art | zodiac wall art | astrology wall art | personalized couple | custom couple gift | zodiac gift | anniversary gift | engagement gift | wedding gift couple | newlywed gift | giclee print,libra sagittarius | zodiac couple print | astrology couple art | zodiac wall art | astrology wall art | personalized couple | custom couple gift | zodiac gift | anniversary gift | engagement gift | wedding gift couple | newlywed gift | giclee print,HAYIR,Can be personalized=Yes; Framing=Unframed; Material multi=Paper; Number of pieces included=1; Occasion=Anniversary; Orientation=Vertical,"mevcut + Art subject=Zodiac, Stars & celestial; Primary color=Gold; Room=Bedroom, Living room",Art subject+Primary color+Room EKLE,Prints > Giclee (121),"Hahnemuhle Photo Rag 308 gsm cotton paper, archival pigment ink",(bos),G-B (bkz. 1_TESHIS.md Gerekce kodlari),G-E0,G-N,K1 K2 K3 K4 + canli/canli_78.json,Nitelik ORTA-YUKSEK | Etiket degismez | Baslik degismez
4570202793,LIBRA_SCORPIO,,UYGULA,KONTROL,14,0,Libra and Scorpio Personalized Zodiac Couple Wall Art,Libra and Scorpio Personalized Zodiac Couple Wall Art,HAYIR,"Libra and Scorpio Zodiac Couple Print with Names, Personalized Wall Art",libra and scorpio | zodiac couple print | astrology couple art | zodiac wall art | astrology wall art | personalized couple | custom couple gift | zodiac gift | anniversary gift | engagement gift | wedding gift couple | newlywed gift | giclee print,libra and scorpio | zodiac couple print | astrology couple art | zodiac wall art | astrology wall art | personalized couple | custom couple gift | zodiac gift | anniversary gift | engagement gift | wedding gift couple | newlywed gift | libra scorpio print,giclee print -> libra scorpio print,Can be personalized=Yes; Framing=Unframed; Material multi=Paper; Number of pieces included=1; Occasion=Anniversary; Orientation=Vertical,"mevcut + Art subject=Zodiac, Stars & celestial; Primary color=Gold; Room=Bedroom, Living room",Art subject+Primary color+Room EKLE,Prints > Giclee (121),"Hahnemuhle Photo Rag 308 gsm cotton paper, archival pigment ink",(bos),G-B (bkz. 1_TESHIS.md Gerekce kodlari),G-E1,G-N,K1 K2 K3 K4 + canli/canli_78.json,Nitelik ORTA-YUKSEK | Etiket DUSUK-ORTA (hipotez) | Baslik degismez
4570203229,LIBRA_TAURUS,,UYGULA,PILOT,6,0,Libra and Taurus Personalized Zodiac Couple Wall Art,Libra and Taurus Personalized Zodiac Couple Wall Art,HAYIR,"Libra and Taurus Zodiac Couple Print with Names, Personalized Wall Art",libra and taurus | zodiac couple print | astrology couple art | zodiac wall art | astrology wall art | personalized couple | custom couple gift | zodiac gift | anniversary gift | engagement gift | wedding gift couple | newlywed gift | giclee print,libra and taurus | zodiac couple print | astrology couple art | zodiac wall art | astrology wall art | personalized couple | custom couple gift | zodiac gift | anniversary gift | engagement gift | wedding gift couple | newlywed gift | libra taurus print,giclee print -> libra taurus print,Can be personalized=Yes; Framing=Unframed; Material multi=Paper; Number of pieces included=1; Occasion=Anniversary; Orientation=Vertical,"mevcut + Art subject=Zodiac, Stars & celestial; Primary color=Gold; Room=Bedroom, Living room",Art subject+Primary color+Room EKLE,Prints > Giclee (121),"Hahnemuhle Photo Rag 308 gsm cotton paper, archival pigment ink",(bos),G-B (bkz. 1_TESHIS.md Gerekce kodlari),G-E1,G-N,K1 K2 K3 K4 + canli/canli_78.json,Nitelik ORTA-YUKSEK | Etiket DUSUK-ORTA (hipotez) | Baslik degismez
4570203731,LIBRA_VIRGO,,UYGULA,KONTROL,8,0,Libra and Virgo Personalized Zodiac Couple Wall Art,Libra and Virgo Personalized Zodiac Couple Wall Art,HAYIR,"Libra and Virgo Zodiac Couple Print with Names, Personalized Wall Art",libra and virgo | zodiac couple print | astrology couple art | zodiac wall art | astrology wall art | personalized couple | custom couple gift | zodiac gift | anniversary gift | engagement gift | wedding gift couple | newlywed gift | giclee print,libra and virgo | zodiac couple print | astrology couple art | zodiac wall art | astrology wall art | personalized couple | custom couple gift | zodiac gift | anniversary gift | engagement gift | wedding gift couple | newlywed gift | libra virgo print,giclee print -> libra virgo print,Can be personalized=Yes; Framing=Unframed; Material multi=Paper; Number of pieces included=1; Occasion=Anniversary; Orientation=Vertical,"mevcut + Art subject=Zodiac, Stars & celestial; Primary color=Gold; Room=Bedroom, Living room",Art subject+Primary color+Room EKLE,Prints > Giclee (121),"Hahnemuhle Photo Rag 308 gsm cotton paper, archival pigment ink",(bos),G-B (bkz. 1_TESHIS.md Gerekce kodlari),G-E1,G-N,K1 K2 K3 K4 + canli/canli_78.json,Nitelik ORTA-YUKSEK | Etiket DUSUK-ORTA (hipotez) | Baslik degismez
4570204167,PISCES_PISCES,,UYGULA,PILOT,15,0,Pisces and Pisces Personalized Zodiac Couple Wall Art,Pisces and Pisces Personalized Zodiac Couple Wall Art,HAYIR,"Pisces and Pisces Zodiac Couple Print with Names, Personalized Wall Art",pisces and pisces | zodiac couple print | astrology couple art | zodiac wall art | astrology wall art | personalized couple | custom couple gift | zodiac gift | anniversary gift | engagement gift | wedding gift couple | newlywed gift | giclee print,pisces and pisces | zodiac couple print | astrology couple art | zodiac wall art | astrology wall art | personalized couple | custom couple gift | zodiac gift | anniversary gift | engagement gift | wedding gift couple | newlywed gift | pisces pisces print,giclee print -> pisces pisces print,Can be personalized=Yes; Framing=Unframed; Material multi=Paper; Number of pieces included=1; Occasion=Anniversary; Orientation=Vertical,"mevcut + Art subject=Zodiac, Stars & celestial; Primary color=Gold; Room=Bedroom, Living room",Art subject+Primary color+Room EKLE,Prints > Giclee (121),"Hahnemuhle Photo Rag 308 gsm cotton paper, archival pigment ink",(bos),G-B (bkz. 1_TESHIS.md Gerekce kodlari),G-E1,G-N,K1 K2 K3 K4 + canli/canli_78.json,Nitelik ORTA-YUKSEK | Etiket DUSUK-ORTA (hipotez) | Baslik degismez
4570204681,PISCES_SAGITTARIUS,,UYGULA,DEGISMEZ (etiket sigmiyor),16,1,Pisces and Sagittarius Personalized Zodiac Couple Wall Art,Pisces and Sagittarius Personalized Zodiac Couple Wall Art,HAYIR,"Pisces and Sagittarius Zodiac Couple Print with Names, Personalized Wall Art",pisces sagittarius | zodiac couple print | astrology couple art | zodiac wall art | astrology wall art | personalized couple | custom couple gift | zodiac gift | anniversary gift | engagement gift | wedding gift couple | newlywed gift | giclee print,pisces sagittarius | zodiac couple print | astrology couple art | zodiac wall art | astrology wall art | personalized couple | custom couple gift | zodiac gift | anniversary gift | engagement gift | wedding gift couple | newlywed gift | giclee print,HAYIR,Can be personalized=Yes; Framing=Unframed; Material multi=Paper; Number of pieces included=1; Occasion=Anniversary; Orientation=Vertical,"mevcut + Art subject=Zodiac, Stars & celestial; Primary color=Gold; Room=Bedroom, Living room",Art subject+Primary color+Room EKLE,Prints > Giclee (121),"Hahnemuhle Photo Rag 308 gsm cotton paper, archival pigment ink",(bos),G-B (bkz. 1_TESHIS.md Gerekce kodlari),G-E0,G-N,K1 K2 K3 K4 + canli/canli_78.json,Nitelik ORTA-YUKSEK | Etiket degismez | Baslik degismez
4570205473,PISCES_SCORPIO,,UYGULA,KONTROL,6,0,Pisces and Scorpio Personalized Zodiac Couple Wall Art,Pisces and Scorpio Personalized Zodiac Couple Wall Art,HAYIR,"Pisces and Scorpio Zodiac Couple Print with Names, Personalized Wall Art",pisces and scorpio | zodiac couple print | astrology couple art | zodiac wall art | astrology wall art | personalized couple | custom couple gift | zodiac gift | anniversary gift | engagement gift | wedding gift couple | newlywed gift | giclee print,pisces and scorpio | zodiac couple print | astrology couple art | zodiac wall art | astrology wall art | personalized couple | custom couple gift | zodiac gift | anniversary gift | engagement gift | wedding gift couple | newlywed gift | pisces scorpio print,giclee print -> pisces scorpio print,Can be personalized=Yes; Framing=Unframed; Material multi=Paper; Number of pieces included=1; Occasion=Anniversary; Orientation=Vertical,"mevcut + Art subject=Zodiac, Stars & celestial; Primary color=Gold; Room=Bedroom, Living room",Art subject+Primary color+Room EKLE,Prints > Giclee (121),"Hahnemuhle Photo Rag 308 gsm cotton paper, archival pigment ink",(bos),G-B (bkz. 1_TESHIS.md Gerekce kodlari),G-E1,G-N,K1 K2 K3 K4 + canli/canli_78.json,Nitelik ORTA-YUKSEK | Etiket DUSUK-ORTA (hipotez) | Baslik degismez
4570205899,PISCES_TAURUS,,UYGULA,PILOT,9,2,Pisces and Taurus Personalized Zodiac Couple Wall Art,Pisces and Taurus Personalized Zodiac Couple Wall Art,HAYIR,"Pisces and Taurus Zodiac Couple Print with Names, Personalized Wall Art",pisces and taurus | zodiac couple print | astrology couple art | zodiac wall art | astrology wall art | personalized couple | custom couple gift | zodiac gift | anniversary gift | engagement gift | wedding gift couple | newlywed gift | giclee print,pisces and taurus | zodiac couple print | astrology couple art | zodiac wall art | astrology wall art | personalized couple | custom couple gift | zodiac gift | anniversary gift | engagement gift | wedding gift couple | newlywed gift | pisces taurus print,giclee print -> pisces taurus print,Can be personalized=Yes; Framing=Unframed; Material multi=Paper; Number of pieces included=1; Occasion=Anniversary; Orientation=Vertical,"mevcut + Art subject=Zodiac, Stars & celestial; Primary color=Gold; Room=Bedroom, Living room",Art subject+Primary color+Room EKLE,Prints > Giclee (121),"Hahnemuhle Photo Rag 308 gsm cotton paper, archival pigment ink",(bos),G-B (bkz. 1_TESHIS.md Gerekce kodlari),G-E1,G-N,K1 K2 K3 K4 + canli/canli_78.json,Nitelik ORTA-YUKSEK | Etiket DUSUK-ORTA (hipotez) | Baslik degismez
4570220634,PISCES_VIRGO,,UYGULA,KONTROL,11,0,Pisces and Virgo Personalized Zodiac Couple Wall Art,Pisces and Virgo Personalized Zodiac Couple Wall Art,HAYIR,"Pisces and Virgo Zodiac Couple Print with Names, Personalized Wall Art",pisces and virgo | zodiac couple print | astrology couple art | zodiac wall art | astrology wall art | personalized couple | custom couple gift | zodiac gift | anniversary gift | engagement gift | wedding gift couple | newlywed gift | giclee print,pisces and virgo | zodiac couple print | astrology couple art | zodiac wall art | astrology wall art | personalized couple | custom couple gift | zodiac gift | anniversary gift | engagement gift | wedding gift couple | newlywed gift | pisces virgo print,giclee print -> pisces virgo print,Can be personalized=Yes; Framing=Unframed; Material multi=Paper; Number of pieces included=1; Occasion=Anniversary; Orientation=Vertical,"mevcut + Art subject=Zodiac, Stars & celestial; Primary color=Gold; Room=Bedroom, Living room",Art subject+Primary color+Room EKLE,Prints > Giclee (121),"Hahnemuhle Photo Rag 308 gsm cotton paper, archival pigment ink",(bos),G-B (bkz. 1_TESHIS.md Gerekce kodlari),G-E1,G-N,K1 K2 K3 K4 + canli/canli_78.json,Nitelik ORTA-YUKSEK | Etiket DUSUK-ORTA (hipotez) | Baslik degismez
4570206865,SAGITTARIUS_SAGITTARIUS,,UYGULA,DEGISMEZ (etiket sigmiyor),4,0,Sagittarius and Sagittarius Personalized Zodiac Couple Wall Art,Sagittarius and Sagittarius Personalized Zodiac Couple Wall Art,HAYIR,"Sagittarius and Sagittarius Zodiac Couple Print with Names, Personalized Wall Art",astrology lover gift | zodiac couple print | astrology couple art | zodiac wall art | astrology wall art | personalized couple | custom couple gift | zodiac gift | anniversary gift | engagement gift | wedding gift couple | newlywed gift | giclee print,astrology lover gift | zodiac couple print | astrology couple art | zodiac wall art | astrology wall art | personalized couple | custom couple gift | zodiac gift | anniversary gift | engagement gift | wedding gift couple | newlywed gift | giclee print,HAYIR,Can be personalized=Yes; Framing=Unframed; Material multi=Paper; Number of pieces included=1; Occasion=Anniversary; Orientation=Vertical,"mevcut + Art subject=Zodiac, Stars & celestial; Primary color=Gold; Room=Bedroom, Living room",Art subject+Primary color+Room EKLE,Prints > Giclee (121),"Hahnemuhle Photo Rag 308 gsm cotton paper, archival pigment ink",(bos),G-B (bkz. 1_TESHIS.md Gerekce kodlari),G-E0,G-N,K1 K2 K3 K4 + canli/canli_78.json,Nitelik ORTA-YUKSEK | Etiket degismez | Baslik degismez
4570221662,SAGITTARIUS_SCORPIO,,UYGULA,DEGISMEZ (etiket sigmiyor),10,0,Sagittarius and Scorpio Personalized Zodiac Couple Wall Art,Sagittarius and Scorpio Personalized Zodiac Couple Wall Art,HAYIR,"Sagittarius and Scorpio Zodiac Couple Print with Names, Personalized Wall Art",sagittarius scorpio | zodiac couple print | astrology couple art | zodiac wall art | astrology wall art | personalized couple | custom couple gift | zodiac gift | anniversary gift | engagement gift | wedding gift couple | newlywed gift | giclee print,sagittarius scorpio | zodiac couple print | astrology couple art | zodiac wall art | astrology wall art | personalized couple | custom couple gift | zodiac gift | anniversary gift | engagement gift | wedding gift couple | newlywed gift | giclee print,HAYIR,Can be personalized=Yes; Framing=Unframed; Material multi=Paper; Number of pieces included=1; Occasion=Anniversary; Orientation=Vertical,"mevcut + Art subject=Zodiac, Stars & celestial; Primary color=Gold; Room=Bedroom, Living room",Art subject+Primary color+Room EKLE,Prints > Giclee (121),"Hahnemuhle Photo Rag 308 gsm cotton paper, archival pigment ink",(bos),G-B (bkz. 1_TESHIS.md Gerekce kodlari),G-E0,G-N,K1 K2 K3 K4 + canli/canli_78.json,Nitelik ORTA-YUKSEK | Etiket degismez | Baslik degismez
4570207855,SAGITTARIUS_TAURUS,,UYGULA,DEGISMEZ (etiket sigmiyor),10,1,Sagittarius and Taurus Personalized Zodiac Couple Wall Art,Sagittarius and Taurus Personalized Zodiac Couple Wall Art,HAYIR,"Sagittarius and Taurus Zodiac Couple Print with Names, Personalized Wall Art",sagittarius taurus | zodiac couple print | astrology couple art | zodiac wall art | astrology wall art | personalized couple | custom couple gift | zodiac gift | anniversary gift | engagement gift | wedding gift couple | newlywed gift | giclee print,sagittarius taurus | zodiac couple print | astrology couple art | zodiac wall art | astrology wall art | personalized couple | custom couple gift | zodiac gift | anniversary gift | engagement gift | wedding gift couple | newlywed gift | giclee print,HAYIR,Can be personalized=Yes; Framing=Unframed; Material multi=Paper; Number of pieces included=1; Occasion=Anniversary; Orientation=Vertical,"mevcut + Art subject=Zodiac, Stars & celestial; Primary color=Gold; Room=Bedroom, Living room",Art subject+Primary color+Room EKLE,Prints > Giclee (121),"Hahnemuhle Photo Rag 308 gsm cotton paper, archival pigment ink",(bos),G-B (bkz. 1_TESHIS.md Gerekce kodlari),G-E0,G-N,K1 K2 K3 K4 + canli/canli_78.json,Nitelik ORTA-YUKSEK | Etiket degismez | Baslik degismez
4570208321,SAGITTARIUS_VIRGO,,UYGULA,DEGISMEZ (etiket sigmiyor),2,0,Sagittarius and Virgo Personalized Zodiac Couple Wall Art,Sagittarius and Virgo Personalized Zodiac Couple Wall Art,HAYIR,"Sagittarius and Virgo Zodiac Couple Print with Names, Personalized Wall Art",sagittarius virgo | zodiac couple print | astrology couple art | zodiac wall art | astrology wall art | personalized couple | custom couple gift | zodiac gift | anniversary gift | engagement gift | wedding gift couple | newlywed gift | giclee print,sagittarius virgo | zodiac couple print | astrology couple art | zodiac wall art | astrology wall art | personalized couple | custom couple gift | zodiac gift | anniversary gift | engagement gift | wedding gift couple | newlywed gift | giclee print,HAYIR,Can be personalized=Yes; Framing=Unframed; Material multi=Paper; Number of pieces included=1; Occasion=Anniversary; Orientation=Vertical,"mevcut + Art subject=Zodiac, Stars & celestial; Primary color=Gold; Room=Bedroom, Living room",Art subject+Primary color+Room EKLE,Prints > Giclee (121),"Hahnemuhle Photo Rag 308 gsm cotton paper, archival pigment ink",(bos),G-B (bkz. 1_TESHIS.md Gerekce kodlari),G-E0,G-N,K1 K2 K3 K4 + canli/canli_78.json,Nitelik ORTA-YUKSEK | Etiket degismez | Baslik degismez
4570209015,SCORPIO_SCORPIO,,UYGULA,PILOT,7,0,Scorpio and Scorpio Personalized Zodiac Couple Wall Art,Scorpio and Scorpio Personalized Zodiac Couple Wall Art,HAYIR,"Scorpio and Scorpio Zodiac Couple Print with Names, Personalized Wall Art",scorpio and scorpio | zodiac couple print | astrology couple art | zodiac wall art | astrology wall art | personalized couple | custom couple gift | zodiac gift | anniversary gift | engagement gift | wedding gift couple | newlywed gift | giclee print,scorpio and scorpio | zodiac couple print | astrology couple art | zodiac wall art | astrology wall art | personalized couple | custom couple gift | zodiac gift | anniversary gift | engagement gift | wedding gift couple | newlywed gift | scorpio scorpio art,giclee print -> scorpio scorpio art,Can be personalized=Yes; Framing=Unframed; Material multi=Paper; Number of pieces included=1; Occasion=Anniversary; Orientation=Vertical,"mevcut + Art subject=Zodiac, Stars & celestial; Primary color=Gold; Room=Bedroom, Living room",Art subject+Primary color+Room EKLE,Prints > Giclee (121),"Hahnemuhle Photo Rag 308 gsm cotton paper, archival pigment ink",(bos),G-B (bkz. 1_TESHIS.md Gerekce kodlari),G-E1,G-N,K1 K2 K3 K4 + canli/canli_78.json,Nitelik ORTA-YUKSEK | Etiket DUSUK-ORTA (hipotez) | Baslik degismez
4570224058,SCORPIO_TAURUS,,UYGULA,KONTROL,32,0,Scorpio and Taurus Personalized Zodiac Couple Wall Art,Scorpio and Taurus Personalized Zodiac Couple Wall Art,HAYIR,"Scorpio and Taurus Zodiac Couple Print with Names, Personalized Wall Art",scorpio and taurus | zodiac couple print | astrology couple art | zodiac wall art | astrology wall art | personalized couple | custom couple gift | zodiac gift | anniversary gift | engagement gift | wedding gift couple | newlywed gift | giclee print,scorpio and taurus | zodiac couple print | astrology couple art | zodiac wall art | astrology wall art | personalized couple | custom couple gift | zodiac gift | anniversary gift | engagement gift | wedding gift couple | newlywed gift | scorpio taurus print,giclee print -> scorpio taurus print,Can be personalized=Yes; Framing=Unframed; Material multi=Paper; Number of pieces included=1; Occasion=Anniversary; Orientation=Vertical,"mevcut + Art subject=Zodiac, Stars & celestial; Primary color=Gold; Room=Bedroom, Living room",Art subject+Primary color+Room EKLE,Prints > Giclee (121),"Hahnemuhle Photo Rag 308 gsm cotton paper, archival pigment ink",(bos),G-B (bkz. 1_TESHIS.md Gerekce kodlari),G-E1,G-N,K1 K2 K3 K4 + canli/canli_78.json,Nitelik ORTA-YUKSEK | Etiket DUSUK-ORTA (hipotez) | Baslik degismez
4570210411,SCORPIO_VIRGO,,UYGULA,PILOT,14,0,Scorpio and Virgo Personalized Zodiac Couple Wall Art,Scorpio and Virgo Personalized Zodiac Couple Wall Art,HAYIR,"Scorpio and Virgo Zodiac Couple Print with Names, Personalized Wall Art",scorpio and virgo | zodiac couple print | astrology couple art | zodiac wall art | astrology wall art | personalized couple | custom couple gift | zodiac gift | anniversary gift | engagement gift | wedding gift couple | newlywed gift | giclee print,scorpio and virgo | zodiac couple print | astrology couple art | zodiac wall art | astrology wall art | personalized couple | custom couple gift | zodiac gift | anniversary gift | engagement gift | wedding gift couple | newlywed gift | scorpio virgo print,giclee print -> scorpio virgo print,Can be personalized=Yes; Framing=Unframed; Material multi=Paper; Number of pieces included=1; Occasion=Anniversary; Orientation=Vertical,"mevcut + Art subject=Zodiac, Stars & celestial; Primary color=Gold; Room=Bedroom, Living room",Art subject+Primary color+Room EKLE,Prints > Giclee (121),"Hahnemuhle Photo Rag 308 gsm cotton paper, archival pigment ink",(bos),G-B (bkz. 1_TESHIS.md Gerekce kodlari),G-E1,G-N,K1 K2 K3 K4 + canli/canli_78.json,Nitelik ORTA-YUKSEK | Etiket DUSUK-ORTA (hipotez) | Baslik degismez
4570225672,TAURUS_TAURUS,,UYGULA,KONTROL,5,1,Taurus and Taurus Personalized Zodiac Couple Wall Art,Taurus and Taurus Personalized Zodiac Couple Wall Art,HAYIR,"Taurus and Taurus Zodiac Couple Print with Names, Personalized Wall Art",taurus and taurus | zodiac couple print | astrology couple art | zodiac wall art | astrology wall art | personalized couple | custom couple gift | zodiac gift | anniversary gift | engagement gift | wedding gift couple | newlywed gift | giclee print,taurus and taurus | zodiac couple print | astrology couple art | zodiac wall art | astrology wall art | personalized couple | custom couple gift | zodiac gift | anniversary gift | engagement gift | wedding gift couple | newlywed gift | taurus taurus print,giclee print -> taurus taurus print,Can be personalized=Yes; Framing=Unframed; Material multi=Paper; Number of pieces included=1; Occasion=Anniversary; Orientation=Vertical,"mevcut + Art subject=Zodiac, Stars & celestial; Primary color=Gold; Room=Bedroom, Living room",Art subject+Primary color+Room EKLE,Prints > Giclee (121),"Hahnemuhle Photo Rag 308 gsm cotton paper, archival pigment ink",(bos),G-B (bkz. 1_TESHIS.md Gerekce kodlari),G-E1,G-N,K1 K2 K3 K4 + canli/canli_78.json,Nitelik ORTA-YUKSEK | Etiket DUSUK-ORTA (hipotez) | Baslik degismez
4570226386,TAURUS_VIRGO,,UYGULA,PILOT,3,0,Taurus and Virgo Personalized Zodiac Couple Wall Art,Taurus and Virgo Personalized Zodiac Couple Wall Art,HAYIR,"Taurus and Virgo Zodiac Couple Print with Names, Personalized Wall Art",taurus and virgo | zodiac couple print | astrology couple art | zodiac wall art | astrology wall art | personalized couple | custom couple gift | zodiac gift | anniversary gift | engagement gift | wedding gift couple | newlywed gift | giclee print,taurus and virgo | zodiac couple print | astrology couple art | zodiac wall art | astrology wall art | personalized couple | custom couple gift | zodiac gift | anniversary gift | engagement gift | wedding gift couple | newlywed gift | taurus virgo print,giclee print -> taurus virgo print,Can be personalized=Yes; Framing=Unframed; Material multi=Paper; Number of pieces included=1; Occasion=Anniversary; Orientation=Vertical,"mevcut + Art subject=Zodiac, Stars & celestial; Primary color=Gold; Room=Bedroom, Living room",Art subject+Primary color+Room EKLE,Prints > Giclee (121),"Hahnemuhle Photo Rag 308 gsm cotton paper, archival pigment ink",(bos),G-B (bkz. 1_TESHIS.md Gerekce kodlari),G-E1,G-N,K1 K2 K3 K4 + canli/canli_78.json,Nitelik ORTA-YUKSEK | Etiket DUSUK-ORTA (hipotez) | Baslik degismez
4570227104,VIRGO_VIRGO,,UYGULA,KONTROL,6,0,Virgo and Virgo Personalized Zodiac Couple Wall Art,Virgo and Virgo Personalized Zodiac Couple Wall Art,HAYIR,"Virgo and Virgo Zodiac Couple Print with Names, Personalized Wall Art",virgo and virgo | zodiac couple print | astrology couple art | zodiac wall art | astrology wall art | personalized couple | custom couple gift | zodiac gift | anniversary gift | engagement gift | wedding gift couple | newlywed gift | giclee print,virgo and virgo | zodiac couple print | astrology couple art | zodiac wall art | astrology wall art | personalized couple | custom couple gift | zodiac gift | anniversary gift | engagement gift | wedding gift couple | newlywed gift | virgo virgo print,giclee print -> virgo virgo print,Can be personalized=Yes; Framing=Unframed; Material multi=Paper; Number of pieces included=1; Occasion=Anniversary; Orientation=Vertical,"mevcut + Art subject=Zodiac, Stars & celestial; Primary color=Gold; Room=Bedroom, Living room",Art subject+Primary color+Room EKLE,Prints > Giclee (121),"Hahnemuhle Photo Rag 308 gsm cotton paper, archival pigment ink",(bos),G-B (bkz. 1_TESHIS.md Gerekce kodlari),G-E1,G-N,K1 K2 K3 K4 + canli/canli_78.json,Nitelik ORTA-YUKSEK | Etiket DUSUK-ORTA (hipotez) | Baslik degismez
