AQUARIUS_AQUARIUS	Phone	Deep_Black	https://export-download.canva.com/bogJQ/DAHUJKbogJQ/-1/0/0001-3462656948659946232.jpg?X-Amz-Algorithm=AWS4-HMAC-SHA256&X-Amz-Credential=AKIAQYCGKMUH5AO7UJ26%2F20260903%2Fus-east-1%2Fs3%2Faws4_request&X-Amz-Date=20260903T124647Z&X-Amz-Expires=10881&X-Amz-Signature=2d8018c7d327507cca390836f56fce7bae789c0cf6773aff650b00c8ee7ce4d2&X-Amz-SignedHeaders=host%3Bx-amz-expected-bucket-owner&response-expires=Thu%2C%2003%20Sep%202026%2015%3A48%3A08%20GMT
AQUARIUS_ARIES	Phone	Deep_Black	https://export-download.canva.com/bogJQ/DAHUJKbogJQ/-1/0/0002-3462656948659946232.jpg?X-Amz-Algorithm=AWS4-HMAC-SHA256&X-Amz-Credential=AKIAQYCGKMUH5AO7UJ26%2F20260903%2Fus-east-1%2Fs3%2Faws4_request&X-Amz-Date=20260903T035029Z&X-Amz-Expires=42151&X-Amz-Signature=5324e512ec9fe23301845e28056fc0226cf304abe7aeb9b21ffbc040320789d2&X-Amz-SignedHeaders=host%3Bx-amz-expected-bucket-owner&response-expires=Thu%2C%2003%20Sep%202026%2015%3A33%3A00%20GMT
AQUARIUS_CANCER	Phone	Deep_Black	https://export-download.canva.com/bogJQ/DAHUJKbogJQ/-1/0/0003-3462656948659946232.jpg?X-Amz-Algorithm=AWS4-HMAC-SHA256&X-Amz-Credential=AKIAQYCGKMUH5AO7UJ26%2F20260903%2Fus-east-1%2Fs3%2Faws4_request&X-Amz-Date=20260903T113838Z&X-Amz-Expires=15155&X-Amz-Signature=bbf1b637a89b1a9c50e05b7cae20e8de3e9adc04517680a8321775e609026d10&X-Amz-SignedHeaders=host%3Bx-amz-expected-bucket-owner&response-expires=Thu%2C%2003%20Sep%202026%2015%3A51%3A13%20GMT
AQUARIUS_CAPRICORN	Phone	Deep_Black	https://export-download.canva.com/bogJQ/DAHUJKbogJQ/-1/0/0004-3462656948659946232.jpg?X-Amz-Algorithm=AWS4-HMAC-SHA256&X-Amz-Credential=AKIAQYCGKMUH5AO7UJ26%2F20260902%2Fus-east-1%2Fs3%2Faws4_request&X-Amz-Date=20260902T172823Z&X-Amz-Expires=78606&X-Amz-Signature=0f0167970825bcc0ca8e94a79ea85d07d2ab0f4234c139c7e9e91db901baebb8&X-Amz-SignedHeaders=host%3Bx-amz-expected-bucket-owner&response-expires=Thu%2C%2003%20Sep%202026%2015%3A18%3A29%20GMT
AQUARIUS_GEMINI	Phone	Deep_Black	https://export-download.canva.com/bogJQ/DAHUJKbogJQ/-1/0/0005-3462656948659946232.jpg?X-Amz-Algorithm=AWS4-HMAC-SHA256&X-Amz-Credential=AKIAQYCGKMUH5AO7UJ26%2F20260902%2Fus-east-1%2Fs3%2Faws4_request&X-Amz-Date=20260902T195144Z&X-Amz-Expires=72878&X-Amz-Signature=f1da14bf04a80017c26a58392d29f1e8ed17971d9a4965fd598ebf67ffd7dec1&X-Amz-SignedHeaders=host%3Bx-amz-expected-bucket-owner&response-expires=Thu%2C%2003%20Sep%202026%2016%3A06%3A22%20GMT
AQUARIUS_LEO	Phone	Deep_Black	https://export-download.canva.com/bogJQ/DAHUJKbogJQ/-1/0/0006-3462656948659946232.jpg?X-Amz-Algorithm=AWS4-HMAC-SHA256&X-Amz-Credential=AKIAQYCGKMUH5AO7UJ26%2F20260902%2Fus-east-1%2Fs3%2Faws4_request&X-Amz-Date=20260902T150812Z&X-Amz-Expires=89675&X-Amz-Signature=3156834abed5162d894ba0af5587a8a8c39e29a62a88f9c6f7fca370cf976bdc&X-Amz-SignedHeaders=host%3Bx-amz-expected-bucket-owner&response-expires=Thu%2C%2003%20Sep%202026%2016%3A02%3A47%20GMT
AQUARIUS_LIBRA	Phone	Deep_Black	https://export-download.canva.com/bogJQ/DAHUJKbogJQ/-1/0/0007-3462656948659946232.jpg?X-Amz-Algorithm=AWS4-HMAC-SHA256&X-Amz-Credential=AKIAQYCGKMUH5AO7UJ26%2F20260903%2Fus-east-1%2Fs3%2Faws4_request&X-Amz-Date=20260903T023101Z&X-Amz-Expires=48172&X-Amz-Signature=7d71ea16483fb9ea769517cc56b9ec87ca6f6379dcb19288133efa2dd9cc1d9b&X-Amz-SignedHeaders=host%3Bx-amz-expected-bucket-owner&response-expires=Thu%2C%2003%20Sep%202026%2015%3A53%3A53%20GMT
AQUARIUS_PISCES	Phone	Deep_Black	https://export-download.canva.com/bogJQ/DAHUJKbogJQ/-1/0/0008-3462656948659946232.jpg?X-Amz-Algorithm=AWS4-HMAC-SHA256&X-Amz-Credential=AKIAQYCGKMUH5AO7UJ26%2F20260903%2Fus-east-1%2Fs3%2Faws4_request&X-Amz-Date=20260903T010205Z&X-Amz-Expires=53815&X-Amz-Signature=9951a23793aea189a272a0981418f0d7af845cab73884068014882d8c2d1310a&X-Amz-SignedHeaders=host%3Bx-amz-expected-bucket-owner&response-expires=Thu%2C%2003%20Sep%202026%2015%3A59%3A00%20GMT
AQUARIUS_SAGITTARIUS	Phone	Deep_Black	https://export-download.canva.com/bogJQ/DAHUJKbogJQ/-1/0/0009-3462656948659946232.jpg?X-Amz-Algorithm=AWS4-HMAC-SHA256&X-Amz-Credential=AKIAQYCGKMUH5AO7UJ26%2F20260903%2Fus-east-1%2Fs3%2Faws4_request&X-Amz-Date=20260903T120259Z&X-Amz-Expires=13544&X-Amz-Signature=3386f0b6224c1f5ee3648379228c5afcd9ad4703fced7d4b4ec4af9789131bbb&X-Amz-SignedHeaders=host%3Bx-amz-expected-bucket-owner&response-expires=Thu%2C%2003%20Sep%202026%2015%3A48%3A43%20GMT
AQUARIUS_SCORPIO	Phone	Deep_Black	https://export-download.canva.com/bogJQ/DAHUJKbogJQ/-1/0/0010-3462656948659946232.jpg?X-Amz-Algorithm=AWS4-HMAC-SHA256&X-Amz-Credential=AKIAQYCGKMUH5AO7UJ26%2F20260902%2Fus-east-1%2Fs3%2Faws4_request&X-Amz-Date=20260902T232945Z&X-Amz-Expires=58944&X-Amz-Signature=7f5c90204213c86dbb7af5841c1872aa67ae32256a9df05ba2dd72a94b2c6956&X-Amz-SignedHeaders=host%3Bx-amz-expected-bucket-owner&response-expires=Thu%2C%2003%20Sep%202026%2015%3A52%3A09%20GMT
AQUARIUS_TAURUS	Phone	Deep_Black	https://export-download.canva.com/bogJQ/DAHUJKbogJQ/-1/0/0011-3462656948659946232.jpg?X-Amz-Algorithm=AWS4-HMAC-SHA256&X-Amz-Credential=AKIAQYCGKMUH5AO7UJ26%2F20260903%2Fus-east-1%2Fs3%2Faws4_request&X-Amz-Date=20260903T043514Z&X-Amz-Expires=38809&X-Amz-Signature=c15f2bb7a5a09eda84fb3abec36413c769a852a0a57fde3de12d7b6eff5c1a92&X-Amz-SignedHeaders=host%3Bx-amz-expected-bucket-owner&response-expires=Thu%2C%2003%20Sep%202026%2015%3A22%3A03%20GMT
AQUARIUS_VIRGO	Phone	Deep_Black	https://export-download.canva.com/bogJQ/DAHUJKbogJQ/-1/0/0012-3462656948659946232.jpg?X-Amz-Algorithm=AWS4-HMAC-SHA256&X-Amz-Credential=AKIAQYCGKMUH5AO7UJ26%2F20260903%2Fus-east-1%2Fs3%2Faws4_request&X-Amz-Date=20260903T005010Z&X-Amz-Expires=52670&X-Amz-Signature=93ebed29d01fea261621578d08cf545c84f8d3b4c52dc18250f7de76bcad6fb4&X-Amz-SignedHeaders=host%3Bx-amz-expected-bucket-owner&response-expires=Thu%2C%2003%20Sep%202026%2015%3A28%3A00%20GMT
ARIES_ARIES	Phone	Deep_Black	https://export-download.canva.com/bogJQ/DAHUJKbogJQ/-1/0/0013-3462656948659946232.jpg?X-Amz-Algorithm=AWS4-HMAC-SHA256&X-Amz-Credential=AKIAQYCGKMUH5AO7UJ26%2F20260903%2Fus-east-1%2Fs3%2Faws4_request&X-Amz-Date=20260903T001307Z&X-Amz-Expires=54160&X-Amz-Signature=1e2a65264fb7a2262810477931867e2b1850250cbc8edab61628ed47193896f4&X-Amz-SignedHeaders=host%3Bx-amz-expected-bucket-owner&response-expires=Thu%2C%2003%20Sep%202026%2015%3A15%3A47%20GMT
ARIES_CANCER	Phone	Deep_Black	https://export-download.canva.com/bogJQ/DAHUJKbogJQ/-1/0/0014-3462656948659946232.jpg?X-Amz-Algorithm=AWS4-HMAC-SHA256&X-Amz-Credential=AKIAQYCGKMUH5AO7UJ26%2F20260903%2Fus-east-1%2Fs3%2Faws4_request&X-Amz-Date=20260903T115113Z&X-Amz-Expires=12132&X-Amz-Signature=2c96a95da7f8fc4828c7e04ff416501f1e9c8b382b19eb5c847ad804d19277a3&X-Amz-SignedHeaders=host%3Bx-amz-expected-bucket-owner&response-expires=Thu%2C%2003%20Sep%202026%2015%3A13%3A25%20GMT
ARIES_CAPRICORN	Phone	Deep_Black	https://export-download.canva.com/bogJQ/DAHUJKbogJQ/-1/0/0015-3462656948659946232.jpg?X-Amz-Algorithm=AWS4-HMAC-SHA256&X-Amz-Credential=AKIAQYCGKMUH5AO7UJ26%2F20260902%2Fus-east-1%2Fs3%2Faws4_request&X-Amz-Date=20260902T205448Z&X-Amz-Expires=68820&X-Amz-Signature=5f77d4883806ea193869182c3fa826751bb3b0cf972d32916a1e1007403a6e79&X-Amz-SignedHeaders=host%3Bx-amz-expected-bucket-owner&response-expires=Thu%2C%2003%20Sep%202026%2016%3A01%3A48%20GMT
ARIES_GEMINI	Phone	Deep_Black	https://export-download.canva.com/bogJQ/DAHUJKbogJQ/-1/0/0016-3462656948659946232.jpg?X-Amz-Algorithm=AWS4-HMAC-SHA256&X-Amz-Credential=AKIAQYCGKMUH5AO7UJ26%2F20260903%2Fus-east-1%2Fs3%2Faws4_request&X-Amz-Date=20260903T061530Z&X-Amz-Expires=34295&X-Amz-Signature=5dc8435f09942d7dcc4f1469114d461defe61967fe22c640d5ae554397d3ae05&X-Amz-SignedHeaders=host%3Bx-amz-expected-bucket-owner&response-expires=Thu%2C%2003%20Sep%202026%2015%3A47%3A05%20GMT
ARIES_LEO	Phone	Deep_Black	https://export-download.canva.com/bogJQ/DAHUJKbogJQ/-1/0/0017-3462656948659946232.jpg?X-Amz-Algorithm=AWS4-HMAC-SHA256&X-Amz-Credential=AKIAQYCGKMUH5AO7UJ26%2F20260902%2Fus-east-1%2Fs3%2Faws4_request&X-Amz-Date=20260902T223924Z&X-Amz-Expires=59780&X-Amz-Signature=83971afbe89a84c03fbcb2e7006fbbe8434e61ee6419be80ba2957dec8e91d9c&X-Amz-SignedHeaders=host%3Bx-amz-expected-bucket-owner&response-expires=Thu%2C%2003%20Sep%202026%2015%3A15%3A44%20GMT
ARIES_LIBRA	Phone	Deep_Black	https://export-download.canva.com/bogJQ/DAHUJKbogJQ/-1/0/0018-3462656948659946232.jpg?X-Amz-Algorithm=AWS4-HMAC-SHA256&X-Amz-Credential=AKIAQYCGKMUH5AO7UJ26%2F20260903%2Fus-east-1%2Fs3%2Faws4_request&X-Amz-Date=20260903T070718Z&X-Amz-Expires=32193&X-Amz-Signature=a8aaa2527bdf8e73367d25651d1f043d62f84f5464e6ff0038e7b0a6c5fb37be&X-Amz-SignedHeaders=host%3Bx-amz-expected-bucket-owner&response-expires=Thu%2C%2003%20Sep%202026%2016%3A03%3A51%20GMT
ARIES_PISCES	Phone	Deep_Black	https://export-download.canva.com/bogJQ/DAHUJKbogJQ/-1/0/0019-3462656948659946232.jpg?X-Amz-Algorithm=AWS4-HMAC-SHA256&X-Amz-Credential=AKIAQYCGKMUH5AO7UJ26%2F20260902%2Fus-east-1%2Fs3%2Faws4_request&X-Amz-Date=20260902T183651Z&X-Amz-Expires=77579&X-Amz-Signature=346508844344212fa83d9b3960421322c89f22e1615bfe19f607d9e93c1ce90f&X-Amz-SignedHeaders=host%3Bx-amz-expected-bucket-owner&response-expires=Thu%2C%2003%20Sep%202026%2016%3A09%3A50%20GMT
ARIES_SAGITTARIUS	Phone	Deep_Black	https://export-download.canva.com/bogJQ/DAHUJKbogJQ/-1/0/0020-3462656948659946232.jpg?X-Amz-Algorithm=AWS4-HMAC-SHA256&X-Amz-Credential=AKIAQYCGKMUH5AO7UJ26%2F20260903%2Fus-east-1%2Fs3%2Faws4_request&X-Amz-Date=20260903T071111Z&X-Amz-Expires=29526&X-Amz-Signature=8f19d41d045b8e06b79db1711a1a84395f5157e02b2d9c47f1336472a8bc7af2&X-Amz-SignedHeaders=host%3Bx-amz-expected-bucket-owner&response-expires=Thu%2C%2003%20Sep%202026%2015%3A23%3A17%20GMT
ARIES_SCORPIO	Phone	Deep_Black	https://export-download.canva.com/bogJQ/DAHUJKbogJQ/-1/0/0021-3462656948659946232.jpg?X-Amz-Algorithm=AWS4-HMAC-SHA256&X-Amz-Credential=AKIAQYCGKMUH5AO7UJ26%2F20260903%2Fus-east-1%2Fs3%2Faws4_request&X-Amz-Date=20260903T080614Z&X-Amz-Expires=28097&X-Amz-Signature=43af0e39e16d283ffa65a8da84e64c37a949d98ac3ca6c32b116441c458fd2a4&X-Amz-SignedHeaders=host%3Bx-amz-expected-bucket-owner&response-expires=Thu%2C%2003%20Sep%202026%2015%3A54%3A31%20GMT
ARIES_TAURUS	Phone	Deep_Black	https://export-download.canva.com/bogJQ/DAHUJKbogJQ/-1/0/0022-3462656948659946232.jpg?X-Amz-Algorithm=AWS4-HMAC-SHA256&X-Amz-Credential=AKIAQYCGKMUH5AO7UJ26%2F20260903%2Fus-east-1%2Fs3%2Faws4_request&X-Amz-Date=20260903T092830Z&X-Amz-Expires=20953&X-Amz-Signature=1a01215a7b0294fd8e11e6a092fbded3034f4e3ad46eef918e35f2998c3e62a6&X-Amz-SignedHeaders=host%3Bx-amz-expected-bucket-owner&response-expires=Thu%2C%2003%20Sep%202026%2015%3A17%3A43%20GMT
ARIES_VIGRO	Phone	Deep_Black	https://export-download.canva.com/bogJQ/DAHUJKbogJQ/-1/0/0023-3462656948659946232.jpg?X-Amz-Algorithm=AWS4-HMAC-SHA256&X-Amz-Credential=AKIAQYCGKMUH5AO7UJ26%2F20260903%2Fus-east-1%2Fs3%2Faws4_request&X-Amz-Date=20260903T045729Z&X-Amz-Expires=37072&X-Amz-Signature=ebdc97c56bd61c7538f59abb2c95b6553daed0925b4f7e2d7f787574b575c580&X-Amz-SignedHeaders=host%3Bx-amz-expected-bucket-owner&response-expires=Thu%2C%2003%20Sep%202026%2015%3A15%3A21%20GMT
CANCER_CANCER	Phone	Deep_Black	https://export-download.canva.com/bogJQ/DAHUJKbogJQ/-1/0/0024-3462656948659946232.jpg?X-Amz-Algorithm=AWS4-HMAC-SHA256&X-Amz-Credential=AKIAQYCGKMUH5AO7UJ26%2F20260902%2Fus-east-1%2Fs3%2Faws4_request&X-Amz-Date=20260902T185011Z&X-Amz-Expires=75646&X-Amz-Signature=929df0fcc171726750bc9fce7613c05e31fe1b6bb3403fafa00cf24b3df6ef6e&X-Amz-SignedHeaders=host%3Bx-amz-expected-bucket-owner&response-expires=Thu%2C%2003%20Sep%202026%2015%3A50%3A57%20GMT
CANCER_CAPRICORN	Phone	Deep_Black	https://export-download.canva.com/bogJQ/DAHUJKbogJQ/-1/0/0025-3462656948659946232.jpg?X-Amz-Algorithm=AWS4-HMAC-SHA256&X-Amz-Credential=AKIAQYCGKMUH5AO7UJ26%2F20260902%2Fus-east-1%2Fs3%2Faws4_request&X-Amz-Date=20260902T200117Z&X-Amz-Expires=70387&X-Amz-Signature=90ce7ab9d5f2c944ce445b214ba59f87d5bcae575bf4f56ded3a3e1050ca7fa4&X-Amz-SignedHeaders=host%3Bx-amz-expected-bucket-owner&response-expires=Thu%2C%2003%20Sep%202026%2015%3A34%3A24%20GMT
CANCER_GEMINI	Phone	Deep_Black	https://export-download.canva.com/bogJQ/DAHUJKbogJQ/-1/0/0026-3462656948659946232.jpg?X-Amz-Algorithm=AWS4-HMAC-SHA256&X-Amz-Credential=AKIAQYCGKMUH5AO7UJ26%2F20260903%2Fus-east-1%2Fs3%2Faws4_request&X-Amz-Date=20260903T074330Z&X-Amz-Expires=28770&X-Amz-Signature=9aae339e88ae96230508621c345c56d258dc5b3d679d532d1b2d875f2c59ecd8&X-Amz-SignedHeaders=host%3Bx-amz-expected-bucket-owner&response-expires=Thu%2C%2003%20Sep%202026%2015%3A43%3A00%20GMT
CANCER_LEO	Phone	Deep_Black	https://export-download.canva.com/bogJQ/DAHUJKbogJQ/-1/0/0027-3462656948659946232.jpg?X-Amz-Algorithm=AWS4-HMAC-SHA256&X-Amz-Credential=AKIAQYCGKMUH5AO7UJ26%2F20260902%2Fus-east-1%2Fs3%2Faws4_request&X-Amz-Date=20260902T203425Z&X-Amz-Expires=68948&X-Amz-Signature=6616577b68177f1b8d66a48a9fd1389fb5f5f25da89cc57a233d095af99ec05a&X-Amz-SignedHeaders=host%3Bx-amz-expected-bucket-owner&response-expires=Thu%2C%2003%20Sep%202026%2015%3A43%3A33%20GMT
CANCER_LIBRA	Phone	Deep_Black	https://export-download.canva.com/bogJQ/DAHUJKbogJQ/-1/0/0028-3462656948659946232.jpg?X-Amz-Algorithm=AWS4-HMAC-SHA256&X-Amz-Credential=AKIAQYCGKMUH5AO7UJ26%2F20260902%2Fus-east-1%2Fs3%2Faws4_request&X-Amz-Date=20260902T165822Z&X-Amz-Expires=81606&X-Amz-Signature=431501c526a208e9111578e5128d3134c05aee226b738084930b310410062112&X-Amz-SignedHeaders=host%3Bx-amz-expected-bucket-owner&response-expires=Thu%2C%2003%20Sep%202026%2015%3A38%3A28%20GMT
CANCER_PISCES	Phone	Deep_Black	https://export-download.canva.com/bogJQ/DAHUJKbogJQ/-1/0/0029-3462656948659946232.jpg?X-Amz-Algorithm=AWS4-HMAC-SHA256&X-Amz-Credential=AKIAQYCGKMUH5AO7UJ26%2F20260902%2Fus-east-1%2Fs3%2Faws4_request&X-Amz-Date=20260902T162549Z&X-Amz-Expires=84046&X-Amz-Signature=2f06324f4aaa207aeb9edc7aa6f4300496d68a2b759c7fea5b9cb50e9ea0ab5f&X-Amz-SignedHeaders=host%3Bx-amz-expected-bucket-owner&response-expires=Thu%2C%2003%20Sep%202026%2015%3A46%3A35%20GMT
CANCER_SAGITTARIUS	Phone	Deep_Black	https://export-download.canva.com/bogJQ/DAHUJKbogJQ/-1/0/0030-3462656948659946232.jpg?X-Amz-Algorithm=AWS4-HMAC-SHA256&X-Amz-Credential=AKIAQYCGKMUH5AO7UJ26%2F20260902%2Fus-east-1%2Fs3%2Faws4_request&X-Amz-Date=20260902T220445Z&X-Amz-Expires=63884&X-Amz-Signature=38c6e586ef3b43142858e6760855bb7c117ced5f20b3b3d571c12f8c6e481c29&X-Amz-SignedHeaders=host%3Bx-amz-expected-bucket-owner&response-expires=Thu%2C%2003%20Sep%202026%2015%3A49%3A29%20GMT
CANCER_SCORPIO	Phone	Deep_Black	https://export-download.canva.com/bogJQ/DAHUJKbogJQ/-1/0/0031-3462656948659946232.jpg?X-Amz-Algorithm=AWS4-HMAC-SHA256&X-Amz-Credential=AKIAQYCGKMUH5AO7UJ26%2F20260903%2Fus-east-1%2Fs3%2Faws4_request&X-Amz-Date=20260903T023815Z&X-Amz-Expires=47318&X-Amz-Signature=cdda5b8dd59015477cf7b9c075fe903460ba845235ffd71a2d0e08d2109891ec&X-Amz-SignedHeaders=host%3Bx-amz-expected-bucket-owner&response-expires=Thu%2C%2003%20Sep%202026%2015%3A46%3A53%20GMT
CANCER_TAURUS	Phone	Deep_Black	https://export-download.canva.com/bogJQ/DAHUJKbogJQ/-1/0/0032-3462656948659946232.jpg?X-Amz-Algorithm=AWS4-HMAC-SHA256&X-Amz-Credential=AKIAQYCGKMUH5AO7UJ26%2F20260902%2Fus-east-1%2Fs3%2Faws4_request&X-Amz-Date=20260902T222246Z&X-Amz-Expires=60625&X-Amz-Signature=cd9664bd51a8f2947da2d3f953b28d1126334cae15316d3ed570f1f50e3ce3ee&X-Amz-SignedHeaders=host%3Bx-amz-expected-bucket-owner&response-expires=Thu%2C%2003%20Sep%202026%2015%3A13%3A11%20GMT
CANCER_VIRGO	Phone	Deep_Black	https://export-download.canva.com/bogJQ/DAHUJKbogJQ/-1/0/0033-3462656948659946232.jpg?X-Amz-Algorithm=AWS4-HMAC-SHA256&X-Amz-Credential=AKIAQYCGKMUH5AO7UJ26%2F20260902%2Fus-east-1%2Fs3%2Faws4_request&X-Amz-Date=20260902T143329Z&X-Amz-Expires=91251&X-Amz-Signature=4bd31ae5b0caa9b8bd5f51e01d8a70cb1eed7f2cc61f690cdbc57743c6dd6dd3&X-Amz-SignedHeaders=host%3Bx-amz-expected-bucket-owner&response-expires=Thu%2C%2003%20Sep%202026%2015%3A54%3A20%20GMT
CAPRICORN_CAPRICORN	Phone	Deep_Black	https://export-download.canva.com/bogJQ/DAHUJKbogJQ/-1/0/0034-3462656948659946232.jpg?X-Amz-Algorithm=AWS4-HMAC-SHA256&X-Amz-Credential=AKIAQYCGKMUH5AO7UJ26%2F20260902%2Fus-east-1%2Fs3%2Faws4_request&X-Amz-Date=20260902T220253Z&X-Amz-Expires=64722&X-Amz-Signature=5d24acb4e775ffa3f649d8dd1f1e128fff3faf10879d1395079b197246773e44&X-Amz-SignedHeaders=host%3Bx-amz-expected-bucket-owner&response-expires=Thu%2C%2003%20Sep%202026%2016%3A01%3A35%20GMT
CAPRICORN_GEMINI	Phone	Deep_Black	https://export-download.canva.com/bogJQ/DAHUJKbogJQ/-1/0/0035-3462656948659946232.jpg?X-Amz-Algorithm=AWS4-HMAC-SHA256&X-Amz-Credential=AKIAQYCGKMUH5AO7UJ26%2F20260903%2Fus-east-1%2Fs3%2Faws4_request&X-Amz-Date=20260903T133543Z&X-Amz-Expires=8573&X-Amz-Signature=20829442eea27967a16d36cd9d0827b07eb6d8460693eeeb7fb7b93802c3cce1&X-Amz-SignedHeaders=host%3Bx-amz-expected-bucket-owner&response-expires=Thu%2C%2003%20Sep%202026%2015%3A58%3A36%20GMT
CAPRICORN_LEO	Phone	Deep_Black	https://export-download.canva.com/bogJQ/DAHUJKbogJQ/-1/0/0036-3462656948659946232.jpg?X-Amz-Algorithm=AWS4-HMAC-SHA256&X-Amz-Credential=AKIAQYCGKMUH5AO7UJ26%2F20260903%2Fus-east-1%2Fs3%2Faws4_request&X-Amz-Date=20260903T104752Z&X-Amz-Expires=19411&X-Amz-Signature=4c8b44e4272aa21fc1a0de184cae9e26b540198e5822a12d04327503cb9bdb7e&X-Amz-SignedHeaders=host%3Bx-amz-expected-bucket-owner&response-expires=Thu%2C%2003%20Sep%202026%2016%3A11%3A23%20GMT
CAPRICORN_LIBRA	Phone	Deep_Black	https://export-download.canva.com/bogJQ/DAHUJKbogJQ/-1/0/0037-3462656948659946232.jpg?X-Amz-Algorithm=AWS4-HMAC-SHA256&X-Amz-Credential=AKIAQYCGKMUH5AO7UJ26%2F20260903%2Fus-east-1%2Fs3%2Faws4_request&X-Amz-Date=20260903T105958Z&X-Amz-Expires=16988&X-Amz-Signature=5181f5466a1d940c885c7950a9b59470e27255f88f081ffa86ed16012be9330b&X-Amz-SignedHeaders=host%3Bx-amz-expected-bucket-owner&response-expires=Thu%2C%2003%20Sep%202026%2015%3A43%3A06%20GMT
CAPRICORN_PISCES	Phone	Deep_Black	https://export-download.canva.com/bogJQ/DAHUJKbogJQ/-1/0/0038-3462656948659946232.jpg?X-Amz-Algorithm=AWS4-HMAC-SHA256&X-Amz-Credential=AKIAQYCGKMUH5AO7UJ26%2F20260903%2Fus-east-1%2Fs3%2Faws4_request&X-Amz-Date=20260903T130150Z&X-Amz-Expires=9328&X-Amz-Signature=d06370d2f0bef64978f164f612b5d1b45251f8b021aa37178b89830bb74c5a16&X-Amz-SignedHeaders=host%3Bx-amz-expected-bucket-owner&response-expires=Thu%2C%2003%20Sep%202026%2015%3A37%3A18%20GMT
CAPRICORN_SAGITTARIUS	Phone	Deep_Black	https://export-download.canva.com/bogJQ/DAHUJKbogJQ/-1/0/0039-3462656948659946232.jpg?X-Amz-Algorithm=AWS4-HMAC-SHA256&X-Amz-Credential=AKIAQYCGKMUH5AO7UJ26%2F20260903%2Fus-east-1%2Fs3%2Faws4_request&X-Amz-Date=20260903T074033Z&X-Amz-Expires=27938&X-Amz-Signature=6fb47d512ea87c4b2610062f56297b8be21220c47f76684b0c418518b6b337fb&X-Amz-SignedHeaders=host%3Bx-amz-expected-bucket-owner&response-expires=Thu%2C%2003%20Sep%202026%2015%3A26%3A11%20GMT
CAPRICORN_SCORPIO	Phone	Deep_Black	https://export-download.canva.com/bogJQ/DAHUJKbogJQ/-1/0/0040-3462656948659946232.jpg?X-Amz-Algorithm=AWS4-HMAC-SHA256&X-Amz-Credential=AKIAQYCGKMUH5AO7UJ26%2F20260903%2Fus-east-1%2Fs3%2Faws4_request&X-Amz-Date=20260903T034633Z&X-Amz-Expires=41840&X-Amz-Signature=b46f625c108915bbfa29732a46df5c5db7bcd8db823af0f281edcf29e0292321&X-Amz-SignedHeaders=host%3Bx-amz-expected-bucket-owner&response-expires=Thu%2C%2003%20Sep%202026%2015%3A23%3A53%20GMT
CAPRICORN_TAURUS	Phone	Deep_Black	https://export-download.canva.com/bogJQ/DAHUJKbogJQ/-1/0/0041-3462656948659946232.jpg?X-Amz-Algorithm=AWS4-HMAC-SHA256&X-Amz-Credential=AKIAQYCGKMUH5AO7UJ26%2F20260902%2Fus-east-1%2Fs3%2Faws4_request&X-Amz-Date=20260902T143554Z&X-Amz-Expires=89725&X-Amz-Signature=4123b11e9e72e924d87e35d9357730dee1595a4769021ba7373cea02958c5086&X-Amz-SignedHeaders=host%3Bx-amz-expected-bucket-owner&response-expires=Thu%2C%2003%20Sep%202026%2015%3A31%3A19%20GMT
CAPRICORN_VIRGO	Phone	Deep_Black	https://export-download.canva.com/bogJQ/DAHUJKbogJQ/-1/0/0042-3462656948659946232.jpg?X-Amz-Algorithm=AWS4-HMAC-SHA256&X-Amz-Credential=AKIAQYCGKMUH5AO7UJ26%2F20260902%2Fus-east-1%2Fs3%2Faws4_request&X-Amz-Date=20260902T162256Z&X-Amz-Expires=82292&X-Amz-Signature=c2b783e2cfea377da16d2f71e2649112eae78185a46fa7dd4383977e3cbeb5c4&X-Amz-SignedHeaders=host%3Bx-amz-expected-bucket-owner&response-expires=Thu%2C%2003%20Sep%202026%2015%3A14%3A28%20GMT
GEMINI_GEMINI	Phone	Deep_Black	https://export-download.canva.com/bogJQ/DAHUJKbogJQ/-1/0/0043-3462656948659946232.jpg?X-Amz-Algorithm=AWS4-HMAC-SHA256&X-Amz-Credential=AKIAQYCGKMUH5AO7UJ26%2F20260902%2Fus-east-1%2Fs3%2Faws4_request&X-Amz-Date=20260902T210356Z&X-Amz-Expires=66517&X-Amz-Signature=c1ddfcd9f3dad3864a655c23eb027bd5dea3247c602421a5e8d73e55e7245391&X-Amz-SignedHeaders=host%3Bx-amz-expected-bucket-owner&response-expires=Thu%2C%2003%20Sep%202026%2015%3A32%3A33%20GMT
GEMINI_LEO	Phone	Deep_Black	https://export-download.canva.com/bogJQ/DAHUJKbogJQ/-1/0/0044-3462656948659946232.jpg?X-Amz-Algorithm=AWS4-HMAC-SHA256&X-Amz-Credential=AKIAQYCGKMUH5AO7UJ26%2F20260902%2Fus-east-1%2Fs3%2Faws4_request&X-Amz-Date=20260902T143503Z&X-Amz-Expires=90968&X-Amz-Signature=ef5e76ede7b8bc2c0134645d5f921b50b5e9428ebf21789f1013d1f044613144&X-Amz-SignedHeaders=host%3Bx-amz-expected-bucket-owner&response-expires=Thu%2C%2003%20Sep%202026%2015%3A51%3A11%20GMT
GEMINI_LIBRA	Phone	Deep_Black	https://export-download.canva.com/bogJQ/DAHUJKbogJQ/-1/0/0045-3462656948659946232.jpg?X-Amz-Algorithm=AWS4-HMAC-SHA256&X-Amz-Credential=AKIAQYCGKMUH5AO7UJ26%2F20260903%2Fus-east-1%2Fs3%2Faws4_request&X-Amz-Date=20260903T103427Z&X-Amz-Expires=16899&X-Amz-Signature=5941e21d577a76c19889428c488e5fb6f4f3cbdfcbcd025508fb7dfc5af9a7bf&X-Amz-SignedHeaders=host%3Bx-amz-expected-bucket-owner&response-expires=Thu%2C%2003%20Sep%202026%2015%3A16%3A06%20GMT
GEMINI_PISCES	Phone	Deep_Black	https://export-download.canva.com/bogJQ/DAHUJKbogJQ/-1/0/0046-3462656948659946232.jpg?X-Amz-Algorithm=AWS4-HMAC-SHA256&X-Amz-Credential=AKIAQYCGKMUH5AO7UJ26%2F20260903%2Fus-east-1%2Fs3%2Faws4_request&X-Amz-Date=20260903T070419Z&X-Amz-Expires=30262&X-Amz-Signature=917cb7a94f77553ad7387292221478b0253887e0d8171cb9f38f6edaa944533b&X-Amz-SignedHeaders=host%3Bx-amz-expected-bucket-owner&response-expires=Thu%2C%2003%20Sep%202026%2015%3A28%3A41%20GMT
GEMINI_SAGITTARIUS	Phone	Deep_Black	https://export-download.canva.com/bogJQ/DAHUJKbogJQ/-1/0/0047-3462656948659946232.jpg?X-Amz-Algorithm=AWS4-HMAC-SHA256&X-Amz-Credential=AKIAQYCGKMUH5AO7UJ26%2F20260903%2Fus-east-1%2Fs3%2Faws4_request&X-Amz-Date=20260903T014027Z&X-Amz-Expires=52129&X-Amz-Signature=857bf97bd048f3034542924fafe21e7a1b191f4b3a1be726480960338cb14f2e&X-Amz-SignedHeaders=host%3Bx-amz-expected-bucket-owner&response-expires=Thu%2C%2003%20Sep%202026%2016%3A09%3A16%20GMT
GEMINI_SCORPIO	Phone	Deep_Black	https://export-download.canva.com/bogJQ/DAHUJKbogJQ/-1/0/0048-3462656948659946232.jpg?X-Amz-Algorithm=AWS4-HMAC-SHA256&X-Amz-Credential=AKIAQYCGKMUH5AO7UJ26%2F20260903%2Fus-east-1%2Fs3%2Faws4_request&X-Amz-Date=20260903T093833Z&X-Amz-Expires=21570&X-Amz-Signature=d781dc539de3bcdd12281b255a93db7600cb40795fe9b0075782c530d8799883&X-Amz-SignedHeaders=host%3Bx-amz-expected-bucket-owner&response-expires=Thu%2C%2003%20Sep%202026%2015%3A38%3A03%20GMT
GEMINI_TAURUS	Phone	Deep_Black	https://export-download.canva.com/bogJQ/DAHUJKbogJQ/-1/0/0049-3462656948659946232.jpg?X-Amz-Algorithm=AWS4-HMAC-SHA256&X-Amz-Credential=AKIAQYCGKMUH5AO7UJ26%2F20260902%2Fus-east-1%2Fs3%2Faws4_request&X-Amz-Date=20260902T221349Z&X-Amz-Expires=61282&X-Amz-Signature=eb2ac13408b98eccc0b61dc1f8851d8496da795c4dee0ace168af5ac04094964&X-Amz-SignedHeaders=host%3Bx-amz-expected-bucket-owner&response-expires=Thu%2C%2003%20Sep%202026%2015%3A15%3A11%20GMT
GEMINI_VIRGO	Phone	Deep_Black	https://export-download.canva.com/bogJQ/DAHUJKbogJQ/-1/0/0050-3462656948659946232.jpg?X-Amz-Algorithm=AWS4-HMAC-SHA256&X-Amz-Credential=AKIAQYCGKMUH5AO7UJ26%2F20260903%2Fus-east-1%2Fs3%2Faws4_request&X-Amz-Date=20260903T061905Z&X-Amz-Expires=34992&X-Amz-Signature=b91f69b1bfe7046ef31a99ea0012fc0481e9a1705f2277a82568f6fc0de07184&X-Amz-SignedHeaders=host%3Bx-amz-expected-bucket-owner&response-expires=Thu%2C%2003%20Sep%202026%2016%3A02%3A17%20GMT
LEO_LEO	Phone	Deep_Black	https://export-download.canva.com/bogJQ/DAHUJKbogJQ/-1/0/0051-3462656948659946232.jpg?X-Amz-Algorithm=AWS4-HMAC-SHA256&X-Amz-Credential=AKIAQYCGKMUH5AO7UJ26%2F20260902%2Fus-east-1%2Fs3%2Faws4_request&X-Amz-Date=20260902T210014Z&X-Amz-Expires=65829&X-Amz-Signature=11b2d6668d1c0f48baff53a7cedb963142d3bc08d9719262a3ba58108bfaf8f4&X-Amz-SignedHeaders=host%3Bx-amz-expected-bucket-owner&response-expires=Thu%2C%2003%20Sep%202026%2015%3A17%3A23%20GMT
LEO_LIBRA	Phone	Deep_Black	https://export-download.canva.com/bogJQ/DAHUJKbogJQ/-1/0/0052-3462656948659946232.jpg?X-Amz-Algorithm=AWS4-HMAC-SHA256&X-Amz-Credential=AKIAQYCGKMUH5AO7UJ26%2F20260902%2Fus-east-1%2Fs3%2Faws4_request&X-Amz-Date=20260902T173103Z&X-Amz-Expires=81511&X-Amz-Signature=5e27787792674545e14ceb1123e8e9a6537c11a5136d6aeab014e3f69e82cd42&X-Amz-SignedHeaders=host%3Bx-amz-expected-bucket-owner&response-expires=Thu%2C%2003%20Sep%202026%2016%3A09%3A34%20GMT
LEO_PISCES	Phone	Deep_Black	https://export-download.canva.com/bogJQ/DAHUJKbogJQ/-1/0/0053-3462656948659946232.jpg?X-Amz-Algorithm=AWS4-HMAC-SHA256&X-Amz-Credential=AKIAQYCGKMUH5AO7UJ26%2F20260903%2Fus-east-1%2Fs3%2Faws4_request&X-Amz-Date=20260903T095943Z&X-Amz-Expires=19160&X-Amz-Signature=b855a0bb8007692f7a4a5c178ad680af266ab4f6dacb1ca3298adc7a94138487&X-Amz-SignedHeaders=host%3Bx-amz-expected-bucket-owner&response-expires=Thu%2C%2003%20Sep%202026%2015%3A19%3A03%20GMT
LEO_SAGITTARIUS	Phone	Deep_Black	https://export-download.canva.com/bogJQ/DAHUJKbogJQ/-1/0/0054-3462656948659946232.jpg?X-Amz-Algorithm=AWS4-HMAC-SHA256&X-Amz-Credential=AKIAQYCGKMUH5AO7UJ26%2F20260903%2Fus-east-1%2Fs3%2Faws4_request&X-Amz-Date=20260903T091758Z&X-Amz-Expires=23281&X-Amz-Signature=e6a1538da35a1d740dde3d5f14513bd0d2f9ed2405ecea60d8a51914a8484f1f&X-Amz-SignedHeaders=host%3Bx-amz-expected-bucket-owner&response-expires=Thu%2C%2003%20Sep%202026%2015%3A45%3A59%20GMT
LEO_SCORPIO	Phone	Deep_Black	https://export-download.canva.com/bogJQ/DAHUJKbogJQ/-1/0/0055-3462656948659946232.jpg?X-Amz-Algorithm=AWS4-HMAC-SHA256&X-Amz-Credential=AKIAQYCGKMUH5AO7UJ26%2F20260903%2Fus-east-1%2Fs3%2Faws4_request&X-Amz-Date=20260903T012948Z&X-Amz-Expires=51963&X-Amz-Signature=7da5e521c14bd3bc749524a1b041fd79e63a2a0e53d291f2d681b8d784d82174&X-Amz-SignedHeaders=host%3Bx-amz-expected-bucket-owner&response-expires=Thu%2C%2003%20Sep%202026%2015%3A55%3A51%20GMT
LEO_TAURUS	Phone	Deep_Black	https://export-download.canva.com/bogJQ/DAHUJKbogJQ/-1/0/0056-3462656948659946232.jpg?X-Amz-Algorithm=AWS4-HMAC-SHA256&X-Amz-Credential=AKIAQYCGKMUH5AO7UJ26%2F20260902%2Fus-east-1%2Fs3%2Faws4_request&X-Amz-Date=20260902T183207Z&X-Amz-Expires=76592&X-Amz-Signature=cb0ae0dadfcd70f485be48f991c996eb5560d4925bbe7c960ab72ce6b51af5c2&X-Amz-SignedHeaders=host%3Bx-amz-expected-bucket-owner&response-expires=Thu%2C%2003%20Sep%202026%2015%3A48%3A39%20GMT
LEO_VIRGO	Phone	Deep_Black	https://export-download.canva.com/bogJQ/DAHUJKbogJQ/-1/0/0057-3462656948659946232.jpg?X-Amz-Algorithm=AWS4-HMAC-SHA256&X-Amz-Credential=AKIAQYCGKMUH5AO7UJ26%2F20260903%2Fus-east-1%2Fs3%2Faws4_request&X-Amz-Date=20260903T135653Z&X-Amz-Expires=5929&X-Amz-Signature=1d68324c35f197ac5665bbb8f64b16e047dfd95afd60eadf495bfbba2fd9a0ea&X-Amz-SignedHeaders=host%3Bx-amz-expected-bucket-owner&response-expires=Thu%2C%2003%20Sep%202026%2015%3A35%3A42%20GMT
LIBRA_LIBRA	Phone	Deep_Black	https://export-download.canva.com/bogJQ/DAHUJKbogJQ/-1/0/0058-3462656948659946232.jpg?X-Amz-Algorithm=AWS4-HMAC-SHA256&X-Amz-Credential=AKIAQYCGKMUH5AO7UJ26%2F20260903%2Fus-east-1%2Fs3%2Faws4_request&X-Amz-Date=20260903T072113Z&X-Amz-Expires=28463&X-Amz-Signature=2fad0125ba8b2fe6d26bd6c2feac0e9cd735fc5efb5f9188fc7590049efafad4&X-Amz-SignedHeaders=host%3Bx-amz-expected-bucket-owner&response-expires=Thu%2C%2003%20Sep%202026%2015%3A15%3A36%20GMT
LIBRA_PISCES	Phone	Deep_Black	https://export-download.canva.com/bogJQ/DAHUJKbogJQ/-1/0/0059-3462656948659946232.jpg?X-Amz-Algorithm=AWS4-HMAC-SHA256&X-Amz-Credential=AKIAQYCGKMUH5AO7UJ26%2F20260903%2Fus-east-1%2Fs3%2Faws4_request&X-Amz-Date=20260903T140823Z&X-Amz-Expires=6076&X-Amz-Signature=b05ce80fc6a840be132bbde822b7157c90aa5604cb7239b1d50abd8c8a63d378&X-Amz-SignedHeaders=host%3Bx-amz-expected-bucket-owner&response-expires=Thu%2C%2003%20Sep%202026%2015%3A49%3A39%20GMT
LIBRA_SAGITTARIUS	Phone	Deep_Black	https://export-download.canva.com/bogJQ/DAHUJKbogJQ/-1/0/0060-3462656948659946232.jpg?X-Amz-Algorithm=AWS4-HMAC-SHA256&X-Amz-Credential=AKIAQYCGKMUH5AO7UJ26%2F20260902%2Fus-east-1%2Fs3%2Faws4_request&X-Amz-Date=20260902T232007Z&X-Amz-Expires=59499&X-Amz-Signature=594f7bdad71f573e9cb0aec7062cd3859dc07a970e7045d09147c6f3270b1e8f&X-Amz-SignedHeaders=host%3Bx-amz-expected-bucket-owner&response-expires=Thu%2C%2003%20Sep%202026%2015%3A51%3A46%20GMT
LIBRA_SCORPIO	Phone	Deep_Black	https://export-download.canva.com/bogJQ/DAHUJKbogJQ/-1/0/0061-3462656948659946232.jpg?X-Amz-Algorithm=AWS4-HMAC-SHA256&X-Amz-Credential=AKIAQYCGKMUH5AO7UJ26%2F20260902%2Fus-east-1%2Fs3%2Faws4_request&X-Amz-Date=20260902T142208Z&X-Amz-Expires=89494&X-Amz-Signature=b0a21330aefb2ea299f60366e250e1010a4e8c800b39b201c17a5dfdeea9cd43&X-Amz-SignedHeaders=host%3Bx-amz-expected-bucket-owner&response-expires=Thu%2C%2003%20Sep%202026%2015%3A13%3A42%20GMT
LIBRA_TAURUS	Phone	Deep_Black	https://export-download.canva.com/bogJQ/DAHUJKbogJQ/-1/0/0062-3462656948659946232.jpg?X-Amz-Algorithm=AWS4-HMAC-SHA256&X-Amz-Credential=AKIAQYCGKMUH5AO7UJ26%2F20260902%2Fus-east-1%2Fs3%2Faws4_request&X-Amz-Date=20260902T180600Z&X-Amz-Expires=79090&X-Amz-Signature=216cc2f376ad8d601751e33380f0b1f76cf9937524e76fda15d9bd27d90f25d5&X-Amz-SignedHeaders=host%3Bx-amz-expected-bucket-owner&response-expires=Thu%2C%2003%20Sep%202026%2016%3A04%3A10%20GMT
LIBRA_VIRGO	Phone	Deep_Black	https://export-download.canva.com/bogJQ/DAHUJKbogJQ/-1/0/0063-3462656948659946232.jpg?X-Amz-Algorithm=AWS4-HMAC-SHA256&X-Amz-Credential=AKIAQYCGKMUH5AO7UJ26%2F20260903%2Fus-east-1%2Fs3%2Faws4_request&X-Amz-Date=20260903T073001Z&X-Amz-Expires=28361&X-Amz-Signature=6edd66eef5e8cf47d478639e479480275bbfaf5421fb28c1772d899766998d4c&X-Amz-SignedHeaders=host%3Bx-amz-expected-bucket-owner&response-expires=Thu%2C%2003%20Sep%202026%2015%3A22%3A42%20GMT
PISCES_PISCES	Phone	Deep_Black	https://export-download.canva.com/bogJQ/DAHUJKbogJQ/-1/0/0064-3462656948659946232.jpg?X-Amz-Algorithm=AWS4-HMAC-SHA256&X-Amz-Credential=AKIAQYCGKMUH5AO7UJ26%2F20260902%2Fus-east-1%2Fs3%2Faws4_request&X-Amz-Date=20260902T164536Z&X-Amz-Expires=82498&X-Amz-Signature=2d5d611965e613dde3a3762e899db52df35f21b0afcc57918a99276c32de154f&X-Amz-SignedHeaders=host%3Bx-amz-expected-bucket-owner&response-expires=Thu%2C%2003%20Sep%202026%2015%3A40%3A34%20GMT
PISCES_SAGITTARIUS	Phone	Deep_Black	https://export-download.canva.com/bogJQ/DAHUJKbogJQ/-1/0/0065-3462656948659946232.jpg?X-Amz-Algorithm=AWS4-HMAC-SHA256&X-Amz-Credential=AKIAQYCGKMUH5AO7UJ26%2F20260902%2Fus-east-1%2Fs3%2Faws4_request&X-Amz-Date=20260902T192258Z&X-Amz-Expires=73254&X-Amz-Signature=7ca0fae0d57ec6c988e3001d4e196726929020a9a97dfa1047ca494a9e4cf23a&X-Amz-SignedHeaders=host%3Bx-amz-expected-bucket-owner&response-expires=Thu%2C%2003%20Sep%202026%2015%3A43%3A52%20GMT
PISCES_SCORPIO	Phone	Deep_Black	https://export-download.canva.com/bogJQ/DAHUJKbogJQ/-1/0/0066-3462656948659946232.jpg?X-Amz-Algorithm=AWS4-HMAC-SHA256&X-Amz-Credential=AKIAQYCGKMUH5AO7UJ26%2F20260903%2Fus-east-1%2Fs3%2Faws4_request&X-Amz-Date=20260903T115308Z&X-Amz-Expires=14927&X-Amz-Signature=11fddf3d9781260741e4f73ac90f6e57ff34222b8dbaac4d555db8aae089326f&X-Amz-SignedHeaders=host%3Bx-amz-expected-bucket-owner&response-expires=Thu%2C%2003%20Sep%202026%2016%3A01%3A55%20GMT
PISCES_TAURUS	Phone	Deep_Black	https://export-download.canva.com/bogJQ/DAHUJKbogJQ/-1/0/0067-3462656948659946232.jpg?X-Amz-Algorithm=AWS4-HMAC-SHA256&X-Amz-Credential=AKIAQYCGKMUH5AO7UJ26%2F20260903%2Fus-east-1%2Fs3%2Faws4_request&X-Amz-Date=20260903T023045Z&X-Amz-Expires=49308&X-Amz-Signature=df93617ea61e4e2aef05eb74e8e2c7a6ae3f9fd69e900db4e53143cabc56f389&X-Amz-SignedHeaders=host%3Bx-amz-expected-bucket-owner&response-expires=Thu%2C%2003%20Sep%202026%2016%3A12%3A33%20GMT
PISCES_VIRGO	Phone	Deep_Black	https://export-download.canva.com/bogJQ/DAHUJKbogJQ/-1/0/0068-3462656948659946232.jpg?X-Amz-Algorithm=AWS4-HMAC-SHA256&X-Amz-Credential=AKIAQYCGKMUH5AO7UJ26%2F20260903%2Fus-east-1%2Fs3%2Faws4_request&X-Amz-Date=20260903T104620Z&X-Amz-Expires=16383&X-Amz-Signature=f69039e85bd4595a2aacce14f49f669b69760a50932503e0c9448e22d7ad6cd9&X-Amz-SignedHeaders=host%3Bx-amz-expected-bucket-owner&response-expires=Thu%2C%2003%20Sep%202026%2015%3A19%3A23%20GMT
SAGITTARIUS_SAGITTARIUS	Phone	Deep_Black	https://export-download.canva.com/bogJQ/DAHUJKbogJQ/-1/0/0069-3462656948659946232.jpg?X-Amz-Algorithm=AWS4-HMAC-SHA256&X-Amz-Credential=AKIAQYCGKMUH5AO7UJ26%2F20260903%2Fus-east-1%2Fs3%2Faws4_request&X-Amz-Date=20260903T102239Z&X-Amz-Expires=20647&X-Amz-Signature=42a0bf55159ac3cccce97aaef5ba7f120e18292ae6f6a8128731deec11cf08b4&X-Amz-SignedHeaders=host%3Bx-amz-expected-bucket-owner&response-expires=Thu%2C%2003%20Sep%202026%2016%3A06%3A46%20GMT
SAGITTARIUS_SCORPIO	Phone	Deep_Black	https://export-download.canva.com/bogJQ/DAHUJKbogJQ/-1/0/0070-3462656948659946232.jpg?X-Amz-Algorithm=AWS4-HMAC-SHA256&X-Amz-Credential=AKIAQYCGKMUH5AO7UJ26%2F20260903%2Fus-east-1%2Fs3%2Faws4_request&X-Amz-Date=20260903T070142Z&X-Amz-Expires=31635&X-Amz-Signature=35a8e6c3399a7f124bc336d415ad8ccd58c77d4152097937b118512429cd08d8&X-Amz-SignedHeaders=host%3Bx-amz-expected-bucket-owner&response-expires=Thu%2C%2003%20Sep%202026%2015%3A48%3A57%20GMT
SAGITTARIUS_TAURUS	Phone	Deep_Black	https://export-download.canva.com/bogJQ/DAHUJKbogJQ/-1/0/0071-3462656948659946232.jpg?X-Amz-Algorithm=AWS4-HMAC-SHA256&X-Amz-Credential=AKIAQYCGKMUH5AO7UJ26%2F20260903%2Fus-east-1%2Fs3%2Faws4_request&X-Amz-Date=20260903T133824Z&X-Amz-Expires=7042&X-Amz-Signature=fa271b057595c6544c73d5701cb5986745f64e6094f86d1cde10f3cb51ce2688&X-Amz-SignedHeaders=host%3Bx-amz-expected-bucket-owner&response-expires=Thu%2C%2003%20Sep%202026%2015%3A35%3A46%20GMT
SAGITTARIUS_VIRGO	Phone	Deep_Black	https://export-download.canva.com/bogJQ/DAHUJKbogJQ/-1/0/0072-3462656948659946232.jpg?X-Amz-Algorithm=AWS4-HMAC-SHA256&X-Amz-Credential=AKIAQYCGKMUH5AO7UJ26%2F20260902%2Fus-east-1%2Fs3%2Faws4_request&X-Amz-Date=20260902T223603Z&X-Amz-Expires=60568&X-Amz-Signature=270cd4e051734f5cc6084a4c9b1277ed27e8b0ca27aef1b8025cb0d5eacfa0fd&X-Amz-SignedHeaders=host%3Bx-amz-expected-bucket-owner&response-expires=Thu%2C%2003%20Sep%202026%2015%3A25%3A31%20GMT
SCORPIO_SCORPIO	Phone	Deep_Black	https://export-download.canva.com/bogJQ/DAHUJKbogJQ/-1/0/0073-3462656948659946232.jpg?X-Amz-Algorithm=AWS4-HMAC-SHA256&X-Amz-Credential=AKIAQYCGKMUH5AO7UJ26%2F20260903%2Fus-east-1%2Fs3%2Faws4_request&X-Amz-Date=20260903T045845Z&X-Amz-Expires=37863&X-Amz-Signature=75c1c615ee8378abf61f8050fd27317427f6f3fb34bd142122625482271492d3&X-Amz-SignedHeaders=host%3Bx-amz-expected-bucket-owner&response-expires=Thu%2C%2003%20Sep%202026%2015%3A29%3A48%20GMT
SCORPIO_TAURUS	Phone	Deep_Black	https://export-download.canva.com/bogJQ/DAHUJKbogJQ/-1/0/0074-3462656948659946232.jpg?X-Amz-Algorithm=AWS4-HMAC-SHA256&X-Amz-Credential=AKIAQYCGKMUH5AO7UJ26%2F20260903%2Fus-east-1%2Fs3%2Faws4_request&X-Amz-Date=20260903T112852Z&X-Amz-Expires=16688&X-Amz-Signature=cb7f2ced3e2608ee85c4ebd8a79c8cdedadccffdb259ef569f87b8afff6d56f8&X-Amz-SignedHeaders=host%3Bx-amz-expected-bucket-owner&response-expires=Thu%2C%2003%20Sep%202026%2016%3A07%3A00%20GMT
SCORPIO_VIRGO	Phone	Deep_Black	https://export-download.canva.com/bogJQ/DAHUJKbogJQ/-1/0/0075-3462656948659946232.jpg?X-Amz-Algorithm=AWS4-HMAC-SHA256&X-Amz-Credential=AKIAQYCGKMUH5AO7UJ26%2F20260902%2Fus-east-1%2Fs3%2Faws4_request&X-Amz-Date=20260902T190356Z&X-Amz-Expires=74234&X-Amz-Signature=4030c252d62ca0ff4f55803b9f6bfc6d45fc1af44b0ba3097469e75668c87e53&X-Amz-SignedHeaders=host%3Bx-amz-expected-bucket-owner&response-expires=Thu%2C%2003%20Sep%202026%2015%3A41%3A10%20GMT
TAURUS_TAURUS	Phone	Deep_Black	https://export-download.canva.com/bogJQ/DAHUJKbogJQ/-1/0/0076-3462656948659946232.jpg?X-Amz-Algorithm=AWS4-HMAC-SHA256&X-Amz-Credential=AKIAQYCGKMUH5AO7UJ26%2F20260903%2Fus-east-1%2Fs3%2Faws4_request&X-Amz-Date=20260903T082043Z&X-Amz-Expires=27456&X-Amz-Signature=6a1bc683b21f3cb5491a5401f0729e31ddccae80505f31056821138df39b5190&X-Amz-SignedHeaders=host%3Bx-amz-expected-bucket-owner&response-expires=Thu%2C%2003%20Sep%202026%2015%3A58%3A19%20GMT
TAURUS_VIRGO	Phone	Deep_Black	https://export-download.canva.com/bogJQ/DAHUJKbogJQ/-1/0/0077-3462656948659946232.jpg?X-Amz-Algorithm=AWS4-HMAC-SHA256&X-Amz-Credential=AKIAQYCGKMUH5AO7UJ26%2F20260902%2Fus-east-1%2Fs3%2Faws4_request&X-Amz-Date=20260902T160337Z&X-Amz-Expires=85007&X-Amz-Signature=9fe28bb02cbc44581e35032d63495f3895cf78e27055ae652f909560f6eb9c20&X-Amz-SignedHeaders=host%3Bx-amz-expected-bucket-owner&response-expires=Thu%2C%2003%20Sep%202026%2015%3A40%3A24%20GMT
VIRGO_VIRGO	Phone	Deep_Black	https://export-download.canva.com/bogJQ/DAHUJKbogJQ/-1/0/0078-3462656948659946232.jpg?X-Amz-Algorithm=AWS4-HMAC-SHA256&X-Amz-Credential=AKIAQYCGKMUH5AO7UJ26%2F20260903%2Fus-east-1%2Fs3%2Faws4_request&X-Amz-Date=20260903T073819Z&X-Amz-Expires=29530&X-Amz-Signature=ad3a78794f0c6a920c7f60e543cf56c01baaf8cdc9ec2423aab96e03e84e2e11&X-Amz-SignedHeaders=host%3Bx-amz-expected-bucket-owner&response-expires=Thu%2C%2003%20Sep%202026%2015%3A50%3A29%20GMT
AQUARIUS_AQUARIUS	Tablet	Deep_Black	https://export-download.canva.com/kJkUo/DAHUJMkJkUo/-1/0/0001-8010166674921216311.jpg?X-Amz-Algorithm=AWS4-HMAC-SHA256&X-Amz-Credential=AKIAQYCGKMUH5AO7UJ26%2F20260902%2Fus-east-1%2Fs3%2Faws4_request&X-Amz-Date=20260902T225141Z&X-Amz-Expires=62200&X-Amz-Signature=751a4cbf48440cdd85f9a18bee4cdecf09bdf2cc798d0595b6b78d2e3ea8467a&X-Amz-SignedHeaders=host%3Bx-amz-expected-bucket-owner&response-expires=Thu%2C%2003%20Sep%202026%2016%3A08%3A21%20GMT
AQUARIUS_ARIES	Tablet	Deep_Black	https://export-download.canva.com/kJkUo/DAHUJMkJkUo/-1/0/0002-8010166674921216311.jpg?X-Amz-Algorithm=AWS4-HMAC-SHA256&X-Amz-Credential=AKIAQYCGKMUH5AO7UJ26%2F20260903%2Fus-east-1%2Fs3%2Faws4_request&X-Amz-Date=20260903T133106Z&X-Amz-Expires=9102&X-Amz-Signature=7940fef09d19bffc81cde9448aae5e8efc113a330ec61461317e05dd5719ff4a&X-Amz-SignedHeaders=host%3Bx-amz-expected-bucket-owner&response-expires=Thu%2C%2003%20Sep%202026%2016%3A02%3A48%20GMT
AQUARIUS_CANCER	Tablet	Deep_Black	https://export-download.canva.com/kJkUo/DAHUJMkJkUo/-1/0/0003-8010166674921216311.jpg?X-Amz-Algorithm=AWS4-HMAC-SHA256&X-Amz-Credential=AKIAQYCGKMUH5AO7UJ26%2F20260903%2Fus-east-1%2Fs3%2Faws4_request&X-Amz-Date=20260903T060624Z&X-Amz-Expires=34156&X-Amz-Signature=1e2c760d3afca67edff58dfd436850c48d77a35fb67e2f51b03f389ff2a5e920&X-Amz-SignedHeaders=host%3Bx-amz-expected-bucket-owner&response-expires=Thu%2C%2003%20Sep%202026%2015%3A35%3A40%20GMT
AQUARIUS_CAPRICORN	Tablet	Deep_Black	https://export-download.canva.com/kJkUo/DAHUJMkJkUo/-1/0/0004-8010166674921216311.jpg?X-Amz-Algorithm=AWS4-HMAC-SHA256&X-Amz-Credential=AKIAQYCGKMUH5AO7UJ26%2F20260903%2Fus-east-1%2Fs3%2Faws4_request&X-Amz-Date=20260903T085239Z&X-Amz-Expires=26265&X-Amz-Signature=f49e2d4216139f55b3ef5d5d8c448d570bda46c65a0dcdd268a07515d76caf32&X-Amz-SignedHeaders=host%3Bx-amz-expected-bucket-owner&response-expires=Thu%2C%2003%20Sep%202026%2016%3A10%3A24%20GMT
AQUARIUS_GEMINI	Tablet	Deep_Black	https://export-download.canva.com/kJkUo/DAHUJMkJkUo/-1/0/0005-8010166674921216311.jpg?X-Amz-Algorithm=AWS4-HMAC-SHA256&X-Amz-Credential=AKIAQYCGKMUH5AO7UJ26%2F20260902%2Fus-east-1%2Fs3%2Faws4_request&X-Amz-Date=20260902T161300Z&X-Amz-Expires=84140&X-Amz-Signature=6ef250406491f02155c5d4ec4117c99578fca389feb583d6fe7b7a44c530d611&X-Amz-SignedHeaders=host%3Bx-amz-expected-bucket-owner&response-expires=Thu%2C%2003%20Sep%202026%2015%3A35%3A20%20GMT
AQUARIUS_LEO	Tablet	Deep_Black	https://export-download.canva.com/kJkUo/DAHUJMkJkUo/-1/0/0006-8010166674921216311.jpg?X-Amz-Algorithm=AWS4-HMAC-SHA256&X-Amz-Credential=AKIAQYCGKMUH5AO7UJ26%2F20260903%2Fus-east-1%2Fs3%2Faws4_request&X-Amz-Date=20260903T090314Z&X-Amz-Expires=22556&X-Amz-Signature=297fe284ddda43f29d29aacb48c8536134993462f2b539f20cd02f476bcc860e&X-Amz-SignedHeaders=host%3Bx-amz-expected-bucket-owner&response-expires=Thu%2C%2003%20Sep%202026%2015%3A19%3A10%20GMT
AQUARIUS_LIBRA	Tablet	Deep_Black	https://export-download.canva.com/kJkUo/DAHUJMkJkUo/-1/0/0007-8010166674921216311.jpg?X-Amz-Algorithm=AWS4-HMAC-SHA256&X-Amz-Credential=AKIAQYCGKMUH5AO7UJ26%2F20260903%2Fus-east-1%2Fs3%2Faws4_request&X-Amz-Date=20260903T091444Z&X-Amz-Expires=23154&X-Amz-Signature=69f5fe678dff6e4b3fa0ea9367fca73ca21fd7de92b1ee494d6497107ac46169&X-Amz-SignedHeaders=host%3Bx-amz-expected-bucket-owner&response-expires=Thu%2C%2003%20Sep%202026%2015%3A40%3A38%20GMT
AQUARIUS_PISCES	Tablet	Deep_Black	https://export-download.canva.com/kJkUo/DAHUJMkJkUo/-1/0/0008-8010166674921216311.jpg?X-Amz-Algorithm=AWS4-HMAC-SHA256&X-Amz-Credential=AKIAQYCGKMUH5AO7UJ26%2F20260902%2Fus-east-1%2Fs3%2Faws4_request&X-Amz-Date=20260902T154355Z&X-Amz-Expires=86832&X-Amz-Signature=2d5a30c06e20c15f2b6ba2df82f66a4ce93adaaceabff2e35b7ef792951725fe&X-Amz-SignedHeaders=host%3Bx-amz-expected-bucket-owner&response-expires=Thu%2C%2003%20Sep%202026%2015%3A51%3A07%20GMT
AQUARIUS_SAGITTARIUS	Tablet	Deep_Black	https://export-download.canva.com/kJkUo/DAHUJMkJkUo/-1/0/0009-8010166674921216311.jpg?X-Amz-Algorithm=AWS4-HMAC-SHA256&X-Amz-Credential=AKIAQYCGKMUH5AO7UJ26%2F20260902%2Fus-east-1%2Fs3%2Faws4_request&X-Amz-Date=20260902T162152Z&X-Amz-Expires=83186&X-Amz-Signature=a98afbfed4d5769c24effb9a3baa65df884375bf82af37745d6a648e07cddc01&X-Amz-SignedHeaders=host%3Bx-amz-expected-bucket-owner&response-expires=Thu%2C%2003%20Sep%202026%2015%3A28%3A18%20GMT
AQUARIUS_SCORPIO	Tablet	Deep_Black	https://export-download.canva.com/kJkUo/DAHUJMkJkUo/-1/0/0010-8010166674921216311.jpg?X-Amz-Algorithm=AWS4-HMAC-SHA256&X-Amz-Credential=AKIAQYCGKMUH5AO7UJ26%2F20260903%2Fus-east-1%2Fs3%2Faws4_request&X-Amz-Date=20260903T112847Z&X-Amz-Expires=15299&X-Amz-Signature=c55ae870cfe2e50e9a8856140bdd74d9c2d60071e44531c3ad9e4edbc943664f&X-Amz-SignedHeaders=host%3Bx-amz-expected-bucket-owner&response-expires=Thu%2C%2003%20Sep%202026%2015%3A43%3A46%20GMT
AQUARIUS_TAURUS	Tablet	Deep_Black	https://export-download.canva.com/kJkUo/DAHUJMkJkUo/-1/0/0011-8010166674921216311.jpg?X-Amz-Algorithm=AWS4-HMAC-SHA256&X-Amz-Credential=AKIAQYCGKMUH5AO7UJ26%2F20260903%2Fus-east-1%2Fs3%2Faws4_request&X-Amz-Date=20260903T053348Z&X-Amz-Expires=34880&X-Amz-Signature=78b75843d8ec0ce98f16b1a14b41665421d1f92e7ca20a2d3db37ce2ed1d01c5&X-Amz-SignedHeaders=host%3Bx-amz-expected-bucket-owner&response-expires=Thu%2C%2003%20Sep%202026%2015%3A15%3A08%20GMT
AQUARIUS_VIRGO	Tablet	Deep_Black	https://export-download.canva.com/kJkUo/DAHUJMkJkUo/-1/0/0012-8010166674921216311.jpg?X-Amz-Algorithm=AWS4-HMAC-SHA256&X-Amz-Credential=AKIAQYCGKMUH5AO7UJ26%2F20260902%2Fus-east-1%2Fs3%2Faws4_request&X-Amz-Date=20260902T143455Z&X-Amz-Expires=90772&X-Amz-Signature=4137d597fd836c5df69d5bd6988809c51b0b5df1a08e035b816f44c7b5017219&X-Amz-SignedHeaders=host%3Bx-amz-expected-bucket-owner&response-expires=Thu%2C%2003%20Sep%202026%2015%3A47%3A47%20GMT
ARIES_ARIES	Tablet	Deep_Black	https://export-download.canva.com/kJkUo/DAHUJMkJkUo/-1/0/0013-8010166674921216311.jpg?X-Amz-Algorithm=AWS4-HMAC-SHA256&X-Amz-Credential=AKIAQYCGKMUH5AO7UJ26%2F20260902%2Fus-east-1%2Fs3%2Faws4_request&X-Amz-Date=20260902T191359Z&X-Amz-Expires=74317&X-Amz-Signature=97b6a88ef06a1a7f6f7702bac4dd7a9f22fa14c1df5976e54405fd1c4533e0e9&X-Amz-SignedHeaders=host%3Bx-amz-expected-bucket-owner&response-expires=Thu%2C%2003%20Sep%202026%2015%3A52%3A36%20GMT
ARIES_CANCER	Tablet	Deep_Black	https://export-download.canva.com/kJkUo/DAHUJMkJkUo/-1/0/0014-8010166674921216311.jpg?X-Amz-Algorithm=AWS4-HMAC-SHA256&X-Amz-Credential=AKIAQYCGKMUH5AO7UJ26%2F20260903%2Fus-east-1%2Fs3%2Faws4_request&X-Amz-Date=20260903T134357Z&X-Amz-Expires=8226&X-Amz-Signature=44cd099a26d6beb12b55c2f97667611cf444535227076fc0eecbc41b61997283&X-Amz-SignedHeaders=host%3Bx-amz-expected-bucket-owner&response-expires=Thu%2C%2003%20Sep%202026%2016%3A01%3A03%20GMT
ARIES_CAPRICORN	Tablet	Deep_Black	https://export-download.canva.com/kJkUo/DAHUJMkJkUo/-1/0/0015-8010166674921216311.jpg?X-Amz-Algorithm=AWS4-HMAC-SHA256&X-Amz-Credential=AKIAQYCGKMUH5AO7UJ26%2F20260902%2Fus-east-1%2Fs3%2Faws4_request&X-Amz-Date=20260902T234524Z&X-Amz-Expires=59103&X-Amz-Signature=9af7ea45a1e5ecde1d3c91866c29774e3553f9c7c50f83f6a2f068ecf83dafda&X-Amz-SignedHeaders=host%3Bx-amz-expected-bucket-owner&response-expires=Thu%2C%2003%20Sep%202026%2016%3A10%3A27%20GMT
ARIES_GEMINI	Tablet	Deep_Black	https://export-download.canva.com/kJkUo/DAHUJMkJkUo/-1/0/0016-8010166674921216311.jpg?X-Amz-Algorithm=AWS4-HMAC-SHA256&X-Amz-Credential=AKIAQYCGKMUH5AO7UJ26%2F20260903%2Fus-east-1%2Fs3%2Faws4_request&X-Amz-Date=20260903T044127Z&X-Amz-Expires=40335&X-Amz-Signature=c844721dccb786f6ed7ee1d5a2cb3334430632b85948cd87c5a2c7d1516f1343&X-Amz-SignedHeaders=host%3Bx-amz-expected-bucket-owner&response-expires=Thu%2C%2003%20Sep%202026%2015%3A53%3A42%20GMT
ARIES_LEO	Tablet	Deep_Black	https://export-download.canva.com/kJkUo/DAHUJMkJkUo/-1/0/0017-8010166674921216311.jpg?X-Amz-Algorithm=AWS4-HMAC-SHA256&X-Amz-Credential=AKIAQYCGKMUH5AO7UJ26%2F20260903%2Fus-east-1%2Fs3%2Faws4_request&X-Amz-Date=20260903T090124Z&X-Amz-Expires=24435&X-Amz-Signature=405cb212fb37bfd23f3e8d15b3308b25387daa817299e45f43a7c840035feb6e&X-Amz-SignedHeaders=host%3Bx-amz-expected-bucket-owner&response-expires=Thu%2C%2003%20Sep%202026%2015%3A48%3A39%20GMT
ARIES_LIBRA	Tablet	Deep_Black	https://export-download.canva.com/kJkUo/DAHUJMkJkUo/-1/0/0018-8010166674921216311.jpg?X-Amz-Algorithm=AWS4-HMAC-SHA256&X-Amz-Credential=AKIAQYCGKMUH5AO7UJ26%2F20260903%2Fus-east-1%2Fs3%2Faws4_request&X-Amz-Date=20260903T074805Z&X-Amz-Expires=27556&X-Amz-Signature=cae980399d6abfc06f6c30c96ba8328ad4ad1987df68bac77585856d0cd633a3&X-Amz-SignedHeaders=host%3Bx-amz-expected-bucket-owner&response-expires=Thu%2C%2003%20Sep%202026%2015%3A27%3A21%20GMT
ARIES_PISCES	Tablet	Deep_Black	https://export-download.canva.com/kJkUo/DAHUJMkJkUo/-1/0/0019-8010166674921216311.jpg?X-Amz-Algorithm=AWS4-HMAC-SHA256&X-Amz-Credential=AKIAQYCGKMUH5AO7UJ26%2F20260903%2Fus-east-1%2Fs3%2Faws4_request&X-Amz-Date=20260903T042339Z&X-Amz-Expires=40562&X-Amz-Signature=9666759c6833ff24241558ce8a5e6869bc8b14ef083b0566fbddc541f2edcd2d&X-Amz-SignedHeaders=host%3Bx-amz-expected-bucket-owner&response-expires=Thu%2C%2003%20Sep%202026%2015%3A39%3A41%20GMT
ARIES_SAGITTARIUS	Tablet	Deep_Black	https://export-download.canva.com/kJkUo/DAHUJMkJkUo/-1/0/0020-8010166674921216311.jpg?X-Amz-Algorithm=AWS4-HMAC-SHA256&X-Amz-Credential=AKIAQYCGKMUH5AO7UJ26%2F20260902%2Fus-east-1%2Fs3%2Faws4_request&X-Amz-Date=20260902T202420Z&X-Amz-Expires=68866&X-Amz-Signature=558d67afc69005d83759afdacac79d7673b846f3c7672eca5385c64fca9f9d1f&X-Amz-SignedHeaders=host%3Bx-amz-expected-bucket-owner&response-expires=Thu%2C%2003%20Sep%202026%2015%3A32%3A06%20GMT
ARIES_SCORPIO	Tablet	Deep_Black	https://export-download.canva.com/kJkUo/DAHUJMkJkUo/-1/0/0021-8010166674921216311.jpg?X-Amz-Algorithm=AWS4-HMAC-SHA256&X-Amz-Credential=AKIAQYCGKMUH5AO7UJ26%2F20260903%2Fus-east-1%2Fs3%2Faws4_request&X-Amz-Date=20260903T102019Z&X-Amz-Expires=18364&X-Amz-Signature=d487ec3932c03e86b669393fbcae9d1ad9a6ccfde5ec1bdc6a648e4df9b400dc&X-Amz-SignedHeaders=host%3Bx-amz-expected-bucket-owner&response-expires=Thu%2C%2003%20Sep%202026%2015%3A26%3A23%20GMT
ARIES_TAURUS	Tablet	Deep_Black	https://export-download.canva.com/kJkUo/DAHUJMkJkUo/-1/0/0022-8010166674921216311.jpg?X-Amz-Algorithm=AWS4-HMAC-SHA256&X-Amz-Credential=AKIAQYCGKMUH5AO7UJ26%2F20260903%2Fus-east-1%2Fs3%2Faws4_request&X-Amz-Date=20260903T094127Z&X-Amz-Expires=21555&X-Amz-Signature=52470ca871f3756fe2a693edf9d0c6768887c4bffa6740813d93785eed2501f5&X-Amz-SignedHeaders=host%3Bx-amz-expected-bucket-owner&response-expires=Thu%2C%2003%20Sep%202026%2015%3A40%3A42%20GMT
ARIES_VIGRO	Tablet	Deep_Black	https://export-download.canva.com/kJkUo/DAHUJMkJkUo/-1/0/0023-8010166674921216311.jpg?X-Amz-Algorithm=AWS4-HMAC-SHA256&X-Amz-Credential=AKIAQYCGKMUH5AO7UJ26%2F20260903%2Fus-east-1%2Fs3%2Faws4_request&X-Amz-Date=20260903T072753Z&X-Amz-Expires=28151&X-Amz-Signature=ae4464c66c3596ad293334e1d983edb7447abebb7b50d20ac49c01a11b245427&X-Amz-SignedHeaders=host%3Bx-amz-expected-bucket-owner&response-expires=Thu%2C%2003%20Sep%202026%2015%3A17%3A04%20GMT
CANCER_CANCER	Tablet	Deep_Black	https://export-download.canva.com/kJkUo/DAHUJMkJkUo/-1/0/0024-8010166674921216311.jpg?X-Amz-Algorithm=AWS4-HMAC-SHA256&X-Amz-Credential=AKIAQYCGKMUH5AO7UJ26%2F20260902%2Fus-east-1%2Fs3%2Faws4_request&X-Amz-Date=20260902T224352Z&X-Amz-Expires=62552&X-Amz-Signature=15dfbe40d1d6cd393e529d1d78a3aa6b9a102f202e538467b6f81d4815c76e81&X-Amz-SignedHeaders=host%3Bx-amz-expected-bucket-owner&response-expires=Thu%2C%2003%20Sep%202026%2016%3A06%3A24%20GMT
CANCER_CAPRICORN	Tablet	Deep_Black	https://export-download.canva.com/kJkUo/DAHUJMkJkUo/-1/0/0025-8010166674921216311.jpg?X-Amz-Algorithm=AWS4-HMAC-SHA256&X-Amz-Credential=AKIAQYCGKMUH5AO7UJ26%2F20260903%2Fus-east-1%2Fs3%2Faws4_request&X-Amz-Date=20260903T071745Z&X-Amz-Expires=30743&X-Amz-Signature=d3865c5150f99aeb93cf997c22fdfd5ffce7fe77d02a514a0d8fd32fc3edc5d5&X-Amz-SignedHeaders=host%3Bx-amz-expected-bucket-owner&response-expires=Thu%2C%2003%20Sep%202026%2015%3A50%3A08%20GMT
CANCER_GEMINI	Tablet	Deep_Black	https://export-download.canva.com/kJkUo/DAHUJMkJkUo/-1/0/0026-8010166674921216311.jpg?X-Amz-Algorithm=AWS4-HMAC-SHA256&X-Amz-Credential=AKIAQYCGKMUH5AO7UJ26%2F20260903%2Fus-east-1%2Fs3%2Faws4_request&X-Amz-Date=20260903T111220Z&X-Amz-Expires=16327&X-Amz-Signature=bab86a5322aee253571a9d1b55cc32d7898f89460e408db8d9ca0960812c7a46&X-Amz-SignedHeaders=host%3Bx-amz-expected-bucket-owner&response-expires=Thu%2C%2003%20Sep%202026%2015%3A44%3A27%20GMT
CANCER_LEO	Tablet	Deep_Black	https://export-download.canva.com/kJkUo/DAHUJMkJkUo/-1/0/0027-8010166674921216311.jpg?X-Amz-Algorithm=AWS4-HMAC-SHA256&X-Amz-Credential=AKIAQYCGKMUH5AO7UJ26%2F20260903%2Fus-east-1%2Fs3%2Faws4_request&X-Amz-Date=20260903T101021Z&X-Amz-Expires=19980&X-Amz-Signature=78ee6ea980f6e6519dc84e7b84442fb7137348b39a591c9073ecff548a803174&X-Amz-SignedHeaders=host%3Bx-amz-expected-bucket-owner&response-expires=Thu%2C%2003%20Sep%202026%2015%3A43%3A21%20GMT
CANCER_LIBRA	Tablet	Deep_Black	https://export-download.canva.com/kJkUo/DAHUJMkJkUo/-1/0/0028-8010166674921216311.jpg?X-Amz-Algorithm=AWS4-HMAC-SHA256&X-Amz-Credential=AKIAQYCGKMUH5AO7UJ26%2F20260903%2Fus-east-1%2Fs3%2Faws4_request&X-Amz-Date=20260903T114227Z&X-Amz-Expires=15406&X-Amz-Signature=fe53a98640d7c45c3edd14003e8717312fd888cc4c797ae169d326d70d5f06ed&X-Amz-SignedHeaders=host%3Bx-amz-expected-bucket-owner&response-expires=Thu%2C%2003%20Sep%202026%2015%3A59%3A13%20GMT
CANCER_PISCES	Tablet	Deep_Black	https://export-download.canva.com/kJkUo/DAHUJMkJkUo/-1/0/0029-8010166674921216311.jpg?X-Amz-Algorithm=AWS4-HMAC-SHA256&X-Amz-Credential=AKIAQYCGKMUH5AO7UJ26%2F20260902%2Fus-east-1%2Fs3%2Faws4_request&X-Amz-Date=20260902T211807Z&X-Amz-Expires=66546&X-Amz-Signature=f9bc5c6ed1e33c5cd06d0031fc7d98110c7745eae05acf07f9cc23167e7977c1&X-Amz-SignedHeaders=host%3Bx-amz-expected-bucket-owner&response-expires=Thu%2C%2003%20Sep%202026%2015%3A47%3A13%20GMT
CANCER_SAGITTARIUS	Tablet	Deep_Black	https://export-download.canva.com/kJkUo/DAHUJMkJkUo/-1/0/0030-8010166674921216311.jpg?X-Amz-Algorithm=AWS4-HMAC-SHA256&X-Amz-Credential=AKIAQYCGKMUH5AO7UJ26%2F20260903%2Fus-east-1%2Fs3%2Faws4_request&X-Amz-Date=20260903T075856Z&X-Amz-Expires=26296&X-Amz-Signature=219a9a537f1fdcc469ed8182902c5538144d37d94a73b96eaec3e262352962fe&X-Amz-SignedHeaders=host%3Bx-amz-expected-bucket-owner&response-expires=Thu%2C%2003%20Sep%202026%2015%3A17%3A12%20GMT
CANCER_SCORPIO	Tablet	Deep_Black	https://export-download.canva.com/kJkUo/DAHUJMkJkUo/-1/0/0031-8010166674921216311.jpg?X-Amz-Algorithm=AWS4-HMAC-SHA256&X-Amz-Credential=AKIAQYCGKMUH5AO7UJ26%2F20260902%2Fus-east-1%2Fs3%2Faws4_request&X-Amz-Date=20260902T151125Z&X-Amz-Expires=86932&X-Amz-Signature=3f8cee7118d5e19e95554fd4e9d9b0a0d4fe7a78860940e84b114d89ac6d6746&X-Amz-SignedHeaders=host%3Bx-amz-expected-bucket-owner&response-expires=Thu%2C%2003%20Sep%202026%2015%3A20%3A17%20GMT
CANCER_TAURUS	Tablet	Deep_Black	https://export-download.canva.com/kJkUo/DAHUJMkJkUo/-1/0/0032-8010166674921216311.jpg?X-Amz-Algorithm=AWS4-HMAC-SHA256&X-Amz-Credential=AKIAQYCGKMUH5AO7UJ26%2F20260903%2Fus-east-1%2Fs3%2Faws4_request&X-Amz-Date=20260903T054926Z&X-Amz-Expires=34526&X-Amz-Signature=00cf39e606ef23493404e822f83b286cc530a30cac688b719a061c683df37c2b&X-Amz-SignedHeaders=host%3Bx-amz-expected-bucket-owner&response-expires=Thu%2C%2003%20Sep%202026%2015%3A24%3A52%20GMT
CANCER_VIRGO	Tablet	Deep_Black	https://export-download.canva.com/kJkUo/DAHUJMkJkUo/-1/0/0033-8010166674921216311.jpg?X-Amz-Algorithm=AWS4-HMAC-SHA256&X-Amz-Credential=AKIAQYCGKMUH5AO7UJ26%2F20260903%2Fus-east-1%2Fs3%2Faws4_request&X-Amz-Date=20260903T102459Z&X-Amz-Expires=19406&X-Amz-Signature=e7d1e7d5033a57b47182455a07d1cd0439375aaed8cb5bca3c485d40cb111660&X-Amz-SignedHeaders=host%3Bx-amz-expected-bucket-owner&response-expires=Thu%2C%2003%20Sep%202026%2015%3A48%3A25%20GMT
CAPRICORN_CAPRICORN	Tablet	Deep_Black	https://export-download.canva.com/kJkUo/DAHUJMkJkUo/-1/0/0034-8010166674921216311.jpg?X-Amz-Algorithm=AWS4-HMAC-SHA256&X-Amz-Credential=AKIAQYCGKMUH5AO7UJ26%2F20260902%2Fus-east-1%2Fs3%2Faws4_request&X-Amz-Date=20260902T201404Z&X-Amz-Expires=71147&X-Amz-Signature=f03102e53475700a8bf3ec2e94aba34717210b91d4be13db0e3872d4d315a78f&X-Amz-SignedHeaders=host%3Bx-amz-expected-bucket-owner&response-expires=Thu%2C%2003%20Sep%202026%2015%3A59%3A51%20GMT
CAPRICORN_GEMINI	Tablet	Deep_Black	https://export-download.canva.com/kJkUo/DAHUJMkJkUo/-1/0/0035-8010166674921216311.jpg?X-Amz-Algorithm=AWS4-HMAC-SHA256&X-Amz-Credential=AKIAQYCGKMUH5AO7UJ26%2F20260903%2Fus-east-1%2Fs3%2Faws4_request&X-Amz-Date=20260903T045902Z&X-Amz-Expires=38103&X-Amz-Signature=cb33df5acc86ef56d25ac84c4af726c6b4e614b729128cea67473595bb2dff53&X-Amz-SignedHeaders=host%3Bx-amz-expected-bucket-owner&response-expires=Thu%2C%2003%20Sep%202026%2015%3A34%3A05%20GMT
CAPRICORN_LEO	Tablet	Deep_Black	https://export-download.canva.com/kJkUo/DAHUJMkJkUo/-1/0/0036-8010166674921216311.jpg?X-Amz-Algorithm=AWS4-HMAC-SHA256&X-Amz-Credential=AKIAQYCGKMUH5AO7UJ26%2F20260903%2Fus-east-1%2Fs3%2Faws4_request&X-Amz-Date=20260903T113428Z&X-Amz-Expires=16073&X-Amz-Signature=426c8f70ba89af2845eedef34a41bdbdd4e7402144a9b1fa6fd9b3d1336f99dc&X-Amz-SignedHeaders=host%3Bx-amz-expected-bucket-owner&response-expires=Thu%2C%2003%20Sep%202026%2016%3A02%3A21%20GMT
CAPRICORN_LIBRA	Tablet	Deep_Black	https://export-download.canva.com/kJkUo/DAHUJMkJkUo/-1/0/0037-8010166674921216311.jpg?X-Amz-Algorithm=AWS4-HMAC-SHA256&X-Amz-Credential=AKIAQYCGKMUH5AO7UJ26%2F20260903%2Fus-east-1%2Fs3%2Faws4_request&X-Amz-Date=20260903T054333Z&X-Amz-Expires=37310&X-Amz-Signature=7988e3ba7c35fba731880b2bf15746524d3c9230fe8537465a2fbab7340337b8&X-Amz-SignedHeaders=host%3Bx-amz-expected-bucket-owner&response-expires=Thu%2C%2003%20Sep%202026%2016%3A05%3A23%20GMT
CAPRICORN_PISCES	Tablet	Deep_Black	https://export-download.canva.com/kJkUo/DAHUJMkJkUo/-1/0/0038-8010166674921216311.jpg?X-Amz-Algorithm=AWS4-HMAC-SHA256&X-Amz-Credential=AKIAQYCGKMUH5AO7UJ26%2F20260903%2Fus-east-1%2Fs3%2Faws4_request&X-Amz-Date=20260903T134028Z&X-Amz-Expires=8379&X-Amz-Signature=b8c0a912bb5541c13782a46273fdb0b8b9064c16f5ce19ba7f61dcd52395518e&X-Amz-SignedHeaders=host%3Bx-amz-expected-bucket-owner&response-expires=Thu%2C%2003%20Sep%202026%2016%3A00%3A07%20GMT
CAPRICORN_SAGITTARIUS	Tablet	Deep_Black	https://export-download.canva.com/kJkUo/DAHUJMkJkUo/-1/0/0039-8010166674921216311.jpg?X-Amz-Algorithm=AWS4-HMAC-SHA256&X-Amz-Credential=AKIAQYCGKMUH5AO7UJ26%2F20260902%2Fus-east-1%2Fs3%2Faws4_request&X-Amz-Date=20260902T172720Z&X-Amz-Expires=81356&X-Amz-Signature=bc4d6851c6b3122481527a9ea93f37d1dba12ed2446fb688ac6acc5c8138d746&X-Amz-SignedHeaders=host%3Bx-amz-expected-bucket-owner&response-expires=Thu%2C%2003%20Sep%202026%2016%3A03%3A16%20GMT
CAPRICORN_SCORPIO	Tablet	Deep_Black	https://export-download.canva.com/kJkUo/DAHUJMkJkUo/-1/0/0040-8010166674921216311.jpg?X-Amz-Algorithm=AWS4-HMAC-SHA256&X-Amz-Credential=AKIAQYCGKMUH5AO7UJ26%2F20260903%2Fus-east-1%2Fs3%2Faws4_request&X-Amz-Date=20260903T113220Z&X-Amz-Expires=15866&X-Amz-Signature=40b1e84424298baf11f0ea4737e19f5f7ddf7f42f7d30723cb1481eb327f89c4&X-Amz-SignedHeaders=host%3Bx-amz-expected-bucket-owner&response-expires=Thu%2C%2003%20Sep%202026%2015%3A56%3A46%20GMT
CAPRICORN_TAURUS	Tablet	Deep_Black	https://export-download.canva.com/kJkUo/DAHUJMkJkUo/-1/0/0041-8010166674921216311.jpg?X-Amz-Algorithm=AWS4-HMAC-SHA256&X-Amz-Credential=AKIAQYCGKMUH5AO7UJ26%2F20260902%2Fus-east-1%2Fs3%2Faws4_request&X-Amz-Date=20260902T234821Z&X-Amz-Expires=57116&X-Amz-Signature=eb9533e450ca92a5db5d9d1f12e582f46e1aa897680e68810d319d94b40aa650&X-Amz-SignedHeaders=host%3Bx-amz-expected-bucket-owner&response-expires=Thu%2C%2003%20Sep%202026%2015%3A40%3A17%20GMT
CAPRICORN_VIRGO	Tablet	Deep_Black	https://export-download.canva.com/kJkUo/DAHUJMkJkUo/-1/0/0042-8010166674921216311.jpg?X-Amz-Algorithm=AWS4-HMAC-SHA256&X-Amz-Credential=AKIAQYCGKMUH5AO7UJ26%2F20260903%2Fus-east-1%2Fs3%2Faws4_request&X-Amz-Date=20260903T121028Z&X-Amz-Expires=14305&X-Amz-Signature=8d1fc70098712f9ed4ae1962be9f156f3e2cd54edf7d049f82416850d0d6cb98&X-Amz-SignedHeaders=host%3Bx-amz-expected-bucket-owner&response-expires=Thu%2C%2003%20Sep%202026%2016%3A08%3A53%20GMT
GEMINI_GEMINI	Tablet	Deep_Black	https://export-download.canva.com/kJkUo/DAHUJMkJkUo/-1/0/0043-8010166674921216311.jpg?X-Amz-Algorithm=AWS4-HMAC-SHA256&X-Amz-Credential=AKIAQYCGKMUH5AO7UJ26%2F20260903%2Fus-east-1%2Fs3%2Faws4_request&X-Amz-Date=20260903T022011Z&X-Amz-Expires=48132&X-Amz-Signature=f85322bed402a3e09da42e029adceac6111e543f5b46c6769c8c493b8e54be50&X-Amz-SignedHeaders=host%3Bx-amz-expected-bucket-owner&response-expires=Thu%2C%2003%20Sep%202026%2015%3A42%3A23%20GMT
GEMINI_LEO	Tablet	Deep_Black	https://export-download.canva.com/kJkUo/DAHUJMkJkUo/-1/0/0044-8010166674921216311.jpg?X-Amz-Algorithm=AWS4-HMAC-SHA256&X-Amz-Credential=AKIAQYCGKMUH5AO7UJ26%2F20260902%2Fus-east-1%2Fs3%2Faws4_request&X-Amz-Date=20260902T191157Z&X-Amz-Expires=72789&X-Amz-Signature=4a78ef1731087aa01f582a8ac36eda679c8b2da8360cbfd4497f7337fcf88845&X-Amz-SignedHeaders=host%3Bx-amz-expected-bucket-owner&response-expires=Thu%2C%2003%20Sep%202026%2015%3A25%3A06%20GMT
GEMINI_LIBRA	Tablet	Deep_Black	https://export-download.canva.com/kJkUo/DAHUJMkJkUo/-1/0/0045-8010166674921216311.jpg?X-Amz-Algorithm=AWS4-HMAC-SHA256&X-Amz-Credential=AKIAQYCGKMUH5AO7UJ26%2F20260902%2Fus-east-1%2Fs3%2Faws4_request&X-Amz-Date=20260902T145306Z&X-Amz-Expires=90598&X-Amz-Signature=471de427b2dd1824e03a0ee0c900ceba773df90435b1c2e1de37c77b3f6563ec&X-Amz-SignedHeaders=host%3Bx-amz-expected-bucket-owner&response-expires=Thu%2C%2003%20Sep%202026%2016%3A03%3A04%20GMT
GEMINI_PISCES	Tablet	Deep_Black	https://export-download.canva.com/kJkUo/DAHUJMkJkUo/-1/0/0046-8010166674921216311.jpg?X-Amz-Algorithm=AWS4-HMAC-SHA256&X-Amz-Credential=AKIAQYCGKMUH5AO7UJ26%2F20260903%2Fus-east-1%2Fs3%2Faws4_request&X-Amz-Date=20260903T115903Z&X-Amz-Expires=14714&X-Amz-Signature=b65163c8cc9d034fa8b3e005ae3fde6568c920d363a74afab76d8a7e3ba0536d&X-Amz-SignedHeaders=host%3Bx-amz-expected-bucket-owner&response-expires=Thu%2C%2003%20Sep%202026%2016%3A04%3A17%20GMT
GEMINI_SAGITTARIUS	Tablet	Deep_Black	https://export-download.canva.com/kJkUo/DAHUJMkJkUo/-1/0/0047-8010166674921216311.jpg?X-Amz-Algorithm=AWS4-HMAC-SHA256&X-Amz-Credential=AKIAQYCGKMUH5AO7UJ26%2F20260903%2Fus-east-1%2Fs3%2Faws4_request&X-Amz-Date=20260903T062224Z&X-Amz-Expires=34995&X-Amz-Signature=ec8d6cd5a450549277618420c1701235000340c2bf69b19e1d7b169ac2d22055&X-Amz-SignedHeaders=host%3Bx-amz-expected-bucket-owner&response-expires=Thu%2C%2003%20Sep%202026%2016%3A05%3A39%20GMT
GEMINI_SCORPIO	Tablet	Deep_Black	https://export-download.canva.com/kJkUo/DAHUJMkJkUo/-1/0/0048-8010166674921216311.jpg?X-Amz-Algorithm=AWS4-HMAC-SHA256&X-Amz-Credential=AKIAQYCGKMUH5AO7UJ26%2F20260903%2Fus-east-1%2Fs3%2Faws4_request&X-Amz-Date=20260903T005133Z&X-Amz-Expires=54384&X-Amz-Signature=416bc2957c1518cef485b0e5888f0be5f870bb2230d2f0f25f47f5ed0f8b6a11&X-Amz-SignedHeaders=host%3Bx-amz-expected-bucket-owner&response-expires=Thu%2C%2003%20Sep%202026%2015%3A57%3A57%20GMT
GEMINI_TAURUS	Tablet	Deep_Black	https://export-download.canva.com/kJkUo/DAHUJMkJkUo/-1/0/0049-8010166674921216311.jpg?X-Amz-Algorithm=AWS4-HMAC-SHA256&X-Amz-Credential=AKIAQYCGKMUH5AO7UJ26%2F20260902%2Fus-east-1%2Fs3%2Faws4_request&X-Amz-Date=20260902T195144Z&X-Amz-Expires=71488&X-Amz-Signature=aa470d9394296962ff2d5feb7e2812a7a20a0a4eeab6ab38f9b7f37f7d0e092e&X-Amz-SignedHeaders=host%3Bx-amz-expected-bucket-owner&response-expires=Thu%2C%2003%20Sep%202026%2015%3A43%3A12%20GMT
GEMINI_VIRGO	Tablet	Deep_Black	https://export-download.canva.com/kJkUo/DAHUJMkJkUo/-1/0/0050-8010166674921216311.jpg?X-Amz-Algorithm=AWS4-HMAC-SHA256&X-Amz-Credential=AKIAQYCGKMUH5AO7UJ26%2F20260902%2Fus-east-1%2Fs3%2Faws4_request&X-Amz-Date=20260902T205500Z&X-Amz-Expires=67957&X-Amz-Signature=e8bf2f83e7840bf80754968dbaac8497e8672bde5b5a02ef258e06d774e400eb&X-Amz-SignedHeaders=host%3Bx-amz-expected-bucket-owner&response-expires=Thu%2C%2003%20Sep%202026%2015%3A47%3A37%20GMT
LEO_LEO	Tablet	Deep_Black	https://export-download.canva.com/kJkUo/DAHUJMkJkUo/-1/0/0051-8010166674921216311.jpg?X-Amz-Algorithm=AWS4-HMAC-SHA256&X-Amz-Credential=AKIAQYCGKMUH5AO7UJ26%2F20260902%2Fus-east-1%2Fs3%2Faws4_request&X-Amz-Date=20260902T213204Z&X-Amz-Expires=64654&X-Amz-Signature=15fb4d0b328be3c55d2aadac8953013e89e4c9cdafadb4e1c74d55c760ac891d&X-Amz-SignedHeaders=host%3Bx-amz-expected-bucket-owner&response-expires=Thu%2C%2003%20Sep%202026%2015%3A29%3A38%20GMT
LEO_LIBRA	Tablet	Deep_Black	https://export-download.canva.com/kJkUo/DAHUJMkJkUo/-1/0/0052-8010166674921216311.jpg?X-Amz-Algorithm=AWS4-HMAC-SHA256&X-Amz-Credential=AKIAQYCGKMUH5AO7UJ26%2F20260903%2Fus-east-1%2Fs3%2Faws4_request&X-Amz-Date=20260903T075933Z&X-Amz-Expires=28140&X-Amz-Signature=1ee38dab42f73c93026414ee9762ee80f4d014909cc2768233294825627ad7e8&X-Amz-SignedHeaders=host%3Bx-amz-expected-bucket-owner&response-expires=Thu%2C%2003%20Sep%202026%2015%3A48%3A33%20GMT
LEO_PISCES	Tablet	Deep_Black	https://export-download.canva.com/kJkUo/DAHUJMkJkUo/-1/0/0053-8010166674921216311.jpg?X-Amz-Algorithm=AWS4-HMAC-SHA256&X-Amz-Credential=AKIAQYCGKMUH5AO7UJ26%2F20260903%2Fus-east-1%2Fs3%2Faws4_request&X-Amz-Date=20260903T101447Z&X-Amz-Expires=20822&X-Amz-Signature=4b350d5dfca818eb256c98a7ab55f91fbf9f8f9cc9bc337b9d5bc290d9499739&X-Amz-SignedHeaders=host%3Bx-amz-expected-bucket-owner&response-expires=Thu%2C%2003%20Sep%202026%2016%3A01%3A49%20GMT
LEO_SAGITTARIUS	Tablet	Deep_Black	https://export-download.canva.com/kJkUo/DAHUJMkJkUo/-1/0/0054-8010166674921216311.jpg?X-Amz-Algorithm=AWS4-HMAC-SHA256&X-Amz-Credential=AKIAQYCGKMUH5AO7UJ26%2F20260902%2Fus-east-1%2Fs3%2Faws4_request&X-Amz-Date=20260902T213654Z&X-Amz-Expires=64581&X-Amz-Signature=56809493d167c39928310c3e40d5fd7a6441b956b082907a5174e5ff4953354d&X-Amz-SignedHeaders=host%3Bx-amz-expected-bucket-owner&response-expires=Thu%2C%2003%20Sep%202026%2015%3A33%3A15%20GMT
LEO_SCORPIO	Tablet	Deep_Black	https://export-download.canva.com/kJkUo/DAHUJMkJkUo/-1/0/0055-8010166674921216311.jpg?X-Amz-Algorithm=AWS4-HMAC-SHA256&X-Amz-Credential=AKIAQYCGKMUH5AO7UJ26%2F20260902%2Fus-east-1%2Fs3%2Faws4_request&X-Amz-Date=20260902T213544Z&X-Amz-Expires=66500&X-Amz-Signature=cdd66bb4230606daef43349e8e7f55318bd0c6d6911c0be38f90bf1fd0ea1ecf&X-Amz-SignedHeaders=host%3Bx-amz-expected-bucket-owner&response-expires=Thu%2C%2003%20Sep%202026%2016%3A04%3A04%20GMT
LEO_TAURUS	Tablet	Deep_Black	https://export-download.canva.com/kJkUo/DAHUJMkJkUo/-1/0/0056-8010166674921216311.jpg?X-Amz-Algorithm=AWS4-HMAC-SHA256&X-Amz-Credential=AKIAQYCGKMUH5AO7UJ26%2F20260902%2Fus-east-1%2Fs3%2Faws4_request&X-Amz-Date=20260902T144940Z&X-Amz-Expires=88825&X-Amz-Signature=854b3ff7faaaf49d7b358e00555a12c04245b967b6f3889779e9fbaf179aa9ae&X-Amz-SignedHeaders=host%3Bx-amz-expected-bucket-owner&response-expires=Thu%2C%2003%20Sep%202026%2015%3A30%3A05%20GMT
LEO_VIRGO	Tablet	Deep_Black	https://export-download.canva.com/kJkUo/DAHUJMkJkUo/-1/0/0057-8010166674921216311.jpg?X-Amz-Algorithm=AWS4-HMAC-SHA256&X-Amz-Credential=AKIAQYCGKMUH5AO7UJ26%2F20260902%2Fus-east-1%2Fs3%2Faws4_request&X-Amz-Date=20260902T143831Z&X-Amz-Expires=89499&X-Amz-Signature=d0252083ec67fe1e7bbf9327b210489ad7144df1a5100757c443355c4da5e700&X-Amz-SignedHeaders=host%3Bx-amz-expected-bucket-owner&response-expires=Thu%2C%2003%20Sep%202026%2015%3A30%3A10%20GMT
LIBRA_LIBRA	Tablet	Deep_Black	https://export-download.canva.com/kJkUo/DAHUJMkJkUo/-1/0/0058-8010166674921216311.jpg?X-Amz-Algorithm=AWS4-HMAC-SHA256&X-Amz-Credential=AKIAQYCGKMUH5AO7UJ26%2F20260902%2Fus-east-1%2Fs3%2Faws4_request&X-Amz-Date=20260902T222019Z&X-Amz-Expires=63099&X-Amz-Signature=fcb3b287872c0c2ad5ff51e14d788cd6412a8317a528f7aafb633c2f94c642b0&X-Amz-SignedHeaders=host%3Bx-amz-expected-bucket-owner&response-expires=Thu%2C%2003%20Sep%202026%2015%3A51%3A58%20GMT
LIBRA_PISCES	Tablet	Deep_Black	https://export-download.canva.com/kJkUo/DAHUJMkJkUo/-1/0/0059-8010166674921216311.jpg?X-Amz-Algorithm=AWS4-HMAC-SHA256&X-Amz-Credential=AKIAQYCGKMUH5AO7UJ26%2F20260903%2Fus-east-1%2Fs3%2Faws4_request&X-Amz-Date=20260903T025856Z&X-Amz-Expires=47223&X-Amz-Signature=e588db88fcf09b48aab68bb7b9062e4bb73a99105439f83019fc11c216b406ff&X-Amz-SignedHeaders=host%3Bx-amz-expected-bucket-owner&response-expires=Thu%2C%2003%20Sep%202026%2016%3A05%3A59%20GMT
LIBRA_SAGITTARIUS	Tablet	Deep_Black	https://export-download.canva.com/kJkUo/DAHUJMkJkUo/-1/0/0060-8010166674921216311.jpg?X-Amz-Algorithm=AWS4-HMAC-SHA256&X-Amz-Credential=AKIAQYCGKMUH5AO7UJ26%2F20260902%2Fus-east-1%2Fs3%2Faws4_request&X-Amz-Date=20260902T200105Z&X-Amz-Expires=72584&X-Amz-Signature=b941540d151af66f13377f597ce8578a8ac5c0e97cd36e772801905c386b09a0&X-Amz-SignedHeaders=host%3Bx-amz-expected-bucket-owner&response-expires=Thu%2C%2003%20Sep%202026%2016%3A10%3A49%20GMT
LIBRA_SCORPIO	Tablet	Deep_Black	https://export-download.canva.com/kJkUo/DAHUJMkJkUo/-1/0/0061-8010166674921216311.jpg?X-Amz-Algorithm=AWS4-HMAC-SHA256&X-Amz-Credential=AKIAQYCGKMUH5AO7UJ26%2F20260903%2Fus-east-1%2Fs3%2Faws4_request&X-Amz-Date=20260903T023246Z&X-Amz-Expires=49065&X-Amz-Signature=358be0b34601c969cf0482399f1d911e5194c495d080d264674a9c936fd38b0b&X-Amz-SignedHeaders=host%3Bx-amz-expected-bucket-owner&response-expires=Thu%2C%2003%20Sep%202026%2016%3A10%3A31%20GMT
LIBRA_TAURUS	Tablet	Deep_Black	https://export-download.canva.com/kJkUo/DAHUJMkJkUo/-1/0/0062-8010166674921216311.jpg?X-Amz-Algorithm=AWS4-HMAC-SHA256&X-Amz-Credential=AKIAQYCGKMUH5AO7UJ26%2F20260903%2Fus-east-1%2Fs3%2Faws4_request&X-Amz-Date=20260903T022049Z&X-Amz-Expires=49904&X-Amz-Signature=84179a5de8817c8f48aa7210c5bce3830f9429e459e8df04844c5bfdf8bc6d06&X-Amz-SignedHeaders=host%3Bx-amz-expected-bucket-owner&response-expires=Thu%2C%2003%20Sep%202026%2016%3A12%3A33%20GMT
LIBRA_VIRGO	Tablet	Deep_Black	https://export-download.canva.com/kJkUo/DAHUJMkJkUo/-1/0/0063-8010166674921216311.jpg?X-Amz-Algorithm=AWS4-HMAC-SHA256&X-Amz-Credential=AKIAQYCGKMUH5AO7UJ26%2F20260903%2Fus-east-1%2Fs3%2Faws4_request&X-Amz-Date=20260903T051137Z&X-Amz-Expires=36646&X-Amz-Signature=1f3d9fa49a37718d82a79bdab9ad3d192a3a2550454f43926a2b9680caff2c59&X-Amz-SignedHeaders=host%3Bx-amz-expected-bucket-owner&response-expires=Thu%2C%2003%20Sep%202026%2015%3A22%3A23%20GMT
PISCES_PISCES	Tablet	Deep_Black	https://export-download.canva.com/kJkUo/DAHUJMkJkUo/-1/0/0064-8010166674921216311.jpg?X-Amz-Algorithm=AWS4-HMAC-SHA256&X-Amz-Credential=AKIAQYCGKMUH5AO7UJ26%2F20260903%2Fus-east-1%2Fs3%2Faws4_request&X-Amz-Date=20260903T103854Z&X-Amz-Expires=19428&X-Amz-Signature=afa61a2a484c155ada213cff2970bd87dcf50b50b5b6cc10f564c8c895d0651b&X-Amz-SignedHeaders=host%3Bx-amz-expected-bucket-owner&response-expires=Thu%2C%2003%20Sep%202026%2016%3A02%3A42%20GMT
PISCES_SAGITTARIUS	Tablet	Deep_Black	https://export-download.canva.com/kJkUo/DAHUJMkJkUo/-1/0/0065-8010166674921216311.jpg?X-Amz-Algorithm=AWS4-HMAC-SHA256&X-Amz-Credential=AKIAQYCGKMUH5AO7UJ26%2F20260903%2Fus-east-1%2Fs3%2Faws4_request&X-Amz-Date=20260903T031907Z&X-Amz-Expires=44620&X-Amz-Signature=14b8d00e69f6095cf7c277464f3f1d565c17925eebfa7ab57e09fa25524f0a54&X-Amz-SignedHeaders=host%3Bx-amz-expected-bucket-owner&response-expires=Thu%2C%2003%20Sep%202026%2015%3A42%3A47%20GMT
PISCES_SCORPIO	Tablet	Deep_Black	https://export-download.canva.com/kJkUo/DAHUJMkJkUo/-1/0/0066-8010166674921216311.jpg?X-Amz-Algorithm=AWS4-HMAC-SHA256&X-Amz-Credential=AKIAQYCGKMUH5AO7UJ26%2F20260903%2Fus-east-1%2Fs3%2Faws4_request&X-Amz-Date=20260903T131539Z&X-Amz-Expires=10286&X-Amz-Signature=ba87b7445d8ad81970a45840720fbb27562c5c0df90dc1b936b2de8e3f721752&X-Amz-SignedHeaders=host%3Bx-amz-expected-bucket-owner&response-expires=Thu%2C%2003%20Sep%202026%2016%3A07%3A05%20GMT
PISCES_TAURUS	Tablet	Deep_Black	https://export-download.canva.com/kJkUo/DAHUJMkJkUo/-1/0/0067-8010166674921216311.jpg?X-Amz-Algorithm=AWS4-HMAC-SHA256&X-Amz-Credential=AKIAQYCGKMUH5AO7UJ26%2F20260903%2Fus-east-1%2Fs3%2Faws4_request&X-Amz-Date=20260903T014227Z&X-Amz-Expires=50499&X-Amz-Signature=805d822df2a125e36cb08e8a94fa095e1aa74a2d6eb0c44112f7e7582b3e86c5&X-Amz-SignedHeaders=host%3Bx-amz-expected-bucket-owner&response-expires=Thu%2C%2003%20Sep%202026%2015%3A44%3A06%20GMT
PISCES_VIRGO	Tablet	Deep_Black	https://export-download.canva.com/kJkUo/DAHUJMkJkUo/-1/0/0068-8010166674921216311.jpg?X-Amz-Algorithm=AWS4-HMAC-SHA256&X-Amz-Credential=AKIAQYCGKMUH5AO7UJ26%2F20260902%2Fus-east-1%2Fs3%2Faws4_request&X-Amz-Date=20260902T154951Z&X-Amz-Expires=87695&X-Amz-Signature=49d477e729e9b696e74eafdf1c3cbbb932c63c4d87d2d1d6229e80d6daa7afeb&X-Amz-SignedHeaders=host%3Bx-amz-expected-bucket-owner&response-expires=Thu%2C%2003%20Sep%202026%2016%3A11%3A26%20GMT
SAGITTARIUS_SAGITTARIUS	Tablet	Deep_Black	https://export-download.canva.com/kJkUo/DAHUJMkJkUo/-1/0/0069-8010166674921216311.jpg?X-Amz-Algorithm=AWS4-HMAC-SHA256&X-Amz-Credential=AKIAQYCGKMUH5AO7UJ26%2F20260902%2Fus-east-1%2Fs3%2Faws4_request&X-Amz-Date=20260902T222450Z&X-Amz-Expires=62467&X-Amz-Signature=196bd1c3cb62f75a4cb2eb99d79c8c29c63ba7a542ea9bc23a4dae5b287255c6&X-Amz-SignedHeaders=host%3Bx-amz-expected-bucket-owner&response-expires=Thu%2C%2003%20Sep%202026%2015%3A45%3A57%20GMT
SAGITTARIUS_SCORPIO	Tablet	Deep_Black	https://export-download.canva.com/kJkUo/DAHUJMkJkUo/-1/0/0070-8010166674921216311.jpg?X-Amz-Algorithm=AWS4-HMAC-SHA256&X-Amz-Credential=AKIAQYCGKMUH5AO7UJ26%2F20260903%2Fus-east-1%2Fs3%2Faws4_request&X-Amz-Date=20260903T043456Z&X-Amz-Expires=41225&X-Amz-Signature=806826f04decb7d26b9e1243caa5465b830e7954c144f85bf047f19d25aa2e83&X-Amz-SignedHeaders=host%3Bx-amz-expected-bucket-owner&response-expires=Thu%2C%2003%20Sep%202026%2016%3A02%3A01%20GMT
SAGITTARIUS_TAURUS	Tablet	Deep_Black	https://export-download.canva.com/kJkUo/DAHUJMkJkUo/-1/0/0071-8010166674921216311.jpg?X-Amz-Algorithm=AWS4-HMAC-SHA256&X-Amz-Credential=AKIAQYCGKMUH5AO7UJ26%2F20260903%2Fus-east-1%2Fs3%2Faws4_request&X-Amz-Date=20260903T131943Z&X-Amz-Expires=7258&X-Amz-Signature=68413fd50880fea7e204383c035a8e6f9956b2c368b3f80a05da151d7ca5da2c&X-Amz-SignedHeaders=host%3Bx-amz-expected-bucket-owner&response-expires=Thu%2C%2003%20Sep%202026%2015%3A20%3A41%20GMT
SAGITTARIUS_VIRGO	Tablet	Deep_Black	https://export-download.canva.com/kJkUo/DAHUJMkJkUo/-1/0/0072-8010166674921216311.jpg?X-Amz-Algorithm=AWS4-HMAC-SHA256&X-Amz-Credential=AKIAQYCGKMUH5AO7UJ26%2F20260902%2Fus-east-1%2Fs3%2Faws4_request&X-Amz-Date=20260902T171701Z&X-Amz-Expires=80795&X-Amz-Signature=ab247addd9d48c43bc77ec1e28f5a70ee5353713aa57c58f780d2442113aedcc&X-Amz-SignedHeaders=host%3Bx-amz-expected-bucket-owner&response-expires=Thu%2C%2003%20Sep%202026%2015%3A43%3A36%20GMT
SCORPIO_SCORPIO	Tablet	Deep_Black	https://export-download.canva.com/kJkUo/DAHUJMkJkUo/-1/0/0073-8010166674921216311.jpg?X-Amz-Algorithm=AWS4-HMAC-SHA256&X-Amz-Credential=AKIAQYCGKMUH5AO7UJ26%2F20260902%2Fus-east-1%2Fs3%2Faws4_request&X-Amz-Date=20260902T163742Z&X-Amz-Expires=84290&X-Amz-Signature=7db97d52d07f8f53a16eb68a6648b8a18e94f506824d13d662086bb0358f8a48&X-Amz-SignedHeaders=host%3Bx-amz-expected-bucket-owner&response-expires=Thu%2C%2003%20Sep%202026%2016%3A02%3A32%20GMT
SCORPIO_TAURUS	Tablet	Deep_Black	https://export-download.canva.com/kJkUo/DAHUJMkJkUo/-1/0/0074-8010166674921216311.jpg?X-Amz-Algorithm=AWS4-HMAC-SHA256&X-Amz-Credential=AKIAQYCGKMUH5AO7UJ26%2F20260902%2Fus-east-1%2Fs3%2Faws4_request&X-Amz-Date=20260902T170623Z&X-Amz-Expires=80404&X-Amz-Signature=f9fd2ffc7ac06ca94c471d8292039f68a02c6fb14ae676e930cc27e55862d9d2&X-Amz-SignedHeaders=host%3Bx-amz-expected-bucket-owner&response-expires=Thu%2C%2003%20Sep%202026%2015%3A26%3A27%20GMT
SCORPIO_VIRGO	Tablet	Deep_Black	https://export-download.canva.com/kJkUo/DAHUJMkJkUo/-1/0/0075-8010166674921216311.jpg?X-Amz-Algorithm=AWS4-HMAC-SHA256&X-Amz-Credential=AKIAQYCGKMUH5AO7UJ26%2F20260902%2Fus-east-1%2Fs3%2Faws4_request&X-Amz-Date=20260902T174635Z&X-Amz-Expires=78310&X-Amz-Signature=898a60db1e4c4ecc8651760283732b2a90a22fa8c8b720f936fdc0320d9b166b&X-Amz-SignedHeaders=host%3Bx-amz-expected-bucket-owner&response-expires=Thu%2C%2003%20Sep%202026%2015%3A31%3A45%20GMT
TAURUS_TAURUS	Tablet	Deep_Black	https://export-download.canva.com/kJkUo/DAHUJMkJkUo/-1/0/0076-8010166674921216311.jpg?X-Amz-Algorithm=AWS4-HMAC-SHA256&X-Amz-Credential=AKIAQYCGKMUH5AO7UJ26%2F20260903%2Fus-east-1%2Fs3%2Faws4_request&X-Amz-Date=20260903T104140Z&X-Amz-Expires=19808&X-Amz-Signature=753bb52352ff484499f38d6e49672b347e62f819b87fb0200c7cb3cc9ca2ace4&X-Amz-SignedHeaders=host%3Bx-amz-expected-bucket-owner&response-expires=Thu%2C%2003%20Sep%202026%2016%3A11%3A48%20GMT
TAURUS_VIRGO	Tablet	Deep_Black	https://export-download.canva.com/kJkUo/DAHUJMkJkUo/-1/0/0077-8010166674921216311.jpg?X-Amz-Algorithm=AWS4-HMAC-SHA256&X-Amz-Credential=AKIAQYCGKMUH5AO7UJ26%2F20260902%2Fus-east-1%2Fs3%2Faws4_request&X-Amz-Date=20260902T200431Z&X-Amz-Expires=71833&X-Amz-Signature=22530ca73dad2a54a3afe0ec7f20b19a3cf6e2ad589083468d676ba5629b9adc&X-Amz-SignedHeaders=host%3Bx-amz-expected-bucket-owner&response-expires=Thu%2C%2003%20Sep%202026%2016%3A01%3A44%20GMT
VIRGO_VIRGO	Tablet	Deep_Black	https://export-download.canva.com/kJkUo/DAHUJMkJkUo/-1/0/0078-8010166674921216311.jpg?X-Amz-Algorithm=AWS4-HMAC-SHA256&X-Amz-Credential=AKIAQYCGKMUH5AO7UJ26%2F20260903%2Fus-east-1%2Fs3%2Faws4_request&X-Amz-Date=20260903T084448Z&X-Amz-Expires=25379&X-Amz-Signature=1fb2885d4ddd13a3525c500ed6e7902f7475b7c5b1be95edaf4080e6231bccd1&X-Amz-SignedHeaders=host%3Bx-amz-expected-bucket-owner&response-expires=Thu%2C%2003%20Sep%202026%2015%3A47%3A47%20GMT
AQUARIUS_AQUARIUS	Desktop	Deep_Black	https://export-download.canva.com/2hHSI/DAHUJB2hHSI/-1/0/0001-2546174426952557139.jpg?X-Amz-Algorithm=AWS4-HMAC-SHA256&X-Amz-Credential=AKIAQYCGKMUH5AO7UJ26%2F20260903%2Fus-east-1%2Fs3%2Faws4_request&X-Amz-Date=20260903T043251Z&X-Amz-Expires=41751&X-Amz-Signature=37fe8cfed7799033e7df11c826ada5aa2907c5cc64e98ae9e6329ebe97365530&X-Amz-SignedHeaders=host%3Bx-amz-expected-bucket-owner&response-expires=Thu%2C%2003%20Sep%202026%2016%3A08%3A42%20GMT
AQUARIUS_ARIES	Desktop	Deep_Black	https://export-download.canva.com/2hHSI/DAHUJB2hHSI/-1/0/0002-2546174426952557139.jpg?X-Amz-Algorithm=AWS4-HMAC-SHA256&X-Amz-Credential=AKIAQYCGKMUH5AO7UJ26%2F20260903%2Fus-east-1%2Fs3%2Faws4_request&X-Amz-Date=20260903T075159Z&X-Amz-Expires=27856&X-Amz-Signature=ea7d1083c17b980d7c52af5203e43916a1af9f1bb69874235538c27f86398115&X-Amz-SignedHeaders=host%3Bx-amz-expected-bucket-owner&response-expires=Thu%2C%2003%20Sep%202026%2015%3A36%3A15%20GMT
AQUARIUS_CANCER	Desktop	Deep_Black	https://export-download.canva.com/2hHSI/DAHUJB2hHSI/-1/0/0003-2546174426952557139.jpg?X-Amz-Algorithm=AWS4-HMAC-SHA256&X-Amz-Credential=AKIAQYCGKMUH5AO7UJ26%2F20260903%2Fus-east-1%2Fs3%2Faws4_request&X-Amz-Date=20260903T005038Z&X-Amz-Expires=54875&X-Amz-Signature=e2e53e25cb4764f72b73de9a2117803868db637e759fb9019d0bf05b53b8f2cb&X-Amz-SignedHeaders=host%3Bx-amz-expected-bucket-owner&response-expires=Thu%2C%2003%20Sep%202026%2016%3A05%3A13%20GMT
AQUARIUS_CAPRICORN	Desktop	Deep_Black	https://export-download.canva.com/2hHSI/DAHUJB2hHSI/-1/0/0004-2546174426952557139.jpg?X-Amz-Algorithm=AWS4-HMAC-SHA256&X-Amz-Credential=AKIAQYCGKMUH5AO7UJ26%2F20260903%2Fus-east-1%2Fs3%2Faws4_request&X-Amz-Date=20260903T095116Z&X-Amz-Expires=20678&X-Amz-Signature=c34450ecc4bc6328352deaf68543bc2648be15f4149598407dd9942a9104e8ff&X-Amz-SignedHeaders=host%3Bx-amz-expected-bucket-owner&response-expires=Thu%2C%2003%20Sep%202026%2015%3A35%3A54%20GMT
AQUARIUS_GEMINI	Desktop	Deep_Black	https://export-download.canva.com/2hHSI/DAHUJB2hHSI/-1/0/0005-2546174426952557139.jpg?X-Amz-Algorithm=AWS4-HMAC-SHA256&X-Amz-Credential=AKIAQYCGKMUH5AO7UJ26%2F20260903%2Fus-east-1%2Fs3%2Faws4_request&X-Amz-Date=20260903T114020Z&X-Amz-Expires=14805&X-Amz-Signature=c16267747e44213e36dc3e0fcde48dfe418a80bd80f6aa175d4319a1777363cd&X-Amz-SignedHeaders=host%3Bx-amz-expected-bucket-owner&response-expires=Thu%2C%2003%20Sep%202026%2015%3A47%3A05%20GMT
AQUARIUS_LEO	Desktop	Deep_Black	https://export-download.canva.com/2hHSI/DAHUJB2hHSI/-1/0/0006-2546174426952557139.jpg?X-Amz-Algorithm=AWS4-HMAC-SHA256&X-Amz-Credential=AKIAQYCGKMUH5AO7UJ26%2F20260902%2Fus-east-1%2Fs3%2Faws4_request&X-Amz-Date=20260902T192435Z&X-Amz-Expires=73956&X-Amz-Signature=087cacd3cf34fdefb8392434cca1ab113ac17077e683d888035392ce8b0608fa&X-Amz-SignedHeaders=host%3Bx-amz-expected-bucket-owner&response-expires=Thu%2C%2003%20Sep%202026%2015%3A57%3A11%20GMT
AQUARIUS_LIBRA	Desktop	Deep_Black	https://export-download.canva.com/2hHSI/DAHUJB2hHSI/-1/0/0007-2546174426952557139.jpg?X-Amz-Algorithm=AWS4-HMAC-SHA256&X-Amz-Credential=AKIAQYCGKMUH5AO7UJ26%2F20260903%2Fus-east-1%2Fs3%2Faws4_request&X-Amz-Date=20260903T070031Z&X-Amz-Expires=32968&X-Amz-Signature=7b1a8d5f21b59770cf1608b38426100026ca5622c3666c5aa4adaca5503cb58f&X-Amz-SignedHeaders=host%3Bx-amz-expected-bucket-owner&response-expires=Thu%2C%2003%20Sep%202026%2016%3A09%3A59%20GMT
AQUARIUS_PISCES	Desktop	Deep_Black	https://export-download.canva.com/2hHSI/DAHUJB2hHSI/-1/0/0008-2546174426952557139.jpg?X-Amz-Algorithm=AWS4-HMAC-SHA256&X-Amz-Credential=AKIAQYCGKMUH5AO7UJ26%2F20260903%2Fus-east-1%2Fs3%2Faws4_request&X-Amz-Date=20260903T023545Z&X-Amz-Expires=47196&X-Amz-Signature=89f73ca232341a6c3326ceff8be4589ea2992eda7f3c4ccbd661190c30e758fc&X-Amz-SignedHeaders=host%3Bx-amz-expected-bucket-owner&response-expires=Thu%2C%2003%20Sep%202026%2015%3A42%3A21%20GMT
AQUARIUS_SAGITTARIUS	Desktop	Deep_Black	https://export-download.canva.com/2hHSI/DAHUJB2hHSI/-1/0/0009-2546174426952557139.jpg?X-Amz-Algorithm=AWS4-HMAC-SHA256&X-Amz-Credential=AKIAQYCGKMUH5AO7UJ26%2F20260903%2Fus-east-1%2Fs3%2Faws4_request&X-Amz-Date=20260903T025509Z&X-Amz-Expires=47633&X-Amz-Signature=23180b5be56819a3bec7bf08e4221f487b0d0c9eb3ccfa36f3bbc7d25a642fc5&X-Amz-SignedHeaders=host%3Bx-amz-expected-bucket-owner&response-expires=Thu%2C%2003%20Sep%202026%2016%3A09%3A02%20GMT
AQUARIUS_SCORPIO	Desktop	Deep_Black	https://export-download.canva.com/2hHSI/DAHUJB2hHSI/-1/0/0010-2546174426952557139.jpg?X-Amz-Algorithm=AWS4-HMAC-SHA256&X-Amz-Credential=AKIAQYCGKMUH5AO7UJ26%2F20260902%2Fus-east-1%2Fs3%2Faws4_request&X-Amz-Date=20260902T180440Z&X-Amz-Expires=77032&X-Amz-Signature=9ce29b742d07192b804c0da3e8cf6643aa13d582b3039a878db3876357fdc1ac&X-Amz-SignedHeaders=host%3Bx-amz-expected-bucket-owner&response-expires=Thu%2C%2003%20Sep%202026%2015%3A28%3A32%20GMT
AQUARIUS_TAURUS	Desktop	Deep_Black	https://export-download.canva.com/2hHSI/DAHUJB2hHSI/-1/0/0011-2546174426952557139.jpg?X-Amz-Algorithm=AWS4-HMAC-SHA256&X-Amz-Credential=AKIAQYCGKMUH5AO7UJ26%2F20260902%2Fus-east-1%2Fs3%2Faws4_request&X-Amz-Date=20260902T212009Z&X-Amz-Expires=66099&X-Amz-Signature=c132e0454f302a43bdfc892840475ffcd90d778413fb86854f3f073ca1abc1e5&X-Amz-SignedHeaders=host%3Bx-amz-expected-bucket-owner&response-expires=Thu%2C%2003%20Sep%202026%2015%3A41%3A48%20GMT
AQUARIUS_VIRGO	Desktop	Deep_Black	https://export-download.canva.com/2hHSI/DAHUJB2hHSI/-1/0/0012-2546174426952557139.jpg?X-Amz-Algorithm=AWS4-HMAC-SHA256&X-Amz-Credential=AKIAQYCGKMUH5AO7UJ26%2F20260903%2Fus-east-1%2Fs3%2Faws4_request&X-Amz-Date=20260903T012240Z&X-Amz-Expires=53253&X-Amz-Signature=f6563a514c1908321ad126a11f1de3b01e099cc7d7951f94fdd7a928660ed1fb&X-Amz-SignedHeaders=host%3Bx-amz-expected-bucket-owner&response-expires=Thu%2C%2003%20Sep%202026%2016%3A10%3A13%20GMT
ARIES_ARIES	Desktop	Deep_Black	https://export-download.canva.com/2hHSI/DAHUJB2hHSI/-1/0/0013-2546174426952557139.jpg?X-Amz-Algorithm=AWS4-HMAC-SHA256&X-Amz-Credential=AKIAQYCGKMUH5AO7UJ26%2F20260903%2Fus-east-1%2Fs3%2Faws4_request&X-Amz-Date=20260903T034517Z&X-Amz-Expires=41820&X-Amz-Signature=5b77c7e8d9f20664d723a0712a91df94fe6a53f05e338c989f4bfebaa1d14bf4&X-Amz-SignedHeaders=host%3Bx-amz-expected-bucket-owner&response-expires=Thu%2C%2003%20Sep%202026%2015%3A22%3A17%20GMT
ARIES_CANCER	Desktop	Deep_Black	https://export-download.canva.com/2hHSI/DAHUJB2hHSI/-1/0/0014-2546174426952557139.jpg?X-Amz-Algorithm=AWS4-HMAC-SHA256&X-Amz-Credential=AKIAQYCGKMUH5AO7UJ26%2F20260902%2Fus-east-1%2Fs3%2Faws4_request&X-Amz-Date=20260902T153228Z&X-Amz-Expires=87953&X-Amz-Signature=c87ba88341252ab85be1242051fa9d401428ec6ea60cffa180e42a165edea084&X-Amz-SignedHeaders=host%3Bx-amz-expected-bucket-owner&response-expires=Thu%2C%2003%20Sep%202026%2015%3A58%3A21%20GMT
ARIES_CAPRICORN	Desktop	Deep_Black	https://export-download.canva.com/2hHSI/DAHUJB2hHSI/-1/0/0015-2546174426952557139.jpg?X-Amz-Algorithm=AWS4-HMAC-SHA256&X-Amz-Credential=AKIAQYCGKMUH5AO7UJ26%2F20260902%2Fus-east-1%2Fs3%2Faws4_request&X-Amz-Date=20260902T182445Z&X-Amz-Expires=75584&X-Amz-Signature=b87525ae8d223069bed8deb7ccd43e544fdbe9f0f304313bcce4c8caf1b9fa08&X-Amz-SignedHeaders=host%3Bx-amz-expected-bucket-owner&response-expires=Thu%2C%2003%20Sep%202026%2015%3A24%3A29%20GMT
ARIES_GEMINI	Desktop	Deep_Black	https://export-download.canva.com/2hHSI/DAHUJB2hHSI/-1/0/0016-2546174426952557139.jpg?X-Amz-Algorithm=AWS4-HMAC-SHA256&X-Amz-Credential=AKIAQYCGKMUH5AO7UJ26%2F20260903%2Fus-east-1%2Fs3%2Faws4_request&X-Amz-Date=20260903T113818Z&X-Amz-Expires=13816&X-Amz-Signature=035504bb0b4d3096042fa79cbaf8a440f1e7dc0ac047b929c3c78c89d344c326&X-Amz-SignedHeaders=host%3Bx-amz-expected-bucket-owner&response-expires=Thu%2C%2003%20Sep%202026%2015%3A28%3A34%20GMT
ARIES_LEO	Desktop	Deep_Black	https://export-download.canva.com/2hHSI/DAHUJB2hHSI/-1/0/0017-2546174426952557139.jpg?X-Amz-Algorithm=AWS4-HMAC-SHA256&X-Amz-Credential=AKIAQYCGKMUH5AO7UJ26%2F20260902%2Fus-east-1%2Fs3%2Faws4_request&X-Amz-Date=20260902T235338Z&X-Amz-Expires=55188&X-Amz-Signature=20bfd553801c0f510804137d98d588127163347cda6a0fb5f3c57c9e2ded8b6e&X-Amz-SignedHeaders=host%3Bx-amz-expected-bucket-owner&response-expires=Thu%2C%2003%20Sep%202026%2015%3A13%3A26%20GMT
ARIES_LIBRA	Desktop	Deep_Black	https://export-download.canva.com/2hHSI/DAHUJB2hHSI/-1/0/0018-2546174426952557139.jpg?X-Amz-Algorithm=AWS4-HMAC-SHA256&X-Amz-Credential=AKIAQYCGKMUH5AO7UJ26%2F20260903%2Fus-east-1%2Fs3%2Faws4_request&X-Amz-Date=20260903T004151Z&X-Amz-Expires=54980&X-Amz-Signature=2820a953d9d810577f66683595357216f4d92ddfae082c8529524a7da4bb68da&X-Amz-SignedHeaders=host%3Bx-amz-expected-bucket-owner&response-expires=Thu%2C%2003%20Sep%202026%2015%3A58%3A11%20GMT
ARIES_PISCES	Desktop	Deep_Black	https://export-download.canva.com/2hHSI/DAHUJB2hHSI/-1/0/0019-2546174426952557139.jpg?X-Amz-Algorithm=AWS4-HMAC-SHA256&X-Amz-Credential=AKIAQYCGKMUH5AO7UJ26%2F20260903%2Fus-east-1%2Fs3%2Faws4_request&X-Amz-Date=20260903T064453Z&X-Amz-Expires=32352&X-Amz-Signature=faf9b0dc75797dd654e59831f80da137e3d58c75835a5a85c078ffaf5920ccea&X-Amz-SignedHeaders=host%3Bx-amz-expected-bucket-owner&response-expires=Thu%2C%2003%20Sep%202026%2015%3A44%3A05%20GMT
ARIES_SAGITTARIUS	Desktop	Deep_Black	https://export-download.canva.com/2hHSI/DAHUJB2hHSI/-1/0/0020-2546174426952557139.jpg?X-Amz-Algorithm=AWS4-HMAC-SHA256&X-Amz-Credential=AKIAQYCGKMUH5AO7UJ26%2F20260902%2Fus-east-1%2Fs3%2Faws4_request&X-Amz-Date=20260902T202912Z&X-Amz-Expires=69482&X-Amz-Signature=6a65c17e1639410a51ce0188207542e5eb232eb0f71db7d0332be65cea353271&X-Amz-SignedHeaders=host%3Bx-amz-expected-bucket-owner&response-expires=Thu%2C%2003%20Sep%202026%2015%3A47%3A14%20GMT
ARIES_SCORPIO	Desktop	Deep_Black	https://export-download.canva.com/2hHSI/DAHUJB2hHSI/-1/0/0021-2546174426952557139.jpg?X-Amz-Algorithm=AWS4-HMAC-SHA256&X-Amz-Credential=AKIAQYCGKMUH5AO7UJ26%2F20260902%2Fus-east-1%2Fs3%2Faws4_request&X-Amz-Date=20260902T160303Z&X-Amz-Expires=86864&X-Amz-Signature=9d0619dbf9011aa72358c2b014a201c44f1ce34d4f8503dd645ceed8e8265712&X-Amz-SignedHeaders=host%3Bx-amz-expected-bucket-owner&response-expires=Thu%2C%2003%20Sep%202026%2016%3A10%3A47%20GMT
ARIES_TAURUS	Desktop	Deep_Black	https://export-download.canva.com/2hHSI/DAHUJB2hHSI/-1/0/0022-2546174426952557139.jpg?X-Amz-Algorithm=AWS4-HMAC-SHA256&X-Amz-Credential=AKIAQYCGKMUH5AO7UJ26%2F20260903%2Fus-east-1%2Fs3%2Faws4_request&X-Amz-Date=20260903T053703Z&X-Amz-Expires=35753&X-Amz-Signature=094b6392f47783fc4483be3de3bd4ba9758014be1694e4332384ebcfb74a58ff&X-Amz-SignedHeaders=host%3Bx-amz-expected-bucket-owner&response-expires=Thu%2C%2003%20Sep%202026%2015%3A32%3A56%20GMT
ARIES_VIGRO	Desktop	Deep_Black	https://export-download.canva.com/2hHSI/DAHUJB2hHSI/-1/0/0023-2546174426952557139.jpg?X-Amz-Algorithm=AWS4-HMAC-SHA256&X-Amz-Credential=AKIAQYCGKMUH5AO7UJ26%2F20260902%2Fus-east-1%2Fs3%2Faws4_request&X-Amz-Date=20260902T183522Z&X-Amz-Expires=74686&X-Amz-Signature=3435c1f9b3b005c28b2a9112de2145cd479419484b3ef15177fe5297744e5440&X-Amz-SignedHeaders=host%3Bx-amz-expected-bucket-owner&response-expires=Thu%2C%2003%20Sep%202026%2015%3A20%3A08%20GMT
CANCER_CANCER	Desktop	Deep_Black	https://export-download.canva.com/2hHSI/DAHUJB2hHSI/-1/0/0024-2546174426952557139.jpg?X-Amz-Algorithm=AWS4-HMAC-SHA256&X-Amz-Credential=AKIAQYCGKMUH5AO7UJ26%2F20260902%2Fus-east-1%2Fs3%2Faws4_request&X-Amz-Date=20260902T234231Z&X-Amz-Expires=58743&X-Amz-Signature=8d4f6058a35de615bfcf8b150688dbd087cab3fc92859754e764b9ea29b7fb6b&X-Amz-SignedHeaders=host%3Bx-amz-expected-bucket-owner&response-expires=Thu%2C%2003%20Sep%202026%2016%3A01%3A34%20GMT
CANCER_CAPRICORN	Desktop	Deep_Black	https://export-download.canva.com/2hHSI/DAHUJB2hHSI/-1/0/0025-2546174426952557139.jpg?X-Amz-Algorithm=AWS4-HMAC-SHA256&X-Amz-Credential=AKIAQYCGKMUH5AO7UJ26%2F20260902%2Fus-east-1%2Fs3%2Faws4_request&X-Amz-Date=20260902T160132Z&X-Amz-Expires=85139&X-Amz-Signature=888626b5f73db9b2a3469e4ada6ecc906b2d4833bcc37ba83b539fba10a2bbba&X-Amz-SignedHeaders=host%3Bx-amz-expected-bucket-owner&response-expires=Thu%2C%2003%20Sep%202026%2015%3A40%3A31%20GMT
CANCER_GEMINI	Desktop	Deep_Black	https://export-download.canva.com/2hHSI/DAHUJB2hHSI/-1/0/0026-2546174426952557139.jpg?X-Amz-Algorithm=AWS4-HMAC-SHA256&X-Amz-Credential=AKIAQYCGKMUH5AO7UJ26%2F20260902%2Fus-east-1%2Fs3%2Faws4_request&X-Amz-Date=20260902T223621Z&X-Amz-Expires=62703&X-Amz-Signature=e7f2bb84106d3d843d789da0a1a1d508ecce01b7788791f63f58cebb34da1217&X-Amz-SignedHeaders=host%3Bx-amz-expected-bucket-owner&response-expires=Thu%2C%2003%20Sep%202026%2016%3A01%3A24%20GMT
CANCER_LEO	Desktop	Deep_Black	https://export-download.canva.com/2hHSI/DAHUJB2hHSI/-1/0/0027-2546174426952557139.jpg?X-Amz-Algorithm=AWS4-HMAC-SHA256&X-Amz-Credential=AKIAQYCGKMUH5AO7UJ26%2F20260902%2Fus-east-1%2Fs3%2Faws4_request&X-Amz-Date=20260902T142805Z&X-Amz-Expires=89727&X-Amz-Signature=9f3fd0acbaf4ea3dd36833fce9dbce31a46eb508d471ddc4e650054a4c5d47f3&X-Amz-SignedHeaders=host%3Bx-amz-expected-bucket-owner&response-expires=Thu%2C%2003%20Sep%202026%2015%3A23%3A32%20GMT
CANCER_LIBRA	Desktop	Deep_Black	https://export-download.canva.com/2hHSI/DAHUJB2hHSI/-1/0/0028-2546174426952557139.jpg?X-Amz-Algorithm=AWS4-HMAC-SHA256&X-Amz-Credential=AKIAQYCGKMUH5AO7UJ26%2F20260902%2Fus-east-1%2Fs3%2Faws4_request&X-Amz-Date=20260902T214837Z&X-Amz-Expires=63645&X-Amz-Signature=c3e10a0dfee3083302a85fd7856774728815950809ac14410830ad303a98ccd7&X-Amz-SignedHeaders=host%3Bx-amz-expected-bucket-owner&response-expires=Thu%2C%2003%20Sep%202026%2015%3A29%3A22%20GMT
CANCER_PISCES	Desktop	Deep_Black	https://export-download.canva.com/2hHSI/DAHUJB2hHSI/-1/0/0029-2546174426952557139.jpg?X-Amz-Algorithm=AWS4-HMAC-SHA256&X-Amz-Credential=AKIAQYCGKMUH5AO7UJ26%2F20260902%2Fus-east-1%2Fs3%2Faws4_request&X-Amz-Date=20260902T232801Z&X-Amz-Expires=59930&X-Amz-Signature=737a63340644edfaa32df75521e022395bb5e2406dbfe2d7be796dfeb0f51477&X-Amz-SignedHeaders=host%3Bx-amz-expected-bucket-owner&response-expires=Thu%2C%2003%20Sep%202026%2016%3A06%3A51%20GMT
CANCER_SAGITTARIUS	Desktop	Deep_Black	https://export-download.canva.com/2hHSI/DAHUJB2hHSI/-1/0/0030-2546174426952557139.jpg?X-Amz-Algorithm=AWS4-HMAC-SHA256&X-Amz-Credential=AKIAQYCGKMUH5AO7UJ26%2F20260903%2Fus-east-1%2Fs3%2Faws4_request&X-Amz-Date=20260903T000416Z&X-Amz-Expires=55109&X-Amz-Signature=6ed2543985a7631809dad306319af8553cd3d2c6509a488c0188b901fc798b88&X-Amz-SignedHeaders=host%3Bx-amz-expected-bucket-owner&response-expires=Thu%2C%2003%20Sep%202026%2015%3A22%3A45%20GMT
CANCER_SCORPIO	Desktop	Deep_Black	https://export-download.canva.com/2hHSI/DAHUJB2hHSI/-1/0/0031-2546174426952557139.jpg?X-Amz-Algorithm=AWS4-HMAC-SHA256&X-Amz-Credential=AKIAQYCGKMUH5AO7UJ26%2F20260902%2Fus-east-1%2Fs3%2Faws4_request&X-Amz-Date=20260902T214540Z&X-Amz-Expires=64183&X-Amz-Signature=8a5487dcb5b2cc92a92326f2087c0883254979ebfc45471526c2a81f48d829c7&X-Amz-SignedHeaders=host%3Bx-amz-expected-bucket-owner&response-expires=Thu%2C%2003%20Sep%202026%2015%3A35%3A23%20GMT
CANCER_TAURUS	Desktop	Deep_Black	https://export-download.canva.com/2hHSI/DAHUJB2hHSI/-1/0/0032-2546174426952557139.jpg?X-Amz-Algorithm=AWS4-HMAC-SHA256&X-Amz-Credential=AKIAQYCGKMUH5AO7UJ26%2F20260903%2Fus-east-1%2Fs3%2Faws4_request&X-Amz-Date=20260903T112659Z&X-Amz-Expires=16930&X-Amz-Signature=81327e718063db6a6f1eb138097052d53fce6e69ac7cb92e40267f749dce50a3&X-Amz-SignedHeaders=host%3Bx-amz-expected-bucket-owner&response-expires=Thu%2C%2003%20Sep%202026%2016%3A09%3A09%20GMT
CANCER_VIRGO	Desktop	Deep_Black	https://export-download.canva.com/2hHSI/DAHUJB2hHSI/-1/0/0033-2546174426952557139.jpg?X-Amz-Algorithm=AWS4-HMAC-SHA256&X-Amz-Credential=AKIAQYCGKMUH5AO7UJ26%2F20260903%2Fus-east-1%2Fs3%2Faws4_request&X-Amz-Date=20260903T113626Z&X-Amz-Expires=15972&X-Amz-Signature=73e8a432f993cf12df2c06676a04bd5c85dcb2b8b8228897360ce1be37c093b8&X-Amz-SignedHeaders=host%3Bx-amz-expected-bucket-owner&response-expires=Thu%2C%2003%20Sep%202026%2016%3A02%3A38%20GMT
CAPRICORN_CAPRICORN	Desktop	Deep_Black	https://export-download.canva.com/2hHSI/DAHUJB2hHSI/-1/0/0034-2546174426952557139.jpg?X-Amz-Algorithm=AWS4-HMAC-SHA256&X-Amz-Credential=AKIAQYCGKMUH5AO7UJ26%2F20260903%2Fus-east-1%2Fs3%2Faws4_request&X-Amz-Date=20260903T000235Z&X-Amz-Expires=56621&X-Amz-Signature=722d28e49fa9a98e6cb579536dd7639a95c8db9a209c695e3b86e0ee39298653&X-Amz-SignedHeaders=host%3Bx-amz-expected-bucket-owner&response-expires=Thu%2C%2003%20Sep%202026%2015%3A46%3A16%20GMT
CAPRICORN_GEMINI	Desktop	Deep_Black	https://export-download.canva.com/2hHSI/DAHUJB2hHSI/-1/0/0035-2546174426952557139.jpg?X-Amz-Algorithm=AWS4-HMAC-SHA256&X-Amz-Credential=AKIAQYCGKMUH5AO7UJ26%2F20260902%2Fus-east-1%2Fs3%2Faws4_request&X-Amz-Date=20260902T233020Z&X-Amz-Expires=59958&X-Amz-Signature=87970db3518813a80d56b6dfeaeb6b57a0357be6cdd8ff7b5d5dc6b975683493&X-Amz-SignedHeaders=host%3Bx-amz-expected-bucket-owner&response-expires=Thu%2C%2003%20Sep%202026%2016%3A09%3A38%20GMT
CAPRICORN_LEO	Desktop	Deep_Black	https://export-download.canva.com/2hHSI/DAHUJB2hHSI/-1/0/0036-2546174426952557139.jpg?X-Amz-Algorithm=AWS4-HMAC-SHA256&X-Amz-Credential=AKIAQYCGKMUH5AO7UJ26%2F20260902%2Fus-east-1%2Fs3%2Faws4_request&X-Amz-Date=20260902T164355Z&X-Amz-Expires=83176&X-Amz-Signature=9704d5ae4abdf4a29537422be80bf3c0d24b6b05d2f1806db52a8e590244a59c&X-Amz-SignedHeaders=host%3Bx-amz-expected-bucket-owner&response-expires=Thu%2C%2003%20Sep%202026%2015%3A50%3A11%20GMT
CAPRICORN_LIBRA	Desktop	Deep_Black	https://export-download.canva.com/2hHSI/DAHUJB2hHSI/-1/0/0037-2546174426952557139.jpg?X-Amz-Algorithm=AWS4-HMAC-SHA256&X-Amz-Credential=AKIAQYCGKMUH5AO7UJ26%2F20260903%2Fus-east-1%2Fs3%2Faws4_request&X-Amz-Date=20260903T134312Z&X-Amz-Expires=7452&X-Amz-Signature=aa72eccf3bac479af1b4e5e32d029861de2fb06c063662b7e0da6c2f1689ab2d&X-Amz-SignedHeaders=host%3Bx-amz-expected-bucket-owner&response-expires=Thu%2C%2003%20Sep%202026%2015%3A47%3A24%20GMT
CAPRICORN_PISCES	Desktop	Deep_Black	https://export-download.canva.com/2hHSI/DAHUJB2hHSI/-1/0/0038-2546174426952557139.jpg?X-Amz-Algorithm=AWS4-HMAC-SHA256&X-Amz-Credential=AKIAQYCGKMUH5AO7UJ26%2F20260903%2Fus-east-1%2Fs3%2Faws4_request&X-Amz-Date=20260903T001524Z&X-Amz-Expires=56559&X-Amz-Signature=a66127ce8e6693c631ae2ed45492dea99a1f631d6022d03911431f7185336bde&X-Amz-SignedHeaders=host%3Bx-amz-expected-bucket-owner&response-expires=Thu%2C%2003%20Sep%202026%2015%3A58%3A03%20GMT
CAPRICORN_SAGITTARIUS	Desktop	Deep_Black	https://export-download.canva.com/2hHSI/DAHUJB2hHSI/-1/0/0039-2546174426952557139.jpg?X-Amz-Algorithm=AWS4-HMAC-SHA256&X-Amz-Credential=AKIAQYCGKMUH5AO7UJ26%2F20260903%2Fus-east-1%2Fs3%2Faws4_request&X-Amz-Date=20260903T001927Z&X-Amz-Expires=54168&X-Amz-Signature=441aab0043595c725fabfa19d6c7a1b444d2f634ffdfd903c1a9051283400578&X-Amz-SignedHeaders=host%3Bx-amz-expected-bucket-owner&response-expires=Thu%2C%2003%20Sep%202026%2015%3A22%3A15%20GMT
CAPRICORN_SCORPIO	Desktop	Deep_Black	https://export-download.canva.com/2hHSI/DAHUJB2hHSI/-1/0/0040-2546174426952557139.jpg?X-Amz-Algorithm=AWS4-HMAC-SHA256&X-Amz-Credential=AKIAQYCGKMUH5AO7UJ26%2F20260903%2Fus-east-1%2Fs3%2Faws4_request&X-Amz-Date=20260903T070228Z&X-Amz-Expires=32604&X-Amz-Signature=1f54dd79cf066e4fe629019cbe5615d82b8e3efb41f37f3b16e0170ab88f1226&X-Amz-SignedHeaders=host%3Bx-amz-expected-bucket-owner&response-expires=Thu%2C%2003%20Sep%202026%2016%3A05%3A52%20GMT
CAPRICORN_TAURUS	Desktop	Deep_Black	https://export-download.canva.com/2hHSI/DAHUJB2hHSI/-1/0/0041-2546174426952557139.jpg?X-Amz-Algorithm=AWS4-HMAC-SHA256&X-Amz-Credential=AKIAQYCGKMUH5AO7UJ26%2F20260903%2Fus-east-1%2Fs3%2Faws4_request&X-Amz-Date=20260903T094240Z&X-Amz-Expires=21818&X-Amz-Signature=0148dcc395222bc051de21e5321f9472adb14a7a3097e50d2080008be30c3e29&X-Amz-SignedHeaders=host%3Bx-amz-expected-bucket-owner&response-expires=Thu%2C%2003%20Sep%202026%2015%3A46%3A18%20GMT
CAPRICORN_VIRGO	Desktop	Deep_Black	https://export-download.canva.com/2hHSI/DAHUJB2hHSI/-1/0/0042-2546174426952557139.jpg?X-Amz-Algorithm=AWS4-HMAC-SHA256&X-Amz-Credential=AKIAQYCGKMUH5AO7UJ26%2F20260902%2Fus-east-1%2Fs3%2Faws4_request&X-Amz-Date=20260902T220400Z&X-Amz-Expires=61938&X-Amz-Signature=7ecc050d7eb440d2365f30edab6b1c572beb7ccbdb781f284bf05528294b47fe&X-Amz-SignedHeaders=host%3Bx-amz-expected-bucket-owner&response-expires=Thu%2C%2003%20Sep%202026%2015%3A16%3A18%20GMT
GEMINI_GEMINI	Desktop	Deep_Black	https://export-download.canva.com/2hHSI/DAHUJB2hHSI/-1/0/0043-2546174426952557139.jpg?X-Amz-Algorithm=AWS4-HMAC-SHA256&X-Amz-Credential=AKIAQYCGKMUH5AO7UJ26%2F20260903%2Fus-east-1%2Fs3%2Faws4_request&X-Amz-Date=20260903T021840Z&X-Amz-Expires=49248&X-Amz-Signature=32a3ed83972d0d55e372be66491fa49cf87b35a54186dc9928802ba1f9c37efe&X-Amz-SignedHeaders=host%3Bx-amz-expected-bucket-owner&response-expires=Thu%2C%2003%20Sep%202026%2015%3A59%3A28%20GMT
GEMINI_LEO	Desktop	Deep_Black	https://export-download.canva.com/2hHSI/DAHUJB2hHSI/-1/0/0044-2546174426952557139.jpg?X-Amz-Algorithm=AWS4-HMAC-SHA256&X-Amz-Credential=AKIAQYCGKMUH5AO7UJ26%2F20260902%2Fus-east-1%2Fs3%2Faws4_request&X-Amz-Date=20260902T225532Z&X-Amz-Expires=60296&X-Amz-Signature=6d935ee9268bbc64ce378a224e608f9ed7868afc08cac667857082fc51b046b7&X-Amz-SignedHeaders=host%3Bx-amz-expected-bucket-owner&response-expires=Thu%2C%2003%20Sep%202026%2015%3A40%3A28%20GMT
GEMINI_LIBRA	Desktop	Deep_Black	https://export-download.canva.com/2hHSI/DAHUJB2hHSI/-1/0/0045-2546174426952557139.jpg?X-Amz-Algorithm=AWS4-HMAC-SHA256&X-Amz-Credential=AKIAQYCGKMUH5AO7UJ26%2F20260903%2Fus-east-1%2Fs3%2Faws4_request&X-Amz-Date=20260903T023057Z&X-Amz-Expires=48308&X-Amz-Signature=c0ebf1faf45b98ba9142d4793af57650e9d6b52242ae8f183f036101e8be0052&X-Amz-SignedHeaders=host%3Bx-amz-expected-bucket-owner&response-expires=Thu%2C%2003%20Sep%202026%2015%3A56%3A05%20GMT
GEMINI_PISCES	Desktop	Deep_Black	https://export-download.canva.com/2hHSI/DAHUJB2hHSI/-1/0/0046-2546174426952557139.jpg?X-Amz-Algorithm=AWS4-HMAC-SHA256&X-Amz-Credential=AKIAQYCGKMUH5AO7UJ26%2F20260903%2Fus-east-1%2Fs3%2Faws4_request&X-Amz-Date=20260903T114509Z&X-Amz-Expires=15113&X-Amz-Signature=e447486e79881c4d1472be0405a8004da3e2fe6ed96a7fcd4d4b5b41d2b2dddb&X-Amz-SignedHeaders=host%3Bx-amz-expected-bucket-owner&response-expires=Thu%2C%2003%20Sep%202026%2015%3A57%3A02%20GMT
GEMINI_SAGITTARIUS	Desktop	Deep_Black	https://export-download.canva.com/2hHSI/DAHUJB2hHSI/-1/0/0047-2546174426952557139.jpg?X-Amz-Algorithm=AWS4-HMAC-SHA256&X-Amz-Credential=AKIAQYCGKMUH5AO7UJ26%2F20260902%2Fus-east-1%2Fs3%2Faws4_request&X-Amz-Date=20260902T202208Z&X-Amz-Expires=68387&X-Amz-Signature=c55bb88b4cb0ca030bafd5bdea6487c0ee4dfd82e4bcf77bab8c0ad98d018239&X-Amz-SignedHeaders=host%3Bx-amz-expected-bucket-owner&response-expires=Thu%2C%2003%20Sep%202026%2015%3A21%3A55%20GMT
GEMINI_SCORPIO	Desktop	Deep_Black	https://export-download.canva.com/2hHSI/DAHUJB2hHSI/-1/0/0048-2546174426952557139.jpg?X-Amz-Algorithm=AWS4-HMAC-SHA256&X-Amz-Credential=AKIAQYCGKMUH5AO7UJ26%2F20260903%2Fus-east-1%2Fs3%2Faws4_request&X-Amz-Date=20260903T105734Z&X-Amz-Expires=17673&X-Amz-Signature=5c2508f31d6ff1772d6e1dcdba7fd61b4ef37ef17cbc2816700e0adde4b35f48&X-Amz-SignedHeaders=host%3Bx-amz-expected-bucket-owner&response-expires=Thu%2C%2003%20Sep%202026%2015%3A52%3A07%20GMT
GEMINI_TAURUS	Desktop	Deep_Black	https://export-download.canva.com/2hHSI/DAHUJB2hHSI/-1/0/0049-2546174426952557139.jpg?X-Amz-Algorithm=AWS4-HMAC-SHA256&X-Amz-Credential=AKIAQYCGKMUH5AO7UJ26%2F20260902%2Fus-east-1%2Fs3%2Faws4_request&X-Amz-Date=20260902T220412Z&X-Amz-Expires=61865&X-Amz-Signature=fc17e14541cba2c0dc49af9ff0a32e560ba3618004c44bf3109526c53225c95a&X-Amz-SignedHeaders=host%3Bx-amz-expected-bucket-owner&response-expires=Thu%2C%2003%20Sep%202026%2015%3A15%3A17%20GMT
GEMINI_VIRGO	Desktop	Deep_Black	https://export-download.canva.com/2hHSI/DAHUJB2hHSI/-1/0/0050-2546174426952557139.jpg?X-Amz-Algorithm=AWS4-HMAC-SHA256&X-Amz-Credential=AKIAQYCGKMUH5AO7UJ26%2F20260903%2Fus-east-1%2Fs3%2Faws4_request&X-Amz-Date=20260903T101920Z&X-Amz-Expires=20907&X-Amz-Signature=4f6f4d4f5b2ecc9eb313554bf5d381b7bec951216089f083cc514eb7f6fd10b2&X-Amz-SignedHeaders=host%3Bx-amz-expected-bucket-owner&response-expires=Thu%2C%2003%20Sep%202026%2016%3A07%3A47%20GMT
LEO_LEO	Desktop	Deep_Black	https://export-download.canva.com/2hHSI/DAHUJB2hHSI/-1/0/0051-2546174426952557139.jpg?X-Amz-Algorithm=AWS4-HMAC-SHA256&X-Amz-Credential=AKIAQYCGKMUH5AO7UJ26%2F20260902%2Fus-east-1%2Fs3%2Faws4_request&X-Amz-Date=20260902T190042Z&X-Amz-Expires=73257&X-Amz-Signature=8b015696618ce7df7c24f39e432a22292f824727f2ab1b5c6bcf98c7a12b70b2&X-Amz-SignedHeaders=host%3Bx-amz-expected-bucket-owner&response-expires=Thu%2C%2003%20Sep%202026%2015%3A21%3A39%20GMT
LEO_LIBRA	Desktop	Deep_Black	https://export-download.canva.com/2hHSI/DAHUJB2hHSI/-1/0/0052-2546174426952557139.jpg?X-Amz-Algorithm=AWS4-HMAC-SHA256&X-Amz-Credential=AKIAQYCGKMUH5AO7UJ26%2F20260903%2Fus-east-1%2Fs3%2Faws4_request&X-Amz-Date=20260903T035550Z&X-Amz-Expires=41409&X-Amz-Signature=c21353d228f51805d6c69c2d01468c84fba5ec0700d8a8b7e7e3e347cb87c379&X-Amz-SignedHeaders=host%3Bx-amz-expected-bucket-owner&response-expires=Thu%2C%2003%20Sep%202026%2015%3A25%3A59%20GMT
LEO_PISCES	Desktop	Deep_Black	https://export-download.canva.com/2hHSI/DAHUJB2hHSI/-1/0/0053-2546174426952557139.jpg?X-Amz-Algorithm=AWS4-HMAC-SHA256&X-Amz-Credential=AKIAQYCGKMUH5AO7UJ26%2F20260903%2Fus-east-1%2Fs3%2Faws4_request&X-Amz-Date=20260903T112109Z&X-Amz-Expires=15946&X-Amz-Signature=7616fbe7148746d67a82590e99efd50f5d5c591a4ff9b6875b4818f60754662a&X-Amz-SignedHeaders=host%3Bx-amz-expected-bucket-owner&response-expires=Thu%2C%2003%20Sep%202026%2015%3A46%3A55%20GMT
LEO_SAGITTARIUS	Desktop	Deep_Black	https://export-download.canva.com/2hHSI/DAHUJB2hHSI/-1/0/0054-2546174426952557139.jpg?X-Amz-Algorithm=AWS4-HMAC-SHA256&X-Amz-Credential=AKIAQYCGKMUH5AO7UJ26%2F20260902%2Fus-east-1%2Fs3%2Faws4_request&X-Amz-Date=20260902T233935Z&X-Amz-Expires=56209&X-Amz-Signature=597674c1b41d1c06e8dddd3845e7a9a40e38c7ed491e7377fa5c9e590bd20198&X-Amz-SignedHeaders=host%3Bx-amz-expected-bucket-owner&response-expires=Thu%2C%2003%20Sep%202026%2015%3A16%3A24%20GMT
LEO_SCORPIO	Desktop	Deep_Black	https://export-download.canva.com/2hHSI/DAHUJB2hHSI/-1/0/0055-2546174426952557139.jpg?X-Amz-Algorithm=AWS4-HMAC-SHA256&X-Amz-Credential=AKIAQYCGKMUH5AO7UJ26%2F20260902%2Fus-east-1%2Fs3%2Faws4_request&X-Amz-Date=20260902T231227Z&X-Amz-Expires=59879&X-Amz-Signature=ec0678ae93b4d68f6fb924263aaf420959700ea6729acb771e99f4a537c1162e&X-Amz-SignedHeaders=host%3Bx-amz-expected-bucket-owner&response-expires=Thu%2C%2003%20Sep%202026%2015%3A50%3A26%20GMT
LEO_TAURUS	Desktop	Deep_Black	https://export-download.canva.com/2hHSI/DAHUJB2hHSI/-1/0/0056-2546174426952557139.jpg?X-Amz-Algorithm=AWS4-HMAC-SHA256&X-Amz-Credential=AKIAQYCGKMUH5AO7UJ26%2F20260902%2Fus-east-1%2Fs3%2Faws4_request&X-Amz-Date=20260902T201207Z&X-Amz-Expires=70146&X-Amz-Signature=ad1e66b0be7042432bd743fbe3b95fe1b1ba2c7e4d8011ee4bc3167f43deafef&X-Amz-SignedHeaders=host%3Bx-amz-expected-bucket-owner&response-expires=Thu%2C%2003%20Sep%202026%2015%3A41%3A13%20GMT
LEO_VIRGO	Desktop	Deep_Black	https://export-download.canva.com/2hHSI/DAHUJB2hHSI/-1/0/0057-2546174426952557139.jpg?X-Amz-Algorithm=AWS4-HMAC-SHA256&X-Amz-Credential=AKIAQYCGKMUH5AO7UJ26%2F20260903%2Fus-east-1%2Fs3%2Faws4_request&X-Amz-Date=20260903T034613Z&X-Amz-Expires=43822&X-Amz-Signature=3f188ed338f8b20b1ea711862c33ff8a3ffa145f4623c90a57c27ccb04866515&X-Amz-SignedHeaders=host%3Bx-amz-expected-bucket-owner&response-expires=Thu%2C%2003%20Sep%202026%2015%3A56%3A35%20GMT
LIBRA_LIBRA	Desktop	Deep_Black	https://export-download.canva.com/2hHSI/DAHUJB2hHSI/-1/0/0058-2546174426952557139.jpg?X-Amz-Algorithm=AWS4-HMAC-SHA256&X-Amz-Credential=AKIAQYCGKMUH5AO7UJ26%2F20260902%2Fus-east-1%2Fs3%2Faws4_request&X-Amz-Date=20260902T203100Z&X-Amz-Expires=69570&X-Amz-Signature=8834703da72f6d71858b2bc0380f0082fcc149f8657713411a440d9035e3b0e5&X-Amz-SignedHeaders=host%3Bx-amz-expected-bucket-owner&response-expires=Thu%2C%2003%20Sep%202026%2015%3A50%3A30%20GMT
LIBRA_PISCES	Desktop	Deep_Black	https://export-download.canva.com/2hHSI/DAHUJB2hHSI/-1/0/0059-2546174426952557139.jpg?X-Amz-Algorithm=AWS4-HMAC-SHA256&X-Amz-Credential=AKIAQYCGKMUH5AO7UJ26%2F20260903%2Fus-east-1%2Fs3%2Faws4_request&X-Amz-Date=20260903T043213Z&X-Amz-Expires=41545&X-Amz-Signature=0fd901f4c92c04e34533954aa8eadb19657b2e34f2cdf8042f2438dbc88234e5&X-Amz-SignedHeaders=host%3Bx-amz-expected-bucket-owner&response-expires=Thu%2C%2003%20Sep%202026%2016%3A04%3A38%20GMT
LIBRA_SAGITTARIUS	Desktop	Deep_Black	https://export-download.canva.com/2hHSI/DAHUJB2hHSI/-1/0/0060-2546174426952557139.jpg?X-Amz-Algorithm=AWS4-HMAC-SHA256&X-Amz-Credential=AKIAQYCGKMUH5AO7UJ26%2F20260902%2Fus-east-1%2Fs3%2Faws4_request&X-Amz-Date=20260902T174729Z&X-Amz-Expires=77924&X-Amz-Signature=67196a859841a93dc79a6ad09b4d53b70207f18dc69be5ed3bebbff87bc3d171&X-Amz-SignedHeaders=host%3Bx-amz-expected-bucket-owner&response-expires=Thu%2C%2003%20Sep%202026%2015%3A26%3A13%20GMT
LIBRA_SCORPIO	Desktop	Deep_Black	https://export-download.canva.com/2hHSI/DAHUJB2hHSI/-1/0/0061-2546174426952557139.jpg?X-Amz-Algorithm=AWS4-HMAC-SHA256&X-Amz-Credential=AKIAQYCGKMUH5AO7UJ26%2F20260902%2Fus-east-1%2Fs3%2Faws4_request&X-Amz-Date=20260902T162047Z&X-Amz-Expires=83619&X-Amz-Signature=47c284dfa8983bd2ca979b8fb44a45d39bcf0de5eb88eaea49274bc59ff182a2&X-Amz-SignedHeaders=host%3Bx-amz-expected-bucket-owner&response-expires=Thu%2C%2003%20Sep%202026%2015%3A34%3A26%20GMT
LIBRA_TAURUS	Desktop	Deep_Black	https://export-download.canva.com/2hHSI/DAHUJB2hHSI/-1/0/0062-2546174426952557139.jpg?X-Amz-Algorithm=AWS4-HMAC-SHA256&X-Amz-Credential=AKIAQYCGKMUH5AO7UJ26%2F20260903%2Fus-east-1%2Fs3%2Faws4_request&X-Amz-Date=20260903T030056Z&X-Amz-Expires=45748&X-Amz-Signature=0b37254352256b0695ce45c1ba8b0fa47508e80653fc840152dc13f913640755&X-Amz-SignedHeaders=host%3Bx-amz-expected-bucket-owner&response-expires=Thu%2C%2003%20Sep%202026%2015%3A43%3A24%20GMT
LIBRA_VIRGO	Desktop	Deep_Black	https://export-download.canva.com/2hHSI/DAHUJB2hHSI/-1/0/0063-2546174426952557139.jpg?X-Amz-Algorithm=AWS4-HMAC-SHA256&X-Amz-Credential=AKIAQYCGKMUH5AO7UJ26%2F20260903%2Fus-east-1%2Fs3%2Faws4_request&X-Amz-Date=20260903T041228Z&X-Amz-Expires=42053&X-Amz-Signature=544849cdbe58088d471e42f23e8ebe9f3092b4923e0e30c9cc4c514b40a362f7&X-Amz-SignedHeaders=host%3Bx-amz-expected-bucket-owner&response-expires=Thu%2C%2003%20Sep%202026%2015%3A53%3A21%20GMT
PISCES_PISCES	Desktop	Deep_Black	https://export-download.canva.com/2hHSI/DAHUJB2hHSI/-1/0/0064-2546174426952557139.jpg?X-Amz-Algorithm=AWS4-HMAC-SHA256&X-Amz-Credential=AKIAQYCGKMUH5AO7UJ26%2F20260902%2Fus-east-1%2Fs3%2Faws4_request&X-Amz-Date=20260902T174510Z&X-Amz-Expires=80033&X-Amz-Signature=1b4f5344ed614d2ed2b6c709949360ed9997e0d4a1c4bd2680960cacaf81c8e6&X-Amz-SignedHeaders=host%3Bx-amz-expected-bucket-owner&response-expires=Thu%2C%2003%20Sep%202026%2015%3A59%3A03%20GMT
PISCES_SAGITTARIUS	Desktop	Deep_Black	https://export-download.canva.com/2hHSI/DAHUJB2hHSI/-1/0/0065-2546174426952557139.jpg?X-Amz-Algorithm=AWS4-HMAC-SHA256&X-Amz-Credential=AKIAQYCGKMUH5AO7UJ26%2F20260903%2Fus-east-1%2Fs3%2Faws4_request&X-Amz-Date=20260903T113805Z&X-Amz-Expires=15784&X-Amz-Signature=f93ff3117e1eea88d2512b7a1fb8783955adc98483e609d235ee1b982ae2445c&X-Amz-SignedHeaders=host%3Bx-amz-expected-bucket-owner&response-expires=Thu%2C%2003%20Sep%202026%2016%3A01%3A09%20GMT
PISCES_SCORPIO	Desktop	Deep_Black	https://export-download.canva.com/2hHSI/DAHUJB2hHSI/-1/0/0066-2546174426952557139.jpg?X-Amz-Algorithm=AWS4-HMAC-SHA256&X-Amz-Credential=AKIAQYCGKMUH5AO7UJ26%2F20260902%2Fus-east-1%2Fs3%2Faws4_request&X-Amz-Date=20260902T164818Z&X-Amz-Expires=81647&X-Amz-Signature=18b1eab44669d7ceeb68b254ad7d8199c36f21aa9e55d057cfaa0ff096e9b96c&X-Amz-SignedHeaders=host%3Bx-amz-expected-bucket-owner&response-expires=Thu%2C%2003%20Sep%202026%2015%3A29%3A05%20GMT
PISCES_TAURUS	Desktop	Deep_Black	https://export-download.canva.com/2hHSI/DAHUJB2hHSI/-1/0/0067-2546174426952557139.jpg?X-Amz-Algorithm=AWS4-HMAC-SHA256&X-Amz-Credential=AKIAQYCGKMUH5AO7UJ26%2F20260902%2Fus-east-1%2Fs3%2Faws4_request&X-Amz-Date=20260902T162243Z&X-Amz-Expires=84057&X-Amz-Signature=5c369c91568fcecf4219004a104389ed5e46bef8000e52e94b3d426c9f63a310&X-Amz-SignedHeaders=host%3Bx-amz-expected-bucket-owner&response-expires=Thu%2C%2003%20Sep%202026%2015%3A43%3A40%20GMT
PISCES_VIRGO	Desktop	Deep_Black	https://export-download.canva.com/2hHSI/DAHUJB2hHSI/-1/0/0068-2546174426952557139.jpg?X-Amz-Algorithm=AWS4-HMAC-SHA256&X-Amz-Credential=AKIAQYCGKMUH5AO7UJ26%2F20260903%2Fus-east-1%2Fs3%2Faws4_request&X-Amz-Date=20260903T043558Z&X-Amz-Expires=39703&X-Amz-Signature=e87d8a3ebdfd0787c871301f421323b4d8368c8603132076d4ee34a1c5c275c1&X-Amz-SignedHeaders=host%3Bx-amz-expected-bucket-owner&response-expires=Thu%2C%2003%20Sep%202026%2015%3A37%3A41%20GMT
SAGITTARIUS_SAGITTARIUS	Desktop	Deep_Black	https://export-download.canva.com/2hHSI/DAHUJB2hHSI/-1/0/0069-2546174426952557139.jpg?X-Amz-Algorithm=AWS4-HMAC-SHA256&X-Amz-Credential=AKIAQYCGKMUH5AO7UJ26%2F20260903%2Fus-east-1%2Fs3%2Faws4_request&X-Amz-Date=20260903T000057Z&X-Amz-Expires=57310&X-Amz-Signature=d181b8b99ab7183a1cc2317d69d56ef79fa954eee4c258b97fb03cb127909c34&X-Amz-SignedHeaders=host%3Bx-amz-expected-bucket-owner&response-expires=Thu%2C%2003%20Sep%202026%2015%3A56%3A07%20GMT
SAGITTARIUS_SCORPIO	Desktop	Deep_Black	https://export-download.canva.com/2hHSI/DAHUJB2hHSI/-1/0/0070-2546174426952557139.jpg?X-Amz-Algorithm=AWS4-HMAC-SHA256&X-Amz-Credential=AKIAQYCGKMUH5AO7UJ26%2F20260903%2Fus-east-1%2Fs3%2Faws4_request&X-Amz-Date=20260903T021011Z&X-Amz-Expires=48081&X-Amz-Signature=25b13f67b8261eee6db828adf70ca06282dbca486247921d320e2ea7f87eea66&X-Amz-SignedHeaders=host%3Bx-amz-expected-bucket-owner&response-expires=Thu%2C%2003%20Sep%202026%2015%3A31%3A32%20GMT
SAGITTARIUS_TAURUS	Desktop	Deep_Black	https://export-download.canva.com/2hHSI/DAHUJB2hHSI/-1/0/0071-2546174426952557139.jpg?X-Amz-Algorithm=AWS4-HMAC-SHA256&X-Amz-Credential=AKIAQYCGKMUH5AO7UJ26%2F20260902%2Fus-east-1%2Fs3%2Faws4_request&X-Amz-Date=20260902T141706Z&X-Amz-Expires=90975&X-Amz-Signature=5f4eb6392d70b1d1bc6b6da1009df35034bb2b188a681d405676ef98926545bd&X-Amz-SignedHeaders=host%3Bx-amz-expected-bucket-owner&response-expires=Thu%2C%2003%20Sep%202026%2015%3A33%3A21%20GMT
SAGITTARIUS_VIRGO	Desktop	Deep_Black	https://export-download.canva.com/2hHSI/DAHUJB2hHSI/-1/0/0072-2546174426952557139.jpg?X-Amz-Algorithm=AWS4-HMAC-SHA256&X-Amz-Credential=AKIAQYCGKMUH5AO7UJ26%2F20260902%2Fus-east-1%2Fs3%2Faws4_request&X-Amz-Date=20260902T154551Z&X-Amz-Expires=85336&X-Amz-Signature=9abcb298c04cebe11201376c068836b06f9dca2b600a1b9c8842bd384a2580e8&X-Amz-SignedHeaders=host%3Bx-amz-expected-bucket-owner&response-expires=Thu%2C%2003%20Sep%202026%2015%3A28%3A07%20GMT
SCORPIO_SCORPIO	Desktop	Deep_Black	https://export-download.canva.com/2hHSI/DAHUJB2hHSI/-1/0/0073-2546174426952557139.jpg?X-Amz-Algorithm=AWS4-HMAC-SHA256&X-Amz-Credential=AKIAQYCGKMUH5AO7UJ26%2F20260902%2Fus-east-1%2Fs3%2Faws4_request&X-Amz-Date=20260902T175713Z&X-Amz-Expires=79914&X-Amz-Signature=07f3817eef25926f6e44260447c7c0cd853ef190bd570cf118ab0de3a3c09e67&X-Amz-SignedHeaders=host%3Bx-amz-expected-bucket-owner&response-expires=Thu%2C%2003%20Sep%202026%2016%3A09%3A07%20GMT
SCORPIO_TAURUS	Desktop	Deep_Black	https://export-download.canva.com/2hHSI/DAHUJB2hHSI/-1/0/0074-2546174426952557139.jpg?X-Amz-Algorithm=AWS4-HMAC-SHA256&X-Amz-Credential=AKIAQYCGKMUH5AO7UJ26%2F20260903%2Fus-east-1%2Fs3%2Faws4_request&X-Amz-Date=20260903T072909Z&X-Amz-Expires=28209&X-Amz-Signature=5239e000b104f0610a7a6dcb5439875c6a6ce98e71cc71e0eaca0de3c672f748&X-Amz-SignedHeaders=host%3Bx-amz-expected-bucket-owner&response-expires=Thu%2C%2003%20Sep%202026%2015%3A19%3A18%20GMT
SCORPIO_VIRGO	Desktop	Deep_Black	https://export-download.canva.com/2hHSI/DAHUJB2hHSI/-1/0/0075-2546174426952557139.jpg?X-Amz-Algorithm=AWS4-HMAC-SHA256&X-Amz-Credential=AKIAQYCGKMUH5AO7UJ26%2F20260903%2Fus-east-1%2Fs3%2Faws4_request&X-Amz-Date=20260903T091224Z&X-Amz-Expires=21708&X-Amz-Signature=f57b40b8e1ccd5fb413464952e41249488be6b55c0bee072dcebda10a477542c&X-Amz-SignedHeaders=host%3Bx-amz-expected-bucket-owner&response-expires=Thu%2C%2003%20Sep%202026%2015%3A14%3A12%20GMT
TAURUS_TAURUS	Desktop	Deep_Black	https://export-download.canva.com/2hHSI/DAHUJB2hHSI/-1/0/0076-2546174426952557139.jpg?X-Amz-Algorithm=AWS4-HMAC-SHA256&X-Amz-Credential=AKIAQYCGKMUH5AO7UJ26%2F20260902%2Fus-east-1%2Fs3%2Faws4_request&X-Amz-Date=20260902T193655Z&X-Amz-Expires=71625&X-Amz-Signature=3b91cbc3bf0a777c137dcaa2378de6d36d4a02b9ebb034bb549aabfc0f50523f&X-Amz-SignedHeaders=host%3Bx-amz-expected-bucket-owner&response-expires=Thu%2C%2003%20Sep%202026%2015%3A30%3A40%20GMT
TAURUS_VIRGO	Desktop	Deep_Black	https://export-download.canva.com/2hHSI/DAHUJB2hHSI/-1/0/0077-2546174426952557139.jpg?X-Amz-Algorithm=AWS4-HMAC-SHA256&X-Amz-Credential=AKIAQYCGKMUH5AO7UJ26%2F20260903%2Fus-east-1%2Fs3%2Faws4_request&X-Amz-Date=20260903T114546Z&X-Amz-Expires=14861&X-Amz-Signature=b04a1109a791d35492931661810eb13c6269e47f79002444ed5c4986bc642257&X-Amz-SignedHeaders=host%3Bx-amz-expected-bucket-owner&response-expires=Thu%2C%2003%20Sep%202026%2015%3A53%3A27%20GMT
VIRGO_VIRGO	Desktop	Deep_Black	https://export-download.canva.com/2hHSI/DAHUJB2hHSI/-1/0/0078-2546174426952557139.jpg?X-Amz-Algorithm=AWS4-HMAC-SHA256&X-Amz-Credential=AKIAQYCGKMUH5AO7UJ26%2F20260903%2Fus-east-1%2Fs3%2Faws4_request&X-Amz-Date=20260903T123052Z&X-Amz-Expires=11150&X-Amz-Signature=6b79d9843810953e226c7acc7562f1562fc7612e812a8572cf0018d51cf37ecd&X-Amz-SignedHeaders=host%3Bx-amz-expected-bucket-owner&response-expires=Thu%2C%2003%20Sep%202026%2015%3A36%3A42%20GMT
AQUARIUS_AQUARIUS	Watch	Deep_Black	https://export-download.canva.com/Sro-c/DAHUJISro-c/-1/0/0001-350669608441660711.jpg?X-Amz-Algorithm=AWS4-HMAC-SHA256&X-Amz-Credential=AKIAQYCGKMUH5AO7UJ26%2F20260903%2Fus-east-1%2Fs3%2Faws4_request&X-Amz-Date=20260903T021544Z&X-Amz-Expires=47941&X-Amz-Signature=cf59258a486b7d315c4b156f9ccbb7e608aa0d41558f1cb150947230560b889f&X-Amz-SignedHeaders=host%3Bx-amz-expected-bucket-owner&response-expires=Thu%2C%2003%20Sep%202026%2015%3A34%3A45%20GMT
AQUARIUS_ARIES	Watch	Deep_Black	https://export-download.canva.com/Sro-c/DAHUJISro-c/-1/0/0002-350669608441660711.jpg?X-Amz-Algorithm=AWS4-HMAC-SHA256&X-Amz-Credential=AKIAQYCGKMUH5AO7UJ26%2F20260903%2Fus-east-1%2Fs3%2Faws4_request&X-Amz-Date=20260903T124026Z&X-Amz-Expires=12499&X-Amz-Signature=75bfeb14a66801f867c7af30542a5e04be01292d2d4f6f5006e22b8be3aa7c56&X-Amz-SignedHeaders=host%3Bx-amz-expected-bucket-owner&response-expires=Thu%2C%2003%20Sep%202026%2016%3A08%3A45%20GMT
AQUARIUS_CANCER	Watch	Deep_Black	https://export-download.canva.com/Sro-c/DAHUJISro-c/-1/0/0003-350669608441660711.jpg?X-Amz-Algorithm=AWS4-HMAC-SHA256&X-Amz-Credential=AKIAQYCGKMUH5AO7UJ26%2F20260903%2Fus-east-1%2Fs3%2Faws4_request&X-Amz-Date=20260903T112157Z&X-Amz-Expires=16287&X-Amz-Signature=cfba6abc385c7e0d09da3abcf42793630be29438306af6082c88907aaa9c7e11&X-Amz-SignedHeaders=host%3Bx-amz-expected-bucket-owner&response-expires=Thu%2C%2003%20Sep%202026%2015%3A53%3A24%20GMT
AQUARIUS_CAPRICORN	Watch	Deep_Black	https://export-download.canva.com/Sro-c/DAHUJISro-c/-1/0/0004-350669608441660711.jpg?X-Amz-Algorithm=AWS4-HMAC-SHA256&X-Amz-Credential=AKIAQYCGKMUH5AO7UJ26%2F20260903%2Fus-east-1%2Fs3%2Faws4_request&X-Amz-Date=20260903T121452Z&X-Amz-Expires=12469&X-Amz-Signature=0f86e3ddcd766dd8619c8d5efb702805f06fbaf88b7b30a23612bf39dcf2675f&X-Amz-SignedHeaders=host%3Bx-amz-expected-bucket-owner&response-expires=Thu%2C%2003%20Sep%202026%2015%3A42%3A41%20GMT
AQUARIUS_GEMINI	Watch	Deep_Black	https://export-download.canva.com/Sro-c/DAHUJISro-c/-1/0/0005-350669608441660711.jpg?X-Amz-Algorithm=AWS4-HMAC-SHA256&X-Amz-Credential=AKIAQYCGKMUH5AO7UJ26%2F20260902%2Fus-east-1%2Fs3%2Faws4_request&X-Amz-Date=20260902T171744Z&X-Amz-Expires=81096&X-Amz-Signature=4e734ba0afa4f3c04a58ca4b698487f29eb7f534c93265d569fa4ee671388266&X-Amz-SignedHeaders=host%3Bx-amz-expected-bucket-owner&response-expires=Thu%2C%2003%20Sep%202026%2015%3A49%3A20%20GMT
AQUARIUS_LEO	Watch	Deep_Black	https://export-download.canva.com/Sro-c/DAHUJISro-c/-1/0/0006-350669608441660711.jpg?X-Amz-Algorithm=AWS4-HMAC-SHA256&X-Amz-Credential=AKIAQYCGKMUH5AO7UJ26%2F20260903%2Fus-east-1%2Fs3%2Faws4_request&X-Amz-Date=20260903T121728Z&X-Amz-Expires=13771&X-Amz-Signature=6eef4975cfece79e612139e16c11a23e06428b69184182b8a517cb6d2d08e2c8&X-Amz-SignedHeaders=host%3Bx-amz-expected-bucket-owner&response-expires=Thu%2C%2003%20Sep%202026%2016%3A06%3A59%20GMT
AQUARIUS_LIBRA	Watch	Deep_Black	https://export-download.canva.com/Sro-c/DAHUJISro-c/-1/0/0007-350669608441660711.jpg?X-Amz-Algorithm=AWS4-HMAC-SHA256&X-Amz-Credential=AKIAQYCGKMUH5AO7UJ26%2F20260903%2Fus-east-1%2Fs3%2Faws4_request&X-Amz-Date=20260903T055648Z&X-Amz-Expires=34323&X-Amz-Signature=4409d8b944c5fd3dbd23c1456f27eefba5be6e15482db37bdbf372a844bb1631&X-Amz-SignedHeaders=host%3Bx-amz-expected-bucket-owner&response-expires=Thu%2C%2003%20Sep%202026%2015%3A28%3A51%20GMT
AQUARIUS_PISCES	Watch	Deep_Black	https://export-download.canva.com/Sro-c/DAHUJISro-c/-1/0/0008-350669608441660711.jpg?X-Amz-Algorithm=AWS4-HMAC-SHA256&X-Amz-Credential=AKIAQYCGKMUH5AO7UJ26%2F20260902%2Fus-east-1%2Fs3%2Faws4_request&X-Amz-Date=20260902T181832Z&X-Amz-Expires=75485&X-Amz-Signature=4bdee058906b31aa541f98dbcafada1414f6feb5314905f847fbc0ea7d1533d4&X-Amz-SignedHeaders=host%3Bx-amz-expected-bucket-owner&response-expires=Thu%2C%2003%20Sep%202026%2015%3A16%3A37%20GMT
AQUARIUS_SAGITTARIUS	Watch	Deep_Black	https://export-download.canva.com/Sro-c/DAHUJISro-c/-1/0/0009-350669608441660711.jpg?X-Amz-Algorithm=AWS4-HMAC-SHA256&X-Amz-Credential=AKIAQYCGKMUH5AO7UJ26%2F20260903%2Fus-east-1%2Fs3%2Faws4_request&X-Amz-Date=20260903T015120Z&X-Amz-Expires=48090&X-Amz-Signature=42d4f38797db0e9f0dc6919cbb1e0c11cf90321106866179108fc3c509af82b3&X-Amz-SignedHeaders=host%3Bx-amz-expected-bucket-owner&response-expires=Thu%2C%2003%20Sep%202026%2015%3A12%3A50%20GMT
AQUARIUS_SCORPIO	Watch	Deep_Black	https://export-download.canva.com/Sro-c/DAHUJISro-c/-1/0/0010-350669608441660711.jpg?X-Amz-Algorithm=AWS4-HMAC-SHA256&X-Amz-Credential=AKIAQYCGKMUH5AO7UJ26%2F20260902%2Fus-east-1%2Fs3%2Faws4_request&X-Amz-Date=20260902T193249Z&X-Amz-Expires=72933&X-Amz-Signature=24790a632b91e50e914faad707d49d111240acdb4c78b2ca1bc225f0e3f2e689&X-Amz-SignedHeaders=host%3Bx-amz-expected-bucket-owner&response-expires=Thu%2C%2003%20Sep%202026%2015%3A48%3A22%20GMT
AQUARIUS_TAURUS	Watch	Deep_Black	https://export-download.canva.com/Sro-c/DAHUJISro-c/-1/0/0011-350669608441660711.jpg?X-Amz-Algorithm=AWS4-HMAC-SHA256&X-Amz-Credential=AKIAQYCGKMUH5AO7UJ26%2F20260903%2Fus-east-1%2Fs3%2Faws4_request&X-Amz-Date=20260903T043453Z&X-Amz-Expires=40591&X-Amz-Signature=c8e946d739b82bdaea296f025bf0c8a68ac6fa9245d2790b4e70d975165cdf1f&X-Amz-SignedHeaders=host%3Bx-amz-expected-bucket-owner&response-expires=Thu%2C%2003%20Sep%202026%2015%3A51%3A24%20GMT
AQUARIUS_VIRGO	Watch	Deep_Black	https://export-download.canva.com/Sro-c/DAHUJISro-c/-1/0/0012-350669608441660711.jpg?X-Amz-Algorithm=AWS4-HMAC-SHA256&X-Amz-Credential=AKIAQYCGKMUH5AO7UJ26%2F20260902%2Fus-east-1%2Fs3%2Faws4_request&X-Amz-Date=20260902T173235Z&X-Amz-Expires=79509&X-Amz-Signature=5ab99f46d91a91e0a421ee16f2b738c5d426522fab09ab814aec9b64714948bb&X-Amz-SignedHeaders=host%3Bx-amz-expected-bucket-owner&response-expires=Thu%2C%2003%20Sep%202026%2015%3A37%3A44%20GMT
ARIES_ARIES	Watch	Deep_Black	https://export-download.canva.com/Sro-c/DAHUJISro-c/-1/0/0013-350669608441660711.jpg?X-Amz-Algorithm=AWS4-HMAC-SHA256&X-Amz-Credential=AKIAQYCGKMUH5AO7UJ26%2F20260902%2Fus-east-1%2Fs3%2Faws4_request&X-Amz-Date=20260902T210312Z&X-Amz-Expires=65942&X-Amz-Signature=84f93d66ba02d50f1f4b88662c67aca9e7109d8024897fc1accea7121a30ad1f&X-Amz-SignedHeaders=host%3Bx-amz-expected-bucket-owner&response-expires=Thu%2C%2003%20Sep%202026%2015%3A22%3A14%20GMT
ARIES_CANCER	Watch	Deep_Black	https://export-download.canva.com/Sro-c/DAHUJISro-c/-1/0/0014-350669608441660711.jpg?X-Amz-Algorithm=AWS4-HMAC-SHA256&X-Amz-Credential=AKIAQYCGKMUH5AO7UJ26%2F20260902%2Fus-east-1%2Fs3%2Faws4_request&X-Amz-Date=20260902T235648Z&X-Amz-Expires=57496&X-Amz-Signature=ff796494f77f05c1a3a646575f86580f7cc7080d55b4276b1b1f4acf45db9217&X-Amz-SignedHeaders=host%3Bx-amz-expected-bucket-owner&response-expires=Thu%2C%2003%20Sep%202026%2015%3A55%3A04%20GMT
ARIES_CAPRICORN	Watch	Deep_Black	https://export-download.canva.com/Sro-c/DAHUJISro-c/-1/0/0015-350669608441660711.jpg?X-Amz-Algorithm=AWS4-HMAC-SHA256&X-Amz-Credential=AKIAQYCGKMUH5AO7UJ26%2F20260903%2Fus-east-1%2Fs3%2Faws4_request&X-Amz-Date=20260903T034213Z&X-Amz-Expires=41771&X-Amz-Signature=72da88e8299a76840fe523bf796f1e4c0b7bfd0c9aae4485b8180c0506859640&X-Amz-SignedHeaders=host%3Bx-amz-expected-bucket-owner&response-expires=Thu%2C%2003%20Sep%202026%2015%3A18%3A24%20GMT
ARIES_GEMINI	Watch	Deep_Black	https://export-download.canva.com/Sro-c/DAHUJISro-c/-1/0/0016-350669608441660711.jpg?X-Amz-Algorithm=AWS4-HMAC-SHA256&X-Amz-Credential=AKIAQYCGKMUH5AO7UJ26%2F20260903%2Fus-east-1%2Fs3%2Faws4_request&X-Amz-Date=20260903T102211Z&X-Amz-Expires=20844&X-Amz-Signature=5a0f43ac60130506354948cd8bb1d59638545a21ca5ea6c6662ccee1de0e40cf&X-Amz-SignedHeaders=host%3Bx-amz-expected-bucket-owner&response-expires=Thu%2C%2003%20Sep%202026%2016%3A09%3A35%20GMT
ARIES_LEO	Watch	Deep_Black	https://export-download.canva.com/Sro-c/DAHUJISro-c/-1/0/0017-350669608441660711.jpg?X-Amz-Algorithm=AWS4-HMAC-SHA256&X-Amz-Credential=AKIAQYCGKMUH5AO7UJ26%2F20260902%2Fus-east-1%2Fs3%2Faws4_request&X-Amz-Date=20260902T162528Z&X-Amz-Expires=83562&X-Amz-Signature=8f3a7eea569051535638c96e6f4a226ceb5acff218d11c73d184d472541f04a0&X-Amz-SignedHeaders=host%3Bx-amz-expected-bucket-owner&response-expires=Thu%2C%2003%20Sep%202026%2015%3A38%3A10%20GMT
ARIES_LIBRA	Watch	Deep_Black	https://export-download.canva.com/Sro-c/DAHUJISro-c/-1/0/0018-350669608441660711.jpg?X-Amz-Algorithm=AWS4-HMAC-SHA256&X-Amz-Credential=AKIAQYCGKMUH5AO7UJ26%2F20260903%2Fus-east-1%2Fs3%2Faws4_request&X-Amz-Date=20260903T135749Z&X-Amz-Expires=7065&X-Amz-Signature=d9d5c91e009f59437bcfc1a32496b5ec2a1028d424a7f0f479d8d15fb027c281&X-Amz-SignedHeaders=host%3Bx-amz-expected-bucket-owner&response-expires=Thu%2C%2003%20Sep%202026%2015%3A55%3A34%20GMT
ARIES_PISCES	Watch	Deep_Black	https://export-download.canva.com/Sro-c/DAHUJISro-c/-1/0/0019-350669608441660711.jpg?X-Amz-Algorithm=AWS4-HMAC-SHA256&X-Amz-Credential=AKIAQYCGKMUH5AO7UJ26%2F20260902%2Fus-east-1%2Fs3%2Faws4_request&X-Amz-Date=20260902T210414Z&X-Amz-Expires=67386&X-Amz-Signature=784637fda71e1a9b2708aafde4459a55787cefef40d888f4d92aec521b4f0199&X-Amz-SignedHeaders=host%3Bx-amz-expected-bucket-owner&response-expires=Thu%2C%2003%20Sep%202026%2015%3A47%3A20%20GMT
ARIES_SAGITTARIUS	Watch	Deep_Black	https://export-download.canva.com/Sro-c/DAHUJISro-c/-1/0/0020-350669608441660711.jpg?X-Amz-Algorithm=AWS4-HMAC-SHA256&X-Amz-Credential=AKIAQYCGKMUH5AO7UJ26%2F20260903%2Fus-east-1%2Fs3%2Faws4_request&X-Amz-Date=20260903T071103Z&X-Amz-Expires=31541&X-Amz-Signature=173299b4458216de2dd7be72dc40979e55f109a5a28ee1efdf8dcb923a28aa9a&X-Amz-SignedHeaders=host%3Bx-amz-expected-bucket-owner&response-expires=Thu%2C%2003%20Sep%202026%2015%3A56%3A44%20GMT
ARIES_SCORPIO	Watch	Deep_Black	https://export-download.canva.com/Sro-c/DAHUJISro-c/-1/0/0021-350669608441660711.jpg?X-Amz-Algorithm=AWS4-HMAC-SHA256&X-Amz-Credential=AKIAQYCGKMUH5AO7UJ26%2F20260902%2Fus-east-1%2Fs3%2Faws4_request&X-Amz-Date=20260902T232204Z&X-Amz-Expires=57680&X-Amz-Signature=8529de9defd8a06f623049c25f89ac1e52bb1b2fc5ce2b8f53fa9e700e647bb3&X-Amz-SignedHeaders=host%3Bx-amz-expected-bucket-owner&response-expires=Thu%2C%2003%20Sep%202026%2015%3A23%3A24%20GMT
ARIES_TAURUS	Watch	Deep_Black	https://export-download.canva.com/Sro-c/DAHUJISro-c/-1/0/0022-350669608441660711.jpg?X-Amz-Algorithm=AWS4-HMAC-SHA256&X-Amz-Credential=AKIAQYCGKMUH5AO7UJ26%2F20260903%2Fus-east-1%2Fs3%2Faws4_request&X-Amz-Date=20260903T110515Z&X-Amz-Expires=17929&X-Amz-Signature=46834e830ca3ef71deed34075d8b78a48f5121891329b838ea2c7f68ed4ce6f4&X-Amz-SignedHeaders=host%3Bx-amz-expected-bucket-owner&response-expires=Thu%2C%2003%20Sep%202026%2016%3A04%3A04%20GMT
ARIES_VIGRO	Watch	Deep_Black	https://export-download.canva.com/Sro-c/DAHUJISro-c/-1/0/0023-350669608441660711.jpg?X-Amz-Algorithm=AWS4-HMAC-SHA256&X-Amz-Credential=AKIAQYCGKMUH5AO7UJ26%2F20260902%2Fus-east-1%2Fs3%2Faws4_request&X-Amz-Date=20260902T195206Z&X-Amz-Expires=70770&X-Amz-Signature=a1e28191c7ddbd98f069cf2cb5a7cbc3e369ef5cacc34caadcd20510ddb812d9&X-Amz-SignedHeaders=host%3Bx-amz-expected-bucket-owner&response-expires=Thu%2C%2003%20Sep%202026%2015%3A31%3A36%20GMT
CANCER_CANCER	Watch	Deep_Black	https://export-download.canva.com/Sro-c/DAHUJISro-c/-1/0/0024-350669608441660711.jpg?X-Amz-Algorithm=AWS4-HMAC-SHA256&X-Amz-Credential=AKIAQYCGKMUH5AO7UJ26%2F20260902%2Fus-east-1%2Fs3%2Faws4_request&X-Amz-Date=20260902T210606Z&X-Amz-Expires=66644&X-Amz-Signature=c5381cf763e878a284aa359a8470ef825823cb79396bf4ca2c9320d6c6cc570c&X-Amz-SignedHeaders=host%3Bx-amz-expected-bucket-owner&response-expires=Thu%2C%2003%20Sep%202026%2015%3A36%3A50%20GMT
CANCER_CAPRICORN	Watch	Deep_Black	https://export-download.canva.com/Sro-c/DAHUJISro-c/-1/0/0025-350669608441660711.jpg?X-Amz-Algorithm=AWS4-HMAC-SHA256&X-Amz-Credential=AKIAQYCGKMUH5AO7UJ26%2F20260902%2Fus-east-1%2Fs3%2Faws4_request&X-Amz-Date=20260902T214054Z&X-Amz-Expires=64717&X-Amz-Signature=944545e0c38e541f8958ff9335416289887e485eab0bbe6cd3aacbfb5f45836d&X-Amz-SignedHeaders=host%3Bx-amz-expected-bucket-owner&response-expires=Thu%2C%2003%20Sep%202026%2015%3A39%3A31%20GMT
CANCER_GEMINI	Watch	Deep_Black	https://export-download.canva.com/Sro-c/DAHUJISro-c/-1/0/0026-350669608441660711.jpg?X-Amz-Algorithm=AWS4-HMAC-SHA256&X-Amz-Credential=AKIAQYCGKMUH5AO7UJ26%2F20260902%2Fus-east-1%2Fs3%2Faws4_request&X-Amz-Date=20260902T165945Z&X-Amz-Expires=83355&X-Amz-Signature=cfa44586a51843abdf1397e51dd1a2bed19273d4e0632789b841d33d85f6a243&X-Amz-SignedHeaders=host%3Bx-amz-expected-bucket-owner&response-expires=Thu%2C%2003%20Sep%202026%2016%3A09%3A00%20GMT
CANCER_LEO	Watch	Deep_Black	https://export-download.canva.com/Sro-c/DAHUJISro-c/-1/0/0027-350669608441660711.jpg?X-Amz-Algorithm=AWS4-HMAC-SHA256&X-Amz-Credential=AKIAQYCGKMUH5AO7UJ26%2F20260903%2Fus-east-1%2Fs3%2Faws4_request&X-Amz-Date=20260903T091644Z&X-Amz-Expires=23978&X-Amz-Signature=3f143c7b00387bf37d39e344e807c1bc9601406ee43cc686ee53abc0dac87fa2&X-Amz-SignedHeaders=host%3Bx-amz-expected-bucket-owner&response-expires=Thu%2C%2003%20Sep%202026%2015%3A56%3A22%20GMT
CANCER_LIBRA	Watch	Deep_Black	https://export-download.canva.com/Sro-c/DAHUJISro-c/-1/0/0028-350669608441660711.jpg?X-Amz-Algorithm=AWS4-HMAC-SHA256&X-Amz-Credential=AKIAQYCGKMUH5AO7UJ26%2F20260903%2Fus-east-1%2Fs3%2Faws4_request&X-Amz-Date=20260903T061459Z&X-Amz-Expires=35417&X-Amz-Signature=1bc7a22401a28a401d1373a22c97d245b0c2650341abfe0cfcb1ab73e77ee2dc&X-Amz-SignedHeaders=host%3Bx-amz-expected-bucket-owner&response-expires=Thu%2C%2003%20Sep%202026%2016%3A05%3A16%20GMT
CANCER_PISCES	Watch	Deep_Black	https://export-download.canva.com/Sro-c/DAHUJISro-c/-1/0/0029-350669608441660711.jpg?X-Amz-Algorithm=AWS4-HMAC-SHA256&X-Amz-Credential=AKIAQYCGKMUH5AO7UJ26%2F20260903%2Fus-east-1%2Fs3%2Faws4_request&X-Amz-Date=20260903T093752Z&X-Amz-Expires=22972&X-Amz-Signature=c09b241f78f281b4a41df5fbd84bee77d1189db0ca4c9bbdb16a2c5368d1e903&X-Amz-SignedHeaders=host%3Bx-amz-expected-bucket-owner&response-expires=Thu%2C%2003%20Sep%202026%2016%3A00%3A44%20GMT
CANCER_SAGITTARIUS	Watch	Deep_Black	https://export-download.canva.com/Sro-c/DAHUJISro-c/-1/0/0030-350669608441660711.jpg?X-Amz-Algorithm=AWS4-HMAC-SHA256&X-Amz-Credential=AKIAQYCGKMUH5AO7UJ26%2F20260902%2Fus-east-1%2Fs3%2Faws4_request&X-Amz-Date=20260902T225547Z&X-Amz-Expires=61736&X-Amz-Signature=2350e443ce3b608fbce727441b0905a41405a85c81cd13d4a530e3e3d4e27105&X-Amz-SignedHeaders=host%3Bx-amz-expected-bucket-owner&response-expires=Thu%2C%2003%20Sep%202026%2016%3A04%3A43%20GMT
CANCER_SCORPIO	Watch	Deep_Black	https://export-download.canva.com/Sro-c/DAHUJISro-c/-1/0/0031-350669608441660711.jpg?X-Amz-Algorithm=AWS4-HMAC-SHA256&X-Amz-Credential=AKIAQYCGKMUH5AO7UJ26%2F20260902%2Fus-east-1%2Fs3%2Faws4_request&X-Amz-Date=20260902T143038Z&X-Amz-Expires=89577&X-Amz-Signature=3e78df19f3a5b416bae5d7563b0af05bf6f0db8cc976690fff43b902ba88adef&X-Amz-SignedHeaders=host%3Bx-amz-expected-bucket-owner&response-expires=Thu%2C%2003%20Sep%202026%2015%3A23%3A35%20GMT
CANCER_TAURUS	Watch	Deep_Black	https://export-download.canva.com/Sro-c/DAHUJISro-c/-1/0/0032-350669608441660711.jpg?X-Amz-Algorithm=AWS4-HMAC-SHA256&X-Amz-Credential=AKIAQYCGKMUH5AO7UJ26%2F20260902%2Fus-east-1%2Fs3%2Faws4_request&X-Amz-Date=20260902T143114Z&X-Amz-Expires=89777&X-Amz-Signature=77b4029e0d5a1c3a3582c544c8eb3b8769c8a7dbb0f55c812036559b4550e6df&X-Amz-SignedHeaders=host%3Bx-amz-expected-bucket-owner&response-expires=Thu%2C%2003%20Sep%202026%2015%3A27%3A31%20GMT
CANCER_VIRGO	Watch	Deep_Black	https://export-download.canva.com/Sro-c/DAHUJISro-c/-1/0/0033-350669608441660711.jpg?X-Amz-Algorithm=AWS4-HMAC-SHA256&X-Amz-Credential=AKIAQYCGKMUH5AO7UJ26%2F20260903%2Fus-east-1%2Fs3%2Faws4_request&X-Amz-Date=20260903T035405Z&X-Amz-Expires=42889&X-Amz-Signature=e92156913277f6fc0e6d4bd83708385c8a74ce2ce32638f9e4c88d9f8f277949&X-Amz-SignedHeaders=host%3Bx-amz-expected-bucket-owner&response-expires=Thu%2C%2003%20Sep%202026%2015%3A48%3A54%20GMT
CAPRICORN_CAPRICORN	Watch	Deep_Black	https://export-download.canva.com/Sro-c/DAHUJISro-c/-1/0/0034-350669608441660711.jpg?X-Amz-Algorithm=AWS4-HMAC-SHA256&X-Amz-Credential=AKIAQYCGKMUH5AO7UJ26%2F20260903%2Fus-east-1%2Fs3%2Faws4_request&X-Amz-Date=20260903T045336Z&X-Amz-Expires=38416&X-Amz-Signature=c66b145c9885b48978ac56973674d81bfb205900dd393be95423b5b3b8a3b9b6&X-Amz-SignedHeaders=host%3Bx-amz-expected-bucket-owner&response-expires=Thu%2C%2003%20Sep%202026%2015%3A33%3A52%20GMT
CAPRICORN_GEMINI	Watch	Deep_Black	https://export-download.canva.com/Sro-c/DAHUJISro-c/-1/0/0035-350669608441660711.jpg?X-Amz-Algorithm=AWS4-HMAC-SHA256&X-Amz-Credential=AKIAQYCGKMUH5AO7UJ26%2F20260902%2Fus-east-1%2Fs3%2Faws4_request&X-Amz-Date=20260902T182947Z&X-Amz-Expires=75131&X-Amz-Signature=0e69e26e4857d88a194d0a970ab067f2280532ce8458bbddc091512cb52594ec&X-Amz-SignedHeaders=host%3Bx-amz-expected-bucket-owner&response-expires=Thu%2C%2003%20Sep%202026%2015%3A21%3A58%20GMT
CAPRICORN_LEO	Watch	Deep_Black	https://export-download.canva.com/Sro-c/DAHUJISro-c/-1/0/0036-350669608441660711.jpg?X-Amz-Algorithm=AWS4-HMAC-SHA256&X-Amz-Credential=AKIAQYCGKMUH5AO7UJ26%2F20260903%2Fus-east-1%2Fs3%2Faws4_request&X-Amz-Date=20260903T072218Z&X-Amz-Expires=30709&X-Amz-Signature=4bfcd96452aa5d2162a284e2037889a774cd215349e5a9e55422f8cdea6bb8a9&X-Amz-SignedHeaders=host%3Bx-amz-expected-bucket-owner&response-expires=Thu%2C%2003%20Sep%202026%2015%3A54%3A07%20GMT
CAPRICORN_LIBRA	Watch	Deep_Black	https://export-download.canva.com/Sro-c/DAHUJISro-c/-1/0/0037-350669608441660711.jpg?X-Amz-Algorithm=AWS4-HMAC-SHA256&X-Amz-Credential=AKIAQYCGKMUH5AO7UJ26%2F20260902%2Fus-east-1%2Fs3%2Faws4_request&X-Amz-Date=20260902T220904Z&X-Amz-Expires=62520&X-Amz-Signature=9d8afce89507abbcb4c338a660680ca6a9be2b679857ad0e101485a18352635b&X-Amz-SignedHeaders=host%3Bx-amz-expected-bucket-owner&response-expires=Thu%2C%2003%20Sep%202026%2015%3A31%3A04%20GMT
CAPRICORN_PISCES	Watch	Deep_Black	https://export-download.canva.com/Sro-c/DAHUJISro-c/-1/0/0038-350669608441660711.jpg?X-Amz-Algorithm=AWS4-HMAC-SHA256&X-Amz-Credential=AKIAQYCGKMUH5AO7UJ26%2F20260903%2Fus-east-1%2Fs3%2Faws4_request&X-Amz-Date=20260903T134703Z&X-Amz-Expires=7143&X-Amz-Signature=cbd77cda54d7d16487977225b0b4bb925c60d8d7bcde448008da4ccce19186e6&X-Amz-SignedHeaders=host%3Bx-amz-expected-bucket-owner&response-expires=Thu%2C%2003%20Sep%202026%2015%3A46%3A06%20GMT
CAPRICORN_SAGITTARIUS	Watch	Deep_Black	https://export-download.canva.com/Sro-c/DAHUJISro-c/-1/0/0039-350669608441660711.jpg?X-Amz-Algorithm=AWS4-HMAC-SHA256&X-Amz-Credential=AKIAQYCGKMUH5AO7UJ26%2F20260903%2Fus-east-1%2Fs3%2Faws4_request&X-Amz-Date=20260903T132027Z&X-Amz-Expires=10042&X-Amz-Signature=af1b78156c185d2fd22aa0c32514237a4947ecb2b42cceaa35f317e7918ea375&X-Amz-SignedHeaders=host%3Bx-amz-expected-bucket-owner&response-expires=Thu%2C%2003%20Sep%202026%2016%3A07%3A49%20GMT
CAPRICORN_SCORPIO	Watch	Deep_Black	https://export-download.canva.com/Sro-c/DAHUJISro-c/-1/0/0040-350669608441660711.jpg?X-Amz-Algorithm=AWS4-HMAC-SHA256&X-Amz-Credential=AKIAQYCGKMUH5AO7UJ26%2F20260902%2Fus-east-1%2Fs3%2Faws4_request&X-Amz-Date=20260902T232217Z&X-Amz-Expires=59768&X-Amz-Signature=54255736ee2e0113fe964de231be734bf42edd6b9b4bf22ad70c5a1ff20cff50&X-Amz-SignedHeaders=host%3Bx-amz-expected-bucket-owner&response-expires=Thu%2C%2003%20Sep%202026%2015%3A58%3A25%20GMT
CAPRICORN_TAURUS	Watch	Deep_Black	https://export-download.canva.com/Sro-c/DAHUJISro-c/-1/0/0041-350669608441660711.jpg?X-Amz-Algorithm=AWS4-HMAC-SHA256&X-Amz-Credential=AKIAQYCGKMUH5AO7UJ26%2F20260902%2Fus-east-1%2Fs3%2Faws4_request&X-Amz-Date=20260902T174346Z&X-Amz-Expires=79293&X-Amz-Signature=714ab61d89e6ce70e1ba427430e3b734eede0f2de099a6fabd2c29470d481bf6&X-Amz-SignedHeaders=host%3Bx-amz-expected-bucket-owner&response-expires=Thu%2C%2003%20Sep%202026%2015%3A45%3A19%20GMT
CAPRICORN_VIRGO	Watch	Deep_Black	https://export-download.canva.com/Sro-c/DAHUJISro-c/-1/0/0042-350669608441660711.jpg?X-Amz-Algorithm=AWS4-HMAC-SHA256&X-Amz-Credential=AKIAQYCGKMUH5AO7UJ26%2F20260903%2Fus-east-1%2Fs3%2Faws4_request&X-Amz-Date=20260903T123720Z&X-Amz-Expires=12111&X-Amz-Signature=af556a9ecac610139f779859a76ec42f6733a87b9b350c7c6df1ec07ca0bed56&X-Amz-SignedHeaders=host%3Bx-amz-expected-bucket-owner&response-expires=Thu%2C%2003%20Sep%202026%2015%3A59%3A11%20GMT
GEMINI_GEMINI	Watch	Deep_Black	https://export-download.canva.com/Sro-c/DAHUJISro-c/-1/0/0043-350669608441660711.jpg?X-Amz-Algorithm=AWS4-HMAC-SHA256&X-Amz-Credential=AKIAQYCGKMUH5AO7UJ26%2F20260903%2Fus-east-1%2Fs3%2Faws4_request&X-Amz-Date=20260903T080609Z&X-Amz-Expires=28214&X-Amz-Signature=ee8951644eccef86caf950030aabaafb52a1ea92c06f866581a0807726468534&X-Amz-SignedHeaders=host%3Bx-amz-expected-bucket-owner&response-expires=Thu%2C%2003%20Sep%202026%2015%3A56%3A23%20GMT
GEMINI_LEO	Watch	Deep_Black	https://export-download.canva.com/Sro-c/DAHUJISro-c/-1/0/0044-350669608441660711.jpg?X-Amz-Algorithm=AWS4-HMAC-SHA256&X-Amz-Credential=AKIAQYCGKMUH5AO7UJ26%2F20260902%2Fus-east-1%2Fs3%2Faws4_request&X-Amz-Date=20260902T213719Z&X-Amz-Expires=66477&X-Amz-Signature=aee060ab2cbb5b091d0a257580c648aa32c9122ede648073e66441e3ceb8d132&X-Amz-SignedHeaders=host%3Bx-amz-expected-bucket-owner&response-expires=Thu%2C%2003%20Sep%202026%2016%3A05%3A16%20GMT
GEMINI_LIBRA	Watch	Deep_Black	https://export-download.canva.com/Sro-c/DAHUJISro-c/-1/0/0045-350669608441660711.jpg?X-Amz-Algorithm=AWS4-HMAC-SHA256&X-Amz-Credential=AKIAQYCGKMUH5AO7UJ26%2F20260903%2Fus-east-1%2Fs3%2Faws4_request&X-Amz-Date=20260903T015537Z&X-Amz-Expires=51200&X-Amz-Signature=ac8bba00c06bc303afb00bca6b6b1c76e32463e125ff84e996d8946d0f2df933&X-Amz-SignedHeaders=host%3Bx-amz-expected-bucket-owner&response-expires=Thu%2C%2003%20Sep%202026%2016%3A08%3A57%20GMT
GEMINI_PISCES	Watch	Deep_Black	https://export-download.canva.com/Sro-c/DAHUJISro-c/-1/0/0046-350669608441660711.jpg?X-Amz-Algorithm=AWS4-HMAC-SHA256&X-Amz-Credential=AKIAQYCGKMUH5AO7UJ26%2F20260903%2Fus-east-1%2Fs3%2Faws4_request&X-Amz-Date=20260903T000014Z&X-Amz-Expires=57085&X-Amz-Signature=199206539fbce895d2b1fab4773477efd3e2a478c3fd82ff91d08968e62f4cf9&X-Amz-SignedHeaders=host%3Bx-amz-expected-bucket-owner&response-expires=Thu%2C%2003%20Sep%202026%2015%3A51%3A39%20GMT
GEMINI_SAGITTARIUS	Watch	Deep_Black	https://export-download.canva.com/Sro-c/DAHUJISro-c/-1/0/0047-350669608441660711.jpg?X-Amz-Algorithm=AWS4-HMAC-SHA256&X-Amz-Credential=AKIAQYCGKMUH5AO7UJ26%2F20260903%2Fus-east-1%2Fs3%2Faws4_request&X-Amz-Date=20260903T130708Z&X-Amz-Expires=8232&X-Amz-Signature=66cb697d28605c618531a10821a81f694b0bd28615732fe4e7ff321d247f9b1e&X-Amz-SignedHeaders=host%3Bx-amz-expected-bucket-owner&response-expires=Thu%2C%2003%20Sep%202026%2015%3A24%3A20%20GMT
GEMINI_SCORPIO	Watch	Deep_Black	https://export-download.canva.com/Sro-c/DAHUJISro-c/-1/0/0048-350669608441660711.jpg?X-Amz-Algorithm=AWS4-HMAC-SHA256&X-Amz-Credential=AKIAQYCGKMUH5AO7UJ26%2F20260903%2Fus-east-1%2Fs3%2Faws4_request&X-Amz-Date=20260903T115544Z&X-Amz-Expires=12486&X-Amz-Signature=510ed459af49aaa493b9c22dacd3d4f616ddf621ff0738412d8fd621344a3c9d&X-Amz-SignedHeaders=host%3Bx-amz-expected-bucket-owner&response-expires=Thu%2C%2003%20Sep%202026%2015%3A23%3A50%20GMT
GEMINI_TAURUS	Watch	Deep_Black	https://export-download.canva.com/Sro-c/DAHUJISro-c/-1/0/0049-350669608441660711.jpg?X-Amz-Algorithm=AWS4-HMAC-SHA256&X-Amz-Credential=AKIAQYCGKMUH5AO7UJ26%2F20260902%2Fus-east-1%2Fs3%2Faws4_request&X-Amz-Date=20260902T195027Z&X-Amz-Expires=72038&X-Amz-Signature=8fc092eccd0ea52510bc418c161c6e2bb6613845e0ac55b57a711c38ebfaf9ae&X-Amz-SignedHeaders=host%3Bx-amz-expected-bucket-owner&response-expires=Thu%2C%2003%20Sep%202026%2015%3A51%3A05%20GMT
GEMINI_VIRGO	Watch	Deep_Black	https://export-download.canva.com/Sro-c/DAHUJISro-c/-1/0/0050-350669608441660711.jpg?X-Amz-Algorithm=AWS4-HMAC-SHA256&X-Amz-Credential=AKIAQYCGKMUH5AO7UJ26%2F20260903%2Fus-east-1%2Fs3%2Faws4_request&X-Amz-Date=20260903T021736Z&X-Amz-Expires=47163&X-Amz-Signature=c4dd57d2392492db21a0d755f8f531f927157fa480ebc76c562bd94f77ca17c6&X-Amz-SignedHeaders=host%3Bx-amz-expected-bucket-owner&response-expires=Thu%2C%2003%20Sep%202026%2015%3A23%3A39%20GMT
LEO_LEO	Watch	Deep_Black	https://export-download.canva.com/Sro-c/DAHUJISro-c/-1/0/0051-350669608441660711.jpg?X-Amz-Algorithm=AWS4-HMAC-SHA256&X-Amz-Credential=AKIAQYCGKMUH5AO7UJ26%2F20260903%2Fus-east-1%2Fs3%2Faws4_request&X-Amz-Date=20260903T061222Z&X-Amz-Expires=35282&X-Amz-Signature=06122ded9068198ba3fd201d260b68faf180d03b26c24539a98af2172bc738c2&X-Amz-SignedHeaders=host%3Bx-amz-expected-bucket-owner&response-expires=Thu%2C%2003%20Sep%202026%2016%3A00%3A24%20GMT
LEO_LIBRA	Watch	Deep_Black	https://export-download.canva.com/Sro-c/DAHUJISro-c/-1/0/0052-350669608441660711.jpg?X-Amz-Algorithm=AWS4-HMAC-SHA256&X-Amz-Credential=AKIAQYCGKMUH5AO7UJ26%2F20260903%2Fus-east-1%2Fs3%2Faws4_request&X-Amz-Date=20260903T103420Z&X-Amz-Expires=19456&X-Amz-Signature=8d8f25f7b6b6fae85ed8353914edb5ef30f868ac39fe3df33e908c3eb21bddaf&X-Amz-SignedHeaders=host%3Bx-amz-expected-bucket-owner&response-expires=Thu%2C%2003%20Sep%202026%2015%3A58%3A36%20GMT
LEO_PISCES	Watch	Deep_Black	https://export-download.canva.com/Sro-c/DAHUJISro-c/-1/0/0053-350669608441660711.jpg?X-Amz-Algorithm=AWS4-HMAC-SHA256&X-Amz-Credential=AKIAQYCGKMUH5AO7UJ26%2F20260903%2Fus-east-1%2Fs3%2Faws4_request&X-Amz-Date=20260903T034803Z&X-Amz-Expires=42707&X-Amz-Signature=6301beaf6b161bd47ae18736c83a94766383e47492153002a8959a281a8b0b96&X-Amz-SignedHeaders=host%3Bx-amz-expected-bucket-owner&response-expires=Thu%2C%2003%20Sep%202026%2015%3A39%3A50%20GMT
LEO_SAGITTARIUS	Watch	Deep_Black	https://export-download.canva.com/Sro-c/DAHUJISro-c/-1/0/0054-350669608441660711.jpg?X-Amz-Algorithm=AWS4-HMAC-SHA256&X-Amz-Credential=AKIAQYCGKMUH5AO7UJ26%2F20260902%2Fus-east-1%2Fs3%2Faws4_request&X-Amz-Date=20260902T215233Z&X-Amz-Expires=62949&X-Amz-Signature=fec95422f80ab3b1f978fde20f876c0d24ecd462fe57ffa0c3d609362a62d1c5&X-Amz-SignedHeaders=host%3Bx-amz-expected-bucket-owner&response-expires=Thu%2C%2003%20Sep%202026%2015%3A21%3A42%20GMT
LEO_SCORPIO	Watch	Deep_Black	https://export-download.canva.com/Sro-c/DAHUJISro-c/-1/0/0055-350669608441660711.jpg?X-Amz-Algorithm=AWS4-HMAC-SHA256&X-Amz-Credential=AKIAQYCGKMUH5AO7UJ26%2F20260903%2Fus-east-1%2Fs3%2Faws4_request&X-Amz-Date=20260903T134509Z&X-Amz-Expires=5612&X-Amz-Signature=a5358ac0e0244fb22b3fc11ede0c50ab961d63c9b0d6db857835dd893f169b34&X-Amz-SignedHeaders=host%3Bx-amz-expected-bucket-owner&response-expires=Thu%2C%2003%20Sep%202026%2015%3A18%3A41%20GMT
LEO_TAURUS	Watch	Deep_Black	https://export-download.canva.com/Sro-c/DAHUJISro-c/-1/0/0056-350669608441660711.jpg?X-Amz-Algorithm=AWS4-HMAC-SHA256&X-Amz-Credential=AKIAQYCGKMUH5AO7UJ26%2F20260902%2Fus-east-1%2Fs3%2Faws4_request&X-Amz-Date=20260902T172215Z&X-Amz-Expires=80686&X-Amz-Signature=11e59fad5301031d877ddd2a0d4064fc89d1a3e4ef723d60ba8ee96365a7e619&X-Amz-SignedHeaders=host%3Bx-amz-expected-bucket-owner&response-expires=Thu%2C%2003%20Sep%202026%2015%3A47%3A01%20GMT
LEO_VIRGO	Watch	Deep_Black	https://export-download.canva.com/Sro-c/DAHUJISro-c/-1/0/0057-350669608441660711.jpg?X-Amz-Algorithm=AWS4-HMAC-SHA256&X-Amz-Credential=AKIAQYCGKMUH5AO7UJ26%2F20260902%2Fus-east-1%2Fs3%2Faws4_request&X-Amz-Date=20260902T204226Z&X-Amz-Expires=67445&X-Amz-Signature=4a7b42accdd253cd29722adba602487727fad29fca0fc9bb2f17d48c04be206e&X-Amz-SignedHeaders=host%3Bx-amz-expected-bucket-owner&response-expires=Thu%2C%2003%20Sep%202026%2015%3A26%3A31%20GMT
LIBRA_LIBRA	Watch	Deep_Black	https://export-download.canva.com/Sro-c/DAHUJISro-c/-1/0/0058-350669608441660711.jpg?X-Amz-Algorithm=AWS4-HMAC-SHA256&X-Amz-Credential=AKIAQYCGKMUH5AO7UJ26%2F20260903%2Fus-east-1%2Fs3%2Faws4_request&X-Amz-Date=20260903T080041Z&X-Amz-Expires=29439&X-Amz-Signature=3fbb0bac3d76d3ff895a6c44f8f23cb06368c5e048caa8a6aeb58c29b171bab6&X-Amz-SignedHeaders=host%3Bx-amz-expected-bucket-owner&response-expires=Thu%2C%2003%20Sep%202026%2016%3A11%3A20%20GMT
LIBRA_PISCES	Watch	Deep_Black	https://export-download.canva.com/Sro-c/DAHUJISro-c/-1/0/0059-350669608441660711.jpg?X-Amz-Algorithm=AWS4-HMAC-SHA256&X-Amz-Credential=AKIAQYCGKMUH5AO7UJ26%2F20260903%2Fus-east-1%2Fs3%2Faws4_request&X-Amz-Date=20260903T100304Z&X-Amz-Expires=19538&X-Amz-Signature=3ca6d9ba304a0480c2215b35527553bbabead83963366ec88e32f4c03e41ac9e&X-Amz-SignedHeaders=host%3Bx-amz-expected-bucket-owner&response-expires=Thu%2C%2003%20Sep%202026%2015%3A28%3A42%20GMT
LIBRA_SAGITTARIUS	Watch	Deep_Black	https://export-download.canva.com/Sro-c/DAHUJISro-c/-1/0/0060-350669608441660711.jpg?X-Amz-Algorithm=AWS4-HMAC-SHA256&X-Amz-Credential=AKIAQYCGKMUH5AO7UJ26%2F20260902%2Fus-east-1%2Fs3%2Faws4_request&X-Amz-Date=20260902T222505Z&X-Amz-Expires=63673&X-Amz-Signature=2e47742f7329a69b01228f96f80aaff3746b79d258dc9297bdda813dbf565273&X-Amz-SignedHeaders=host%3Bx-amz-expected-bucket-owner&response-expires=Thu%2C%2003%20Sep%202026%2016%3A06%3A18%20GMT
LIBRA_SCORPIO	Watch	Deep_Black	https://export-download.canva.com/Sro-c/DAHUJISro-c/-1/0/0061-350669608441660711.jpg?X-Amz-Algorithm=AWS4-HMAC-SHA256&X-Amz-Credential=AKIAQYCGKMUH5AO7UJ26%2F20260902%2Fus-east-1%2Fs3%2Faws4_request&X-Amz-Date=20260902T210112Z&X-Amz-Expires=65583&X-Amz-Signature=7b5ae7a248161c688dd4c667ea7a4ebb238cab9114444c2fe2c4a8ce4e2a0912&X-Amz-SignedHeaders=host%3Bx-amz-expected-bucket-owner&response-expires=Thu%2C%2003%20Sep%202026%2015%3A14%3A15%20GMT
LIBRA_TAURUS	Watch	Deep_Black	https://export-download.canva.com/Sro-c/DAHUJISro-c/-1/0/0062-350669608441660711.jpg?X-Amz-Algorithm=AWS4-HMAC-SHA256&X-Amz-Credential=AKIAQYCGKMUH5AO7UJ26%2F20260903%2Fus-east-1%2Fs3%2Faws4_request&X-Amz-Date=20260903T083346Z&X-Amz-Expires=24817&X-Amz-Signature=dbe4353f2bb698a245708652053e2f2cf0aecfb1f66b99c91e22a738c4949429&X-Amz-SignedHeaders=host%3Bx-amz-expected-bucket-owner&response-expires=Thu%2C%2003%20Sep%202026%2015%3A27%3A23%20GMT
LIBRA_VIRGO	Watch	Deep_Black	https://export-download.canva.com/Sro-c/DAHUJISro-c/-1/0/0063-350669608441660711.jpg?X-Amz-Algorithm=AWS4-HMAC-SHA256&X-Amz-Credential=AKIAQYCGKMUH5AO7UJ26%2F20260902%2Fus-east-1%2Fs3%2Faws4_request&X-Amz-Date=20260902T151551Z&X-Amz-Expires=89764&X-Amz-Signature=d306fdcaf4a67567402b7a5a24677b8bec1486ceed472eeb002235f826a85493&X-Amz-SignedHeaders=host%3Bx-amz-expected-bucket-owner&response-expires=Thu%2C%2003%20Sep%202026%2016%3A11%3A55%20GMT
PISCES_PISCES	Watch	Deep_Black	https://export-download.canva.com/Sro-c/DAHUJISro-c/-1/0/0064-350669608441660711.jpg?X-Amz-Algorithm=AWS4-HMAC-SHA256&X-Amz-Credential=AKIAQYCGKMUH5AO7UJ26%2F20260903%2Fus-east-1%2Fs3%2Faws4_request&X-Amz-Date=20260903T040821Z&X-Amz-Expires=43314&X-Amz-Signature=6227d60e1f3f2dbbed99ca8ce15f6d3e5241327aa9b352d8e4195d69f6836d4e&X-Amz-SignedHeaders=host%3Bx-amz-expected-bucket-owner&response-expires=Thu%2C%2003%20Sep%202026%2016%3A10%3A15%20GMT
PISCES_SAGITTARIUS	Watch	Deep_Black	https://export-download.canva.com/Sro-c/DAHUJISro-c/-1/0/0065-350669608441660711.jpg?X-Amz-Algorithm=AWS4-HMAC-SHA256&X-Amz-Credential=AKIAQYCGKMUH5AO7UJ26%2F20260902%2Fus-east-1%2Fs3%2Faws4_request&X-Amz-Date=20260902T190604Z&X-Amz-Expires=75858&X-Amz-Signature=7359863473718f21deb6e210df42c4d9a6fe4ea16d0da4a0e93cf571d849ba4f&X-Amz-SignedHeaders=host%3Bx-amz-expected-bucket-owner&response-expires=Thu%2C%2003%20Sep%202026%2016%3A10%3A22%20GMT
PISCES_SCORPIO	Watch	Deep_Black	https://export-download.canva.com/Sro-c/DAHUJISro-c/-1/0/0066-350669608441660711.jpg?X-Amz-Algorithm=AWS4-HMAC-SHA256&X-Amz-Credential=AKIAQYCGKMUH5AO7UJ26%2F20260903%2Fus-east-1%2Fs3%2Faws4_request&X-Amz-Date=20260903T015410Z&X-Amz-Expires=49915&X-Amz-Signature=fe603b9b3a418811eb823531846c12fb3f9aa03fe6702484141b2f78bbfa19a4&X-Amz-SignedHeaders=host%3Bx-amz-expected-bucket-owner&response-expires=Thu%2C%2003%20Sep%202026%2015%3A46%3A05%20GMT
PISCES_TAURUS	Watch	Deep_Black	https://export-download.canva.com/Sro-c/DAHUJISro-c/-1/0/0067-350669608441660711.jpg?X-Amz-Algorithm=AWS4-HMAC-SHA256&X-Amz-Credential=AKIAQYCGKMUH5AO7UJ26%2F20260903%2Fus-east-1%2Fs3%2Faws4_request&X-Amz-Date=20260903T100449Z&X-Amz-Expires=21136&X-Amz-Signature=e1d5ced0afd01fcb199328a8f1caec4be1b4bb05f1162b93a97a367753d31903&X-Amz-SignedHeaders=host%3Bx-amz-expected-bucket-owner&response-expires=Thu%2C%2003%20Sep%202026%2015%3A57%3A05%20GMT
PISCES_VIRGO	Watch	Deep_Black	https://export-download.canva.com/Sro-c/DAHUJISro-c/-1/0/0068-350669608441660711.jpg?X-Amz-Algorithm=AWS4-HMAC-SHA256&X-Amz-Credential=AKIAQYCGKMUH5AO7UJ26%2F20260903%2Fus-east-1%2Fs3%2Faws4_request&X-Amz-Date=20260903T011950Z&X-Amz-Expires=51854&X-Amz-Signature=67d1fc9e585b46614dc185da80596b13f5639f6ae8e1cfa0cb83fd1f00f890f5&X-Amz-SignedHeaders=host%3Bx-amz-expected-bucket-owner&response-expires=Thu%2C%2003%20Sep%202026%2015%3A44%3A04%20GMT
SAGITTARIUS_SAGITTARIUS	Watch	Deep_Black	https://export-download.canva.com/Sro-c/DAHUJISro-c/-1/0/0069-350669608441660711.jpg?X-Amz-Algorithm=AWS4-HMAC-SHA256&X-Amz-Credential=AKIAQYCGKMUH5AO7UJ26%2F20260902%2Fus-east-1%2Fs3%2Faws4_request&X-Amz-Date=20260902T215301Z&X-Amz-Expires=63505&X-Amz-Signature=4f05becf4697011d7ff72158eb231efa1568753006d19be5529b6521fe957945&X-Amz-SignedHeaders=host%3Bx-amz-expected-bucket-owner&response-expires=Thu%2C%2003%20Sep%202026%2015%3A31%3A26%20GMT
SAGITTARIUS_SCORPIO	Watch	Deep_Black	https://export-download.canva.com/Sro-c/DAHUJISro-c/-1/0/0070-350669608441660711.jpg?X-Amz-Algorithm=AWS4-HMAC-SHA256&X-Amz-Credential=AKIAQYCGKMUH5AO7UJ26%2F20260903%2Fus-east-1%2Fs3%2Faws4_request&X-Amz-Date=20260903T044840Z&X-Amz-Expires=40131&X-Amz-Signature=eeb60dd9ca5c51af3b178db364d4517cee86550fa98983059ca03767fc2ff5aa&X-Amz-SignedHeaders=host%3Bx-amz-expected-bucket-owner&response-expires=Thu%2C%2003%20Sep%202026%2015%3A57%3A31%20GMT
SAGITTARIUS_TAURUS	Watch	Deep_Black	https://export-download.canva.com/Sro-c/DAHUJISro-c/-1/0/0071-350669608441660711.jpg?X-Amz-Algorithm=AWS4-HMAC-SHA256&X-Amz-Credential=AKIAQYCGKMUH5AO7UJ26%2F20260902%2Fus-east-1%2Fs3%2Faws4_request&X-Amz-Date=20260902T221318Z&X-Amz-Expires=63211&X-Amz-Signature=353cf641278f9fe5f7bb7d6291435faf03677d9b7f5da2207506da41643b2efb&X-Amz-SignedHeaders=host%3Bx-amz-expected-bucket-owner&response-expires=Thu%2C%2003%20Sep%202026%2015%3A46%3A49%20GMT
SAGITTARIUS_VIRGO	Watch	Deep_Black	https://export-download.canva.com/Sro-c/DAHUJISro-c/-1/0/0072-350669608441660711.jpg?X-Amz-Algorithm=AWS4-HMAC-SHA256&X-Amz-Credential=AKIAQYCGKMUH5AO7UJ26%2F20260902%2Fus-east-1%2Fs3%2Faws4_request&X-Amz-Date=20260902T191618Z&X-Amz-Expires=74864&X-Amz-Signature=eac4055bed18dc3b0f9029d3b9e81ab27bf5f45f7d477697af7837c49f95536e&X-Amz-SignedHeaders=host%3Bx-amz-expected-bucket-owner&response-expires=Thu%2C%2003%20Sep%202026%2016%3A04%3A02%20GMT
SCORPIO_SCORPIO	Watch	Deep_Black	https://export-download.canva.com/Sro-c/DAHUJISro-c/-1/0/0073-350669608441660711.jpg?X-Amz-Algorithm=AWS4-HMAC-SHA256&X-Amz-Credential=AKIAQYCGKMUH5AO7UJ26%2F20260902%2Fus-east-1%2Fs3%2Faws4_request&X-Amz-Date=20260902T230015Z&X-Amz-Expires=59863&X-Amz-Signature=e5cf9b5da132033d6e789c0a504b8f38292ccb937dbfd20c714e9bc35dcfdfef&X-Amz-SignedHeaders=host%3Bx-amz-expected-bucket-owner&response-expires=Thu%2C%2003%20Sep%202026%2015%3A37%3A58%20GMT
SCORPIO_TAURUS	Watch	Deep_Black	https://export-download.canva.com/Sro-c/DAHUJISro-c/-1/0/0074-350669608441660711.jpg?X-Amz-Algorithm=AWS4-HMAC-SHA256&X-Amz-Credential=AKIAQYCGKMUH5AO7UJ26%2F20260903%2Fus-east-1%2Fs3%2Faws4_request&X-Amz-Date=20260903T072528Z&X-Amz-Expires=30813&X-Amz-Signature=efe67e7e652ebde2a945ead008cae3617125b0493632a2476e24cfc1e580c28d&X-Amz-SignedHeaders=host%3Bx-amz-expected-bucket-owner&response-expires=Thu%2C%2003%20Sep%202026%2015%3A59%3A01%20GMT
SCORPIO_VIRGO	Watch	Deep_Black	https://export-download.canva.com/Sro-c/DAHUJISro-c/-1/0/0075-350669608441660711.jpg?X-Amz-Algorithm=AWS4-HMAC-SHA256&X-Amz-Credential=AKIAQYCGKMUH5AO7UJ26%2F20260903%2Fus-east-1%2Fs3%2Faws4_request&X-Amz-Date=20260903T033307Z&X-Amz-Expires=45548&X-Amz-Signature=2aadf17d3e95a8d6f4ba6ff176194e610f5c53c82f6a66dd110f29b3795ed2f5&X-Amz-SignedHeaders=host%3Bx-amz-expected-bucket-owner&response-expires=Thu%2C%2003%20Sep%202026%2016%3A12%3A15%20GMT
TAURUS_TAURUS	Watch	Deep_Black	https://export-download.canva.com/Sro-c/DAHUJISro-c/-1/0/0076-350669608441660711.jpg?X-Amz-Algorithm=AWS4-HMAC-SHA256&X-Amz-Credential=AKIAQYCGKMUH5AO7UJ26%2F20260903%2Fus-east-1%2Fs3%2Faws4_request&X-Amz-Date=20260903T061342Z&X-Amz-Expires=32518&X-Amz-Signature=23f3531329ffb7de231706c1e243a3f382eeadb02ac6c9a8e8596cfe27559e42&X-Amz-SignedHeaders=host%3Bx-amz-expected-bucket-owner&response-expires=Thu%2C%2003%20Sep%202026%2015%3A15%3A40%20GMT
TAURUS_VIRGO	Watch	Deep_Black	https://export-download.canva.com/Sro-c/DAHUJISro-c/-1/0/0077-350669608441660711.jpg?X-Amz-Algorithm=AWS4-HMAC-SHA256&X-Amz-Credential=AKIAQYCGKMUH5AO7UJ26%2F20260903%2Fus-east-1%2Fs3%2Faws4_request&X-Amz-Date=20260903T090336Z&X-Amz-Expires=23569&X-Amz-Signature=de47ef391fedf1fb3adfbcc62b9f8ed1ef7e580c3711016103aa87d3af82d5bf&X-Amz-SignedHeaders=host%3Bx-amz-expected-bucket-owner&response-expires=Thu%2C%2003%20Sep%202026%2015%3A36%3A25%20GMT
VIRGO_VIRGO	Watch	Deep_Black	https://export-download.canva.com/Sro-c/DAHUJISro-c/-1/0/0078-350669608441660711.jpg?X-Amz-Algorithm=AWS4-HMAC-SHA256&X-Amz-Credential=AKIAQYCGKMUH5AO7UJ26%2F20260902%2Fus-east-1%2Fs3%2Faws4_request&X-Amz-Date=20260902T152508Z&X-Amz-Expires=87191&X-Amz-Signature=8ecc01f1fc7275bb45d9926e1bcf5894111130ce1505c64ab9f01afabef2ce16&X-Amz-SignedHeaders=host%3Bx-amz-expected-bucket-owner&response-expires=Thu%2C%2003%20Sep%202026%2015%3A38%3A19%20GMT
AQUARIUS_AQUARIUS	Phone	Warm_Parchment	https://export-download.canva.com/hGNv0/DAHUJHhGNv0/-1/0/0001-8506688532467023912.jpg?X-Amz-Algorithm=AWS4-HMAC-SHA256&X-Amz-Credential=AKIAQYCGKMUH5AO7UJ26%2F20260903%2Fus-east-1%2Fs3%2Faws4_request&X-Amz-Date=20260903T025302Z&X-Amz-Expires=45781&X-Amz-Signature=9174befe51221aac57d816862d6038ede201b1d2d5b11a80277096536bc86a23&X-Amz-SignedHeaders=host%3Bx-amz-expected-bucket-owner&response-expires=Thu%2C%2003%20Sep%202026%2015%3A36%3A03%20GMT
AQUARIUS_ARIES	Phone	Warm_Parchment	https://export-download.canva.com/hGNv0/DAHUJHhGNv0/-1/0/0002-8506688532467023912.jpg?X-Amz-Algorithm=AWS4-HMAC-SHA256&X-Amz-Credential=AKIAQYCGKMUH5AO7UJ26%2F20260902%2Fus-east-1%2Fs3%2Faws4_request&X-Amz-Date=20260902T222447Z&X-Amz-Expires=63327&X-Amz-Signature=25f9e6b26d1036f77e5b17505fd838c0f1acfdecea9a7ba042bff6ea6814edce&X-Amz-SignedHeaders=host%3Bx-amz-expected-bucket-owner&response-expires=Thu%2C%2003%20Sep%202026%2016%3A00%3A14%20GMT
AQUARIUS_CANCER	Phone	Warm_Parchment	https://export-download.canva.com/hGNv0/DAHUJHhGNv0/-1/0/0003-8506688532467023912.jpg?X-Amz-Algorithm=AWS4-HMAC-SHA256&X-Amz-Credential=AKIAQYCGKMUH5AO7UJ26%2F20260903%2Fus-east-1%2Fs3%2Faws4_request&X-Amz-Date=20260903T110950Z&X-Amz-Expires=16069&X-Amz-Signature=ad2c101790bdbd504692a8f1f077f204c8d3f8b8e5ec78f372d1219392f26ae9&X-Amz-SignedHeaders=host%3Bx-amz-expected-bucket-owner&response-expires=Thu%2C%2003%20Sep%202026%2015%3A37%3A39%20GMT
AQUARIUS_CAPRICORN	Phone	Warm_Parchment	https://export-download.canva.com/hGNv0/DAHUJHhGNv0/-1/0/0004-8506688532467023912.jpg?X-Amz-Algorithm=AWS4-HMAC-SHA256&X-Amz-Credential=AKIAQYCGKMUH5AO7UJ26%2F20260903%2Fus-east-1%2Fs3%2Faws4_request&X-Amz-Date=20260903T024220Z&X-Amz-Expires=48051&X-Amz-Signature=21044babd8758b3612b66033f86c0053370319f25f3ceab608e153c8dab575a2&X-Amz-SignedHeaders=host%3Bx-amz-expected-bucket-owner&response-expires=Thu%2C%2003%20Sep%202026%2016%3A03%3A11%20GMT
AQUARIUS_GEMINI	Phone	Warm_Parchment	https://export-download.canva.com/hGNv0/DAHUJHhGNv0/-1/0/0005-8506688532467023912.jpg?X-Amz-Algorithm=AWS4-HMAC-SHA256&X-Amz-Credential=AKIAQYCGKMUH5AO7UJ26%2F20260903%2Fus-east-1%2Fs3%2Faws4_request&X-Amz-Date=20260903T043242Z&X-Amz-Expires=39591&X-Amz-Signature=af02dbef0770d607af96ddc88e1d58efc6c0f05df8e122d571c96f4c7c56fdb9&X-Amz-SignedHeaders=host%3Bx-amz-expected-bucket-owner&response-expires=Thu%2C%2003%20Sep%202026%2015%3A32%3A33%20GMT
AQUARIUS_LEO	Phone	Warm_Parchment	https://export-download.canva.com/hGNv0/DAHUJHhGNv0/-1/0/0006-8506688532467023912.jpg?X-Amz-Algorithm=AWS4-HMAC-SHA256&X-Amz-Credential=AKIAQYCGKMUH5AO7UJ26%2F20260903%2Fus-east-1%2Fs3%2Faws4_request&X-Amz-Date=20260903T033025Z&X-Amz-Expires=46210&X-Amz-Signature=25d6bfd6ef08592321458a4e6e2d048285b983d0f40e32e6f33e9eb752b7c264&X-Amz-SignedHeaders=host%3Bx-amz-expected-bucket-owner&response-expires=Thu%2C%2003%20Sep%202026%2016%3A20%3A35%20GMT
AQUARIUS_LIBRA	Phone	Warm_Parchment	https://export-download.canva.com/hGNv0/DAHUJHhGNv0/-1/0/0007-8506688532467023912.jpg?X-Amz-Algorithm=AWS4-HMAC-SHA256&X-Amz-Credential=AKIAQYCGKMUH5AO7UJ26%2F20260903%2Fus-east-1%2Fs3%2Faws4_request&X-Amz-Date=20260903T051018Z&X-Amz-Expires=38878&X-Amz-Signature=e23c675f96e15fb733b84b761619564d7c7e94bc368e387300390bbbfac6edf0&X-Amz-SignedHeaders=host%3Bx-amz-expected-bucket-owner&response-expires=Thu%2C%2003%20Sep%202026%2015%3A58%3A16%20GMT
AQUARIUS_PISCES	Phone	Warm_Parchment	https://export-download.canva.com/hGNv0/DAHUJHhGNv0/-1/0/0008-8506688532467023912.jpg?X-Amz-Algorithm=AWS4-HMAC-SHA256&X-Amz-Credential=AKIAQYCGKMUH5AO7UJ26%2F20260903%2Fus-east-1%2Fs3%2Faws4_request&X-Amz-Date=20260903T102821Z&X-Amz-Expires=21419&X-Amz-Signature=621fc81ba63c74b28a6627f6c96bcd6864da0d36ff03b6300db0d7ed8cd349a7&X-Amz-SignedHeaders=host%3Bx-amz-expected-bucket-owner&response-expires=Thu%2C%2003%20Sep%202026%2016%3A25%3A20%20GMT
AQUARIUS_SAGITTARIUS	Phone	Warm_Parchment	https://export-download.canva.com/hGNv0/DAHUJHhGNv0/-1/0/0009-8506688532467023912.jpg?X-Amz-Algorithm=AWS4-HMAC-SHA256&X-Amz-Credential=AKIAQYCGKMUH5AO7UJ26%2F20260903%2Fus-east-1%2Fs3%2Faws4_request&X-Amz-Date=20260903T125256Z&X-Amz-Expires=10151&X-Amz-Signature=2988c5dad741fe8c94cdcd83ee5000f39f9015beaac23428bee094693201e845&X-Amz-SignedHeaders=host%3Bx-amz-expected-bucket-owner&response-expires=Thu%2C%2003%20Sep%202026%2015%3A42%3A07%20GMT
AQUARIUS_SCORPIO	Phone	Warm_Parchment	https://export-download.canva.com/hGNv0/DAHUJHhGNv0/-1/0/0010-8506688532467023912.jpg?X-Amz-Algorithm=AWS4-HMAC-SHA256&X-Amz-Credential=AKIAQYCGKMUH5AO7UJ26%2F20260903%2Fus-east-1%2Fs3%2Faws4_request&X-Amz-Date=20260903T003600Z&X-Amz-Expires=53795&X-Amz-Signature=260612c3c180e113855ca89e72a61056368cc2d12e7badac837631b2a08e5f6f&X-Amz-SignedHeaders=host%3Bx-amz-expected-bucket-owner&response-expires=Thu%2C%2003%20Sep%202026%2015%3A32%3A35%20GMT
AQUARIUS_TAURUS	Phone	Warm_Parchment	https://export-download.canva.com/hGNv0/DAHUJHhGNv0/-1/0/0011-8506688532467023912.jpg?X-Amz-Algorithm=AWS4-HMAC-SHA256&X-Amz-Credential=AKIAQYCGKMUH5AO7UJ26%2F20260902%2Fus-east-1%2Fs3%2Faws4_request&X-Amz-Date=20260902T235134Z&X-Amz-Expires=58800&X-Amz-Signature=9ab024ab9df5bf36114e968eef7c3444acb403ab9fc3764e018fd5a0ffc4d680&X-Amz-SignedHeaders=host%3Bx-amz-expected-bucket-owner&response-expires=Thu%2C%2003%20Sep%202026%2016%3A11%3A34%20GMT
AQUARIUS_VIRGO	Phone	Warm_Parchment	https://export-download.canva.com/hGNv0/DAHUJHhGNv0/-1/0/0012-8506688532467023912.jpg?X-Amz-Algorithm=AWS4-HMAC-SHA256&X-Amz-Credential=AKIAQYCGKMUH5AO7UJ26%2F20260903%2Fus-east-1%2Fs3%2Faws4_request&X-Amz-Date=20260903T035547Z&X-Amz-Expires=43980&X-Amz-Signature=71b2fc1196dd04dff3337d823fd7dc2b37ca56bb157ad86f2147f67b0fa13b89&X-Amz-SignedHeaders=host%3Bx-amz-expected-bucket-owner&response-expires=Thu%2C%2003%20Sep%202026%2016%3A08%3A47%20GMT
ARIES_ARIES	Phone	Warm_Parchment	https://export-download.canva.com/hGNv0/DAHUJHhGNv0/-1/0/0013-8506688532467023912.jpg?X-Amz-Algorithm=AWS4-HMAC-SHA256&X-Amz-Credential=AKIAQYCGKMUH5AO7UJ26%2F20260903%2Fus-east-1%2Fs3%2Faws4_request&X-Amz-Date=20260903T001103Z&X-Amz-Expires=57740&X-Amz-Signature=df12947db80bb489bcbd8560cc72ac65dcec5feb3b4d7c54e186d92900659dba&X-Amz-SignedHeaders=host%3Bx-amz-expected-bucket-owner&response-expires=Thu%2C%2003%20Sep%202026%2016%3A13%3A23%20GMT
ARIES_CANCER	Phone	Warm_Parchment	https://export-download.canva.com/hGNv0/DAHUJHhGNv0/-1/0/0014-8506688532467023912.jpg?X-Amz-Algorithm=AWS4-HMAC-SHA256&X-Amz-Credential=AKIAQYCGKMUH5AO7UJ26%2F20260903%2Fus-east-1%2Fs3%2Faws4_request&X-Amz-Date=20260903T045747Z&X-Amz-Expires=37734&X-Amz-Signature=e5fa3e2e8d517c04999d63ecc6849192d6bc04efaee541ce6befe6d903eafa54&X-Amz-SignedHeaders=host%3Bx-amz-expected-bucket-owner&response-expires=Thu%2C%2003%20Sep%202026%2015%3A26%3A41%20GMT
ARIES_CAPRICORN	Phone	Warm_Parchment	https://export-download.canva.com/hGNv0/DAHUJHhGNv0/-1/0/0015-8506688532467023912.jpg?X-Amz-Algorithm=AWS4-HMAC-SHA256&X-Amz-Credential=AKIAQYCGKMUH5AO7UJ26%2F20260902%2Fus-east-1%2Fs3%2Faws4_request&X-Amz-Date=20260902T200459Z&X-Amz-Expires=73149&X-Amz-Signature=056bfdfe483ed8f56740ae4f19af5f3d69623c149dc7d4b5748915843e06e0b2&X-Amz-SignedHeaders=host%3Bx-amz-expected-bucket-owner&response-expires=Thu%2C%2003%20Sep%202026%2016%3A24%3A08%20GMT
ARIES_GEMINI	Phone	Warm_Parchment	https://export-download.canva.com/hGNv0/DAHUJHhGNv0/-1/0/0016-8506688532467023912.jpg?X-Amz-Algorithm=AWS4-HMAC-SHA256&X-Amz-Credential=AKIAQYCGKMUH5AO7UJ26%2F20260903%2Fus-east-1%2Fs3%2Faws4_request&X-Amz-Date=20260903T082207Z&X-Amz-Expires=28540&X-Amz-Signature=8a5884549835d7bdc788ed8c30f4267a5c637a3d0e374efc858d67b9498147af&X-Amz-SignedHeaders=host%3Bx-amz-expected-bucket-owner&response-expires=Thu%2C%2003%20Sep%202026%2016%3A17%3A47%20GMT
ARIES_LEO	Phone	Warm_Parchment	https://export-download.canva.com/hGNv0/DAHUJHhGNv0/-1/0/0017-8506688532467023912.jpg?X-Amz-Algorithm=AWS4-HMAC-SHA256&X-Amz-Credential=AKIAQYCGKMUH5AO7UJ26%2F20260903%2Fus-east-1%2Fs3%2Faws4_request&X-Amz-Date=20260903T023309Z&X-Amz-Expires=49513&X-Amz-Signature=ffb62e2114fb4c90f995f7307dc6c49e296a22b4ac660ada7e9d4c399d603f09&X-Amz-SignedHeaders=host%3Bx-amz-expected-bucket-owner&response-expires=Thu%2C%2003%20Sep%202026%2016%3A18%3A22%20GMT
ARIES_LIBRA	Phone	Warm_Parchment	https://export-download.canva.com/hGNv0/DAHUJHhGNv0/-1/0/0018-8506688532467023912.jpg?X-Amz-Algorithm=AWS4-HMAC-SHA256&X-Amz-Credential=AKIAQYCGKMUH5AO7UJ26%2F20260903%2Fus-east-1%2Fs3%2Faws4_request&X-Amz-Date=20260903T075213Z&X-Amz-Expires=27325&X-Amz-Signature=27abd3ceb9bbaf5d19eb9581a178d60d4764ab45740c68c3e0507427e0bcf7a4&X-Amz-SignedHeaders=host%3Bx-amz-expected-bucket-owner&response-expires=Thu%2C%2003%20Sep%202026%2015%3A27%3A38%20GMT
ARIES_PISCES	Phone	Warm_Parchment	https://export-download.canva.com/hGNv0/DAHUJHhGNv0/-1/0/0019-8506688532467023912.jpg?X-Amz-Algorithm=AWS4-HMAC-SHA256&X-Amz-Credential=AKIAQYCGKMUH5AO7UJ26%2F20260903%2Fus-east-1%2Fs3%2Faws4_request&X-Amz-Date=20260903T134040Z&X-Amz-Expires=8585&X-Amz-Signature=64527eaf59aa330a87767dadbd79ae56f41d939d417e8799d43001c1962d3c5d&X-Amz-SignedHeaders=host%3Bx-amz-expected-bucket-owner&response-expires=Thu%2C%2003%20Sep%202026%2016%3A03%3A45%20GMT
ARIES_SAGITTARIUS	Phone	Warm_Parchment	https://export-download.canva.com/hGNv0/DAHUJHhGNv0/-1/0/0020-8506688532467023912.jpg?X-Amz-Algorithm=AWS4-HMAC-SHA256&X-Amz-Credential=AKIAQYCGKMUH5AO7UJ26%2F20260902%2Fus-east-1%2Fs3%2Faws4_request&X-Amz-Date=20260902T172507Z&X-Amz-Expires=82749&X-Amz-Signature=e115fed27f09c0ec487d46b16e0c44424af962a56e4d66a801ad1619f3774f4c&X-Amz-SignedHeaders=host%3Bx-amz-expected-bucket-owner&response-expires=Thu%2C%2003%20Sep%202026%2016%3A24%3A16%20GMT
ARIES_SCORPIO	Phone	Warm_Parchment	https://export-download.canva.com/hGNv0/DAHUJHhGNv0/-1/0/0021-8506688532467023912.jpg?X-Amz-Algorithm=AWS4-HMAC-SHA256&X-Amz-Credential=AKIAQYCGKMUH5AO7UJ26%2F20260902%2Fus-east-1%2Fs3%2Faws4_request&X-Amz-Date=20260902T143111Z&X-Amz-Expires=92528&X-Amz-Signature=5d2537d02bbb3d3257e971f1ed43db64a168bb5be8537a69b865579867004e96&X-Amz-SignedHeaders=host%3Bx-amz-expected-bucket-owner&response-expires=Thu%2C%2003%20Sep%202026%2016%3A13%3A19%20GMT
ARIES_TAURUS	Phone	Warm_Parchment	https://export-download.canva.com/hGNv0/DAHUJHhGNv0/-1/0/0022-8506688532467023912.jpg?X-Amz-Algorithm=AWS4-HMAC-SHA256&X-Amz-Credential=AKIAQYCGKMUH5AO7UJ26%2F20260903%2Fus-east-1%2Fs3%2Faws4_request&X-Amz-Date=20260903T133334Z&X-Amz-Expires=9743&X-Amz-Signature=9539ce6c06be3b45861553558387467fbef499b25b68d76d227d65c73df48f37&X-Amz-SignedHeaders=host%3Bx-amz-expected-bucket-owner&response-expires=Thu%2C%2003%20Sep%202026%2016%3A15%3A57%20GMT
ARIES_VIGRO	Phone	Warm_Parchment	https://export-download.canva.com/hGNv0/DAHUJHhGNv0/-1/0/0023-8506688532467023912.jpg?X-Amz-Algorithm=AWS4-HMAC-SHA256&X-Amz-Credential=AKIAQYCGKMUH5AO7UJ26%2F20260902%2Fus-east-1%2Fs3%2Faws4_request&X-Amz-Date=20260902T155837Z&X-Amz-Expires=86354&X-Amz-Signature=cb17ac15b6a20539b906671b1f38175522c907132bb22472910fbbcd12e9f044&X-Amz-SignedHeaders=host%3Bx-amz-expected-bucket-owner&response-expires=Thu%2C%2003%20Sep%202026%2015%3A57%3A51%20GMT
CANCER_CANCER	Phone	Warm_Parchment	https://export-download.canva.com/hGNv0/DAHUJHhGNv0/-1/0/0024-8506688532467023912.jpg?X-Amz-Algorithm=AWS4-HMAC-SHA256&X-Amz-Credential=AKIAQYCGKMUH5AO7UJ26%2F20260902%2Fus-east-1%2Fs3%2Faws4_request&X-Amz-Date=20260902T165102Z&X-Amz-Expires=83518&X-Amz-Signature=fa4c56b86131933301e2aef1d57bbc3599de0ec2c2c456e3c65b861a0fbb3e57&X-Amz-SignedHeaders=host%3Bx-amz-expected-bucket-owner&response-expires=Thu%2C%2003%20Sep%202026%2016%3A03%3A00%20GMT
CANCER_CAPRICORN	Phone	Warm_Parchment	https://export-download.canva.com/hGNv0/DAHUJHhGNv0/-1/0/0025-8506688532467023912.jpg?X-Amz-Algorithm=AWS4-HMAC-SHA256&X-Amz-Credential=AKIAQYCGKMUH5AO7UJ26%2F20260902%2Fus-east-1%2Fs3%2Faws4_request&X-Amz-Date=20260902T194156Z&X-Amz-Expires=73660&X-Amz-Signature=e8014b7b1437fa8df6d5bebe9dc809b9e69f7d7676882eb236721d71f04797ea&X-Amz-SignedHeaders=host%3Bx-amz-expected-bucket-owner&response-expires=Thu%2C%2003%20Sep%202026%2016%3A09%3A36%20GMT
CANCER_GEMINI	Phone	Warm_Parchment	https://export-download.canva.com/hGNv0/DAHUJHhGNv0/-1/0/0026-8506688532467023912.jpg?X-Amz-Algorithm=AWS4-HMAC-SHA256&X-Amz-Credential=AKIAQYCGKMUH5AO7UJ26%2F20260903%2Fus-east-1%2Fs3%2Faws4_request&X-Amz-Date=20260903T072153Z&X-Amz-Expires=32358&X-Amz-Signature=ee3e11b420b50ffbcf47241344b608c6d4f4cf23c02cdf0cd6ce661db9d65d37&X-Amz-SignedHeaders=host%3Bx-amz-expected-bucket-owner&response-expires=Thu%2C%2003%20Sep%202026%2016%3A21%3A11%20GMT
CANCER_LEO	Phone	Warm_Parchment	https://export-download.canva.com/hGNv0/DAHUJHhGNv0/-1/0/0027-8506688532467023912.jpg?X-Amz-Algorithm=AWS4-HMAC-SHA256&X-Amz-Credential=AKIAQYCGKMUH5AO7UJ26%2F20260903%2Fus-east-1%2Fs3%2Faws4_request&X-Amz-Date=20260903T030849Z&X-Amz-Expires=46878&X-Amz-Signature=eb85edf0e61f47542283ef898813d00c434cd189a2e1055f189ff9591d2804b5&X-Amz-SignedHeaders=host%3Bx-amz-expected-bucket-owner&response-expires=Thu%2C%2003%20Sep%202026%2016%3A10%3A07%20GMT
CANCER_LIBRA	Phone	Warm_Parchment	https://export-download.canva.com/hGNv0/DAHUJHhGNv0/-1/0/0028-8506688532467023912.jpg?X-Amz-Algorithm=AWS4-HMAC-SHA256&X-Amz-Credential=AKIAQYCGKMUH5AO7UJ26%2F20260902%2Fus-east-1%2Fs3%2Faws4_request&X-Amz-Date=20260902T201708Z&X-Amz-Expires=71711&X-Amz-Signature=ab8db03279a40f1d4fca674323389d08b14e0b51e03e5500a89c3895f837a2d8&X-Amz-SignedHeaders=host%3Bx-amz-expected-bucket-owner&response-expires=Thu%2C%2003%20Sep%202026%2016%3A12%3A19%20GMT
CANCER_PISCES	Phone	Warm_Parchment	https://export-download.canva.com/hGNv0/DAHUJHhGNv0/-1/0/0029-8506688532467023912.jpg?X-Amz-Algorithm=AWS4-HMAC-SHA256&X-Amz-Credential=AKIAQYCGKMUH5AO7UJ26%2F20260903%2Fus-east-1%2Fs3%2Faws4_request&X-Amz-Date=20260903T035953Z&X-Amz-Expires=42035&X-Amz-Signature=2e12abf93e67b11062fe3b48ec40ee2520a1224fc12b8ff9f61ecf410b154c01&X-Amz-SignedHeaders=host%3Bx-amz-expected-bucket-owner&response-expires=Thu%2C%2003%20Sep%202026%2015%3A40%3A28%20GMT
CANCER_SAGITTARIUS	Phone	Warm_Parchment	https://export-download.canva.com/hGNv0/DAHUJHhGNv0/-1/0/0030-8506688532467023912.jpg?X-Amz-Algorithm=AWS4-HMAC-SHA256&X-Amz-Credential=AKIAQYCGKMUH5AO7UJ26%2F20260903%2Fus-east-1%2Fs3%2Faws4_request&X-Amz-Date=20260903T053523Z&X-Amz-Expires=38043&X-Amz-Signature=677ff2156ffc321b77bac5929ac6538fc1d5b395b493ba214ede603bcdc80c42&X-Amz-SignedHeaders=host%3Bx-amz-expected-bucket-owner&response-expires=Thu%2C%2003%20Sep%202026%2016%3A09%3A26%20GMT
CANCER_SCORPIO	Phone	Warm_Parchment	https://export-download.canva.com/hGNv0/DAHUJHhGNv0/-1/0/0031-8506688532467023912.jpg?X-Amz-Algorithm=AWS4-HMAC-SHA256&X-Amz-Credential=AKIAQYCGKMUH5AO7UJ26%2F20260903%2Fus-east-1%2Fs3%2Faws4_request&X-Amz-Date=20260903T043119Z&X-Amz-Expires=39332&X-Amz-Signature=ea2dda39ee37ccbe9d77a32b72ec9ab7b0c53fafae7568de9d5b5df305e9e3c6&X-Amz-SignedHeaders=host%3Bx-amz-expected-bucket-owner&response-expires=Thu%2C%2003%20Sep%202026%2015%3A26%3A51%20GMT
CANCER_TAURUS	Phone	Warm_Parchment	https://export-download.canva.com/hGNv0/DAHUJHhGNv0/-1/0/0032-8506688532467023912.jpg?X-Amz-Algorithm=AWS4-HMAC-SHA256&X-Amz-Credential=AKIAQYCGKMUH5AO7UJ26%2F20260902%2Fus-east-1%2Fs3%2Faws4_request&X-Amz-Date=20260902T212901Z&X-Amz-Expires=66389&X-Amz-Signature=e028b2273a81abf40f509f4b5a5a966ea1a52adc11b34d092a129178d0d9ab3a&X-Amz-SignedHeaders=host%3Bx-amz-expected-bucket-owner&response-expires=Thu%2C%2003%20Sep%202026%2015%3A55%3A30%20GMT
CANCER_VIRGO	Phone	Warm_Parchment	https://export-download.canva.com/hGNv0/DAHUJHhGNv0/-1/0/0033-8506688532467023912.jpg?X-Amz-Algorithm=AWS4-HMAC-SHA256&X-Amz-Credential=AKIAQYCGKMUH5AO7UJ26%2F20260903%2Fus-east-1%2Fs3%2Faws4_request&X-Amz-Date=20260903T092115Z&X-Amz-Expires=24582&X-Amz-Signature=2a04a43a3114b7938653827ba33dcdef4577660367d512bf362fae7ec831db46&X-Amz-SignedHeaders=host%3Bx-amz-expected-bucket-owner&response-expires=Thu%2C%2003%20Sep%202026%2016%3A10%3A57%20GMT
CAPRICORN_CAPRICORN	Phone	Warm_Parchment	https://export-download.canva.com/hGNv0/DAHUJHhGNv0/-1/0/0034-8506688532467023912.jpg?X-Amz-Algorithm=AWS4-HMAC-SHA256&X-Amz-Credential=AKIAQYCGKMUH5AO7UJ26%2F20260903%2Fus-east-1%2Fs3%2Faws4_request&X-Amz-Date=20260903T114345Z&X-Amz-Expires=14869&X-Amz-Signature=35a8db3fcacea92b578aac066ee2c7caa1882a1942230ba800a301efe16c799d&X-Amz-SignedHeaders=host%3Bx-amz-expected-bucket-owner&response-expires=Thu%2C%2003%20Sep%202026%2015%3A51%3A34%20GMT
CAPRICORN_GEMINI	Phone	Warm_Parchment	https://export-download.canva.com/hGNv0/DAHUJHhGNv0/-1/0/0035-8506688532467023912.jpg?X-Amz-Algorithm=AWS4-HMAC-SHA256&X-Amz-Credential=AKIAQYCGKMUH5AO7UJ26%2F20260903%2Fus-east-1%2Fs3%2Faws4_request&X-Amz-Date=20260903T012105Z&X-Amz-Expires=53725&X-Amz-Signature=3ca73eb299af6ae383a9876cd5bba0ecea9897ad05e5a5555f4c412211229ef6&X-Amz-SignedHeaders=host%3Bx-amz-expected-bucket-owner&response-expires=Thu%2C%2003%20Sep%202026%2016%3A16%3A30%20GMT
CAPRICORN_LEO	Phone	Warm_Parchment	https://export-download.canva.com/hGNv0/DAHUJHhGNv0/-1/0/0036-8506688532467023912.jpg?X-Amz-Algorithm=AWS4-HMAC-SHA256&X-Amz-Credential=AKIAQYCGKMUH5AO7UJ26%2F20260902%2Fus-east-1%2Fs3%2Faws4_request&X-Amz-Date=20260902T200602Z&X-Amz-Expires=73170&X-Amz-Signature=f8c04916aa890ffab91de496bf6f6d8260099fdf64203f4a6d2dd45d1b878c88&X-Amz-SignedHeaders=host%3Bx-amz-expected-bucket-owner&response-expires=Thu%2C%2003%20Sep%202026%2016%3A25%3A32%20GMT
CAPRICORN_LIBRA	Phone	Warm_Parchment	https://export-download.canva.com/hGNv0/DAHUJHhGNv0/-1/0/0037-8506688532467023912.jpg?X-Amz-Algorithm=AWS4-HMAC-SHA256&X-Amz-Credential=AKIAQYCGKMUH5AO7UJ26%2F20260903%2Fus-east-1%2Fs3%2Faws4_request&X-Amz-Date=20260903T110229Z&X-Amz-Expires=16970&X-Amz-Signature=29d1fe5f5165257b350ddad36b241edc2f1d362aa72d2c6cda9187047f6dab95&X-Amz-SignedHeaders=host%3Bx-amz-expected-bucket-owner&response-expires=Thu%2C%2003%20Sep%202026%2015%3A45%3A19%20GMT
CAPRICORN_PISCES	Phone	Warm_Parchment	https://export-download.canva.com/hGNv0/DAHUJHhGNv0/-1/0/0038-8506688532467023912.jpg?X-Amz-Algorithm=AWS4-HMAC-SHA256&X-Amz-Credential=AKIAQYCGKMUH5AO7UJ26%2F20260902%2Fus-east-1%2Fs3%2Faws4_request&X-Amz-Date=20260902T145948Z&X-Amz-Expires=89876&X-Amz-Signature=771a5195e6ab04a828e4ccba50a8ef4422aaf6ca195678d6c7c57de20a8e1a5e&X-Amz-SignedHeaders=host%3Bx-amz-expected-bucket-owner&response-expires=Thu%2C%2003%20Sep%202026%2015%3A57%3A44%20GMT
CAPRICORN_SAGITTARIUS	Phone	Warm_Parchment	https://export-download.canva.com/hGNv0/DAHUJHhGNv0/-1/0/0039-8506688532467023912.jpg?X-Amz-Algorithm=AWS4-HMAC-SHA256&X-Amz-Credential=AKIAQYCGKMUH5AO7UJ26%2F20260903%2Fus-east-1%2Fs3%2Faws4_request&X-Amz-Date=20260903T002924Z&X-Amz-Expires=54416&X-Amz-Signature=c8423324bf68d9042ddc79da1a20d722d46296589d2d1502ed3bef07e4496642&X-Amz-SignedHeaders=host%3Bx-amz-expected-bucket-owner&response-expires=Thu%2C%2003%20Sep%202026%2015%3A36%3A20%20GMT
CAPRICORN_SCORPIO	Phone	Warm_Parchment	https://export-download.canva.com/hGNv0/DAHUJHhGNv0/-1/0/0040-8506688532467023912.jpg?X-Amz-Algorithm=AWS4-HMAC-SHA256&X-Amz-Credential=AKIAQYCGKMUH5AO7UJ26%2F20260902%2Fus-east-1%2Fs3%2Faws4_request&X-Amz-Date=20260902T234805Z&X-Amz-Expires=56720&X-Amz-Signature=ff631f2ce88f3b63cea55463e94c6d155de412c95e4447d9a344a9c2fc76ff23&X-Amz-SignedHeaders=host%3Bx-amz-expected-bucket-owner&response-expires=Thu%2C%2003%20Sep%202026%2015%3A33%3A25%20GMT
CAPRICORN_TAURUS	Phone	Warm_Parchment	https://export-download.canva.com/hGNv0/DAHUJHhGNv0/-1/0/0041-8506688532467023912.jpg?X-Amz-Algorithm=AWS4-HMAC-SHA256&X-Amz-Credential=AKIAQYCGKMUH5AO7UJ26%2F20260903%2Fus-east-1%2Fs3%2Faws4_request&X-Amz-Date=20260903T002345Z&X-Amz-Expires=56993&X-Amz-Signature=a798a9239b201e4c6451c7aaae5db3acf2bec38043e8c9bf22cfc3818cafdeaf&X-Amz-SignedHeaders=host%3Bx-amz-expected-bucket-owner&response-expires=Thu%2C%2003%20Sep%202026%2016%3A13%3A38%20GMT
CAPRICORN_VIRGO	Phone	Warm_Parchment	https://export-download.canva.com/hGNv0/DAHUJHhGNv0/-1/0/0042-8506688532467023912.jpg?X-Amz-Algorithm=AWS4-HMAC-SHA256&X-Amz-Credential=AKIAQYCGKMUH5AO7UJ26%2F20260902%2Fus-east-1%2Fs3%2Faws4_request&X-Amz-Date=20260902T223443Z&X-Amz-Expires=63061&X-Amz-Signature=bbf32ba130373e4618a277d4aa95ba5e93cc40dd6881ab023837e7b94234a228&X-Amz-SignedHeaders=host%3Bx-amz-expected-bucket-owner&response-expires=Thu%2C%2003%20Sep%202026%2016%3A05%3A44%20GMT
GEMINI_GEMINI	Phone	Warm_Parchment	https://export-download.canva.com/hGNv0/DAHUJHhGNv0/-1/0/0043-8506688532467023912.jpg?X-Amz-Algorithm=AWS4-HMAC-SHA256&X-Amz-Credential=AKIAQYCGKMUH5AO7UJ26%2F20260903%2Fus-east-1%2Fs3%2Faws4_request&X-Amz-Date=20260903T043853Z&X-Amz-Expires=41351&X-Amz-Signature=f6a28ccd64ebe66ef3fabd9e290038f89a640c61f747f475ada92580afdd6f84&X-Amz-SignedHeaders=host%3Bx-amz-expected-bucket-owner&response-expires=Thu%2C%2003%20Sep%202026%2016%3A08%3A04%20GMT
GEMINI_LEO	Phone	Warm_Parchment	https://export-download.canva.com/hGNv0/DAHUJHhGNv0/-1/0/0044-8506688532467023912.jpg?X-Amz-Algorithm=AWS4-HMAC-SHA256&X-Amz-Credential=AKIAQYCGKMUH5AO7UJ26%2F20260903%2Fus-east-1%2Fs3%2Faws4_request&X-Amz-Date=20260903T070745Z&X-Amz-Expires=31108&X-Amz-Signature=8dd6c718731fef72ee30b26fdb5f7191d38f7873df2d91cd1fb22f3f8f2092f4&X-Amz-SignedHeaders=host%3Bx-amz-expected-bucket-owner&response-expires=Thu%2C%2003%20Sep%202026%2015%3A46%3A13%20GMT
GEMINI_LIBRA	Phone	Warm_Parchment	https://export-download.canva.com/hGNv0/DAHUJHhGNv0/-1/0/0045-8506688532467023912.jpg?X-Amz-Algorithm=AWS4-HMAC-SHA256&X-Amz-Credential=AKIAQYCGKMUH5AO7UJ26%2F20260903%2Fus-east-1%2Fs3%2Faws4_request&X-Amz-Date=20260903T022824Z&X-Amz-Expires=47905&X-Amz-Signature=3b820840bbe205025664e24ed83823c517e9e5b252376e180b6d754dbb77e372&X-Amz-SignedHeaders=host%3Bx-amz-expected-bucket-owner&response-expires=Thu%2C%2003%20Sep%202026%2015%3A46%3A49%20GMT
GEMINI_PISCES	Phone	Warm_Parchment	https://export-download.canva.com/hGNv0/DAHUJHhGNv0/-1/0/0046-8506688532467023912.jpg?X-Amz-Algorithm=AWS4-HMAC-SHA256&X-Amz-Credential=AKIAQYCGKMUH5AO7UJ26%2F20260903%2Fus-east-1%2Fs3%2Faws4_request&X-Amz-Date=20260903T071625Z&X-Amz-Expires=31913&X-Amz-Signature=7739732d75b333f330869415be7ca392f41130c357e387f7c39619255f7d1ea0&X-Amz-SignedHeaders=host%3Bx-amz-expected-bucket-owner&response-expires=Thu%2C%2003%20Sep%202026%2016%3A08%3A18%20GMT
GEMINI_SAGITTARIUS	Phone	Warm_Parchment	https://export-download.canva.com/hGNv0/DAHUJHhGNv0/-1/0/0047-8506688532467023912.jpg?X-Amz-Algorithm=AWS4-HMAC-SHA256&X-Amz-Credential=AKIAQYCGKMUH5AO7UJ26%2F20260902%2Fus-east-1%2Fs3%2Faws4_request&X-Amz-Date=20260902T230411Z&X-Amz-Expires=62021&X-Amz-Signature=8d17b18671642b35505628e3a793b91281e94867a6717c4f07432006130b1550&X-Amz-SignedHeaders=host%3Bx-amz-expected-bucket-owner&response-expires=Thu%2C%2003%20Sep%202026%2016%3A17%3A52%20GMT
GEMINI_SCORPIO	Phone	Warm_Parchment	https://export-download.canva.com/hGNv0/DAHUJHhGNv0/-1/0/0048-8506688532467023912.jpg?X-Amz-Algorithm=AWS4-HMAC-SHA256&X-Amz-Credential=AKIAQYCGKMUH5AO7UJ26%2F20260902%2Fus-east-1%2Fs3%2Faws4_request&X-Amz-Date=20260902T172334Z&X-Amz-Expires=79673&X-Amz-Signature=ec10b813ec2fd63977db249bb6cba3bc3093e5c142b2fa5b592fa3b4fc4d1c3b&X-Amz-SignedHeaders=host%3Bx-amz-expected-bucket-owner&response-expires=Thu%2C%2003%20Sep%202026%2015%3A31%3A27%20GMT
GEMINI_TAURUS	Phone	Warm_Parchment	https://export-download.canva.com/hGNv0/DAHUJHhGNv0/-1/0/0049-8506688532467023912.jpg?X-Amz-Algorithm=AWS4-HMAC-SHA256&X-Amz-Credential=AKIAQYCGKMUH5AO7UJ26%2F20260903%2Fus-east-1%2Fs3%2Faws4_request&X-Amz-Date=20260903T110935Z&X-Amz-Expires=16345&X-Amz-Signature=33271c2030e7877d109f383e5aed4365de1de0cb764310ebe77dd1163cc5d758&X-Amz-SignedHeaders=host%3Bx-amz-expected-bucket-owner&response-expires=Thu%2C%2003%20Sep%202026%2015%3A42%3A00%20GMT
GEMINI_VIRGO	Phone	Warm_Parchment	https://export-download.canva.com/hGNv0/DAHUJHhGNv0/-1/0/0050-8506688532467023912.jpg?X-Amz-Algorithm=AWS4-HMAC-SHA256&X-Amz-Credential=AKIAQYCGKMUH5AO7UJ26%2F20260902%2Fus-east-1%2Fs3%2Faws4_request&X-Amz-Date=20260902T150339Z&X-Amz-Expires=89593&X-Amz-Signature=ec07217a3462116046e19a4501687eb5687321922b48e9e17292f61395497911&X-Amz-SignedHeaders=host%3Bx-amz-expected-bucket-owner&response-expires=Thu%2C%2003%20Sep%202026%2015%3A56%3A52%20GMT
LEO_LEO	Phone	Warm_Parchment	https://export-download.canva.com/hGNv0/DAHUJHhGNv0/-1/0/0051-8506688532467023912.jpg?X-Amz-Algorithm=AWS4-HMAC-SHA256&X-Amz-Credential=AKIAQYCGKMUH5AO7UJ26%2F20260902%2Fus-east-1%2Fs3%2Faws4_request&X-Amz-Date=20260902T211943Z&X-Amz-Expires=67540&X-Amz-Signature=cff3b202b4e82a2fcfd5fe55688fd0142bf697cd966903847e975c00598cb121&X-Amz-SignedHeaders=host%3Bx-amz-expected-bucket-owner&response-expires=Thu%2C%2003%20Sep%202026%2016%3A05%3A23%20GMT
LEO_LIBRA	Phone	Warm_Parchment	https://export-download.canva.com/hGNv0/DAHUJHhGNv0/-1/0/0052-8506688532467023912.jpg?X-Amz-Algorithm=AWS4-HMAC-SHA256&X-Amz-Credential=AKIAQYCGKMUH5AO7UJ26%2F20260902%2Fus-east-1%2Fs3%2Faws4_request&X-Amz-Date=20260902T154021Z&X-Amz-Expires=85707&X-Amz-Signature=0ad17e348941a564a1c96ad51f88aa9b18c529a580242e4f4f16f7d620fb7eea&X-Amz-SignedHeaders=host%3Bx-amz-expected-bucket-owner&response-expires=Thu%2C%2003%20Sep%202026%2015%3A28%3A48%20GMT
LEO_PISCES	Phone	Warm_Parchment	https://export-download.canva.com/hGNv0/DAHUJHhGNv0/-1/0/0053-8506688532467023912.jpg?X-Amz-Algorithm=AWS4-HMAC-SHA256&X-Amz-Credential=AKIAQYCGKMUH5AO7UJ26%2F20260903%2Fus-east-1%2Fs3%2Faws4_request&X-Amz-Date=20260903T080257Z&X-Amz-Expires=29441&X-Amz-Signature=3a900ee5ad1b90f7742128e9dba9e054862caea6402ac0499e214a10041fa895&X-Amz-SignedHeaders=host%3Bx-amz-expected-bucket-owner&response-expires=Thu%2C%2003%20Sep%202026%2016%3A13%3A38%20GMT
LEO_SAGITTARIUS	Phone	Warm_Parchment	https://export-download.canva.com/hGNv0/DAHUJHhGNv0/-1/0/0054-8506688532467023912.jpg?X-Amz-Algorithm=AWS4-HMAC-SHA256&X-Amz-Credential=AKIAQYCGKMUH5AO7UJ26%2F20260903%2Fus-east-1%2Fs3%2Faws4_request&X-Amz-Date=20260903T044352Z&X-Amz-Expires=41305&X-Amz-Signature=a6f50ad94e0afa64492bb3d228f40b1b2e72986a2bf562665922a3f1952346d3&X-Amz-SignedHeaders=host%3Bx-amz-expected-bucket-owner&response-expires=Thu%2C%2003%20Sep%202026%2016%3A12%3A17%20GMT
LEO_SCORPIO	Phone	Warm_Parchment	https://export-download.canva.com/hGNv0/DAHUJHhGNv0/-1/0/0055-8506688532467023912.jpg?X-Amz-Algorithm=AWS4-HMAC-SHA256&X-Amz-Credential=AKIAQYCGKMUH5AO7UJ26%2F20260903%2Fus-east-1%2Fs3%2Faws4_request&X-Amz-Date=20260903T033721Z&X-Amz-Expires=43376&X-Amz-Signature=41a89abcaeb45599e18be0a034065f8a61781a837dab623d9b34c1fc1d25fedb&X-Amz-SignedHeaders=host%3Bx-amz-expected-bucket-owner&response-expires=Thu%2C%2003%20Sep%202026%2015%3A40%3A17%20GMT
LEO_TAURUS	Phone	Warm_Parchment	https://export-download.canva.com/hGNv0/DAHUJHhGNv0/-1/0/0056-8506688532467023912.jpg?X-Amz-Algorithm=AWS4-HMAC-SHA256&X-Amz-Credential=AKIAQYCGKMUH5AO7UJ26%2F20260902%2Fus-east-1%2Fs3%2Faws4_request&X-Amz-Date=20260902T175128Z&X-Amz-Expires=78974&X-Amz-Signature=e0d00f5a23afb3babee480638b26f8bb6a74ecf116a2d06fd3efb183f7f4a828&X-Amz-SignedHeaders=host%3Bx-amz-expected-bucket-owner&response-expires=Thu%2C%2003%20Sep%202026%2015%3A47%3A42%20GMT
LEO_VIRGO	Phone	Warm_Parchment	https://export-download.canva.com/hGNv0/DAHUJHhGNv0/-1/0/0057-8506688532467023912.jpg?X-Amz-Algorithm=AWS4-HMAC-SHA256&X-Amz-Credential=AKIAQYCGKMUH5AO7UJ26%2F20260902%2Fus-east-1%2Fs3%2Faws4_request&X-Amz-Date=20260902T170241Z&X-Amz-Expires=81568&X-Amz-Signature=6be8c0b4b1c1ccbb71a8723bd8c5aa0b2da42a785ff657f860f274c5d7c50fea&X-Amz-SignedHeaders=host%3Bx-amz-expected-bucket-owner&response-expires=Thu%2C%2003%20Sep%202026%2015%3A42%3A09%20GMT
LIBRA_LIBRA	Phone	Warm_Parchment	https://export-download.canva.com/hGNv0/DAHUJHhGNv0/-1/0/0058-8506688532467023912.jpg?X-Amz-Algorithm=AWS4-HMAC-SHA256&X-Amz-Credential=AKIAQYCGKMUH5AO7UJ26%2F20260902%2Fus-east-1%2Fs3%2Faws4_request&X-Amz-Date=20260902T203845Z&X-Amz-Expires=69522&X-Amz-Signature=9a94f21c8f6f80c1f12c3657f92e714a89bfadf6c4aa380bf9d1f0abcaa4fba2&X-Amz-SignedHeaders=host%3Bx-amz-expected-bucket-owner&response-expires=Thu%2C%2003%20Sep%202026%2015%3A57%3A27%20GMT
LIBRA_PISCES	Phone	Warm_Parchment	https://export-download.canva.com/hGNv0/DAHUJHhGNv0/-1/0/0059-8506688532467023912.jpg?X-Amz-Algorithm=AWS4-HMAC-SHA256&X-Amz-Credential=AKIAQYCGKMUH5AO7UJ26%2F20260903%2Fus-east-1%2Fs3%2Faws4_request&X-Amz-Date=20260903T105726Z&X-Amz-Expires=16558&X-Amz-Signature=9ab8d798fa0d89f151b0c141f3f96b43d1cec60dc78133aec1c88bafcb3ee36e&X-Amz-SignedHeaders=host%3Bx-amz-expected-bucket-owner&response-expires=Thu%2C%2003%20Sep%202026%2015%3A33%3A24%20GMT
LIBRA_SAGITTARIUS	Phone	Warm_Parchment	https://export-download.canva.com/hGNv0/DAHUJHhGNv0/-1/0/0060-8506688532467023912.jpg?X-Amz-Algorithm=AWS4-HMAC-SHA256&X-Amz-Credential=AKIAQYCGKMUH5AO7UJ26%2F20260903%2Fus-east-1%2Fs3%2Faws4_request&X-Amz-Date=20260903T050103Z&X-Amz-Expires=40962&X-Amz-Signature=b447e300f9c544a23d7d419b8598790a08b583315eba659aed72094ad08d5593&X-Amz-SignedHeaders=host%3Bx-amz-expected-bucket-owner&response-expires=Thu%2C%2003%20Sep%202026%2016%3A23%3A45%20GMT
LIBRA_SCORPIO	Phone	Warm_Parchment	https://export-download.canva.com/hGNv0/DAHUJHhGNv0/-1/0/0061-8506688532467023912.jpg?X-Amz-Algorithm=AWS4-HMAC-SHA256&X-Amz-Credential=AKIAQYCGKMUH5AO7UJ26%2F20260902%2Fus-east-1%2Fs3%2Faws4_request&X-Amz-Date=20260902T231352Z&X-Amz-Expires=58679&X-Amz-Signature=b56a4786f9dc026350abf37663426d7d09f99ab3b5677a68bb3aad30839a871b&X-Amz-SignedHeaders=host%3Bx-amz-expected-bucket-owner&response-expires=Thu%2C%2003%20Sep%202026%2015%3A31%3A51%20GMT
LIBRA_TAURUS	Phone	Warm_Parchment	https://export-download.canva.com/hGNv0/DAHUJHhGNv0/-1/0/0062-8506688532467023912.jpg?X-Amz-Algorithm=AWS4-HMAC-SHA256&X-Amz-Credential=AKIAQYCGKMUH5AO7UJ26%2F20260902%2Fus-east-1%2Fs3%2Faws4_request&X-Amz-Date=20260902T162016Z&X-Amz-Expires=85480&X-Amz-Signature=cca466f0157fb417e10fdb67c642769b743e77c2ab5b041f42f5a9661f84dc6b&X-Amz-SignedHeaders=host%3Bx-amz-expected-bucket-owner&response-expires=Thu%2C%2003%20Sep%202026%2016%3A04%3A56%20GMT
LIBRA_VIRGO	Phone	Warm_Parchment	https://export-download.canva.com/hGNv0/DAHUJHhGNv0/-1/0/0063-8506688532467023912.jpg?X-Amz-Algorithm=AWS4-HMAC-SHA256&X-Amz-Credential=AKIAQYCGKMUH5AO7UJ26%2F20260903%2Fus-east-1%2Fs3%2Faws4_request&X-Amz-Date=20260903T003234Z&X-Amz-Expires=53819&X-Amz-Signature=795ac473d2188bcc36965a6c80e8eaf25d1f42e72ac7d16de3a461b7c7fb0883&X-Amz-SignedHeaders=host%3Bx-amz-expected-bucket-owner&response-expires=Thu%2C%2003%20Sep%202026%2015%3A29%3A33%20GMT
PISCES_PISCES	Phone	Warm_Parchment	https://export-download.canva.com/hGNv0/DAHUJHhGNv0/-1/0/0064-8506688532467023912.jpg?X-Amz-Algorithm=AWS4-HMAC-SHA256&X-Amz-Credential=AKIAQYCGKMUH5AO7UJ26%2F20260902%2Fus-east-1%2Fs3%2Faws4_request&X-Amz-Date=20260902T203622Z&X-Amz-Expires=67960&X-Amz-Signature=83cb9c172213ee1a25a3a113fbd41f94599cda468c11334e86cfeba14bb8807b&X-Amz-SignedHeaders=host%3Bx-amz-expected-bucket-owner&response-expires=Thu%2C%2003%20Sep%202026%2015%3A29%3A02%20GMT
PISCES_SAGITTARIUS	Phone	Warm_Parchment	https://export-download.canva.com/hGNv0/DAHUJHhGNv0/-1/0/0065-8506688532467023912.jpg?X-Amz-Algorithm=AWS4-HMAC-SHA256&X-Amz-Credential=AKIAQYCGKMUH5AO7UJ26%2F20260902%2Fus-east-1%2Fs3%2Faws4_request&X-Amz-Date=20260902T193015Z&X-Amz-Expires=74816&X-Amz-Signature=bd8cb29a773c014de488b8186307acb135705b9fdf660ee7378c39d29069a791&X-Amz-SignedHeaders=host%3Bx-amz-expected-bucket-owner&response-expires=Thu%2C%2003%20Sep%202026%2016%3A17%3A11%20GMT
PISCES_SCORPIO	Phone	Warm_Parchment	https://export-download.canva.com/hGNv0/DAHUJHhGNv0/-1/0/0066-8506688532467023912.jpg?X-Amz-Algorithm=AWS4-HMAC-SHA256&X-Amz-Credential=AKIAQYCGKMUH5AO7UJ26%2F20260902%2Fus-east-1%2Fs3%2Faws4_request&X-Amz-Date=20260902T190857Z&X-Amz-Expires=76442&X-Amz-Signature=3d317762012709404305a1cbae1a585fe952f486961eb1456e16fecb21fa7439&X-Amz-SignedHeaders=host%3Bx-amz-expected-bucket-owner&response-expires=Thu%2C%2003%20Sep%202026%2016%3A22%3A59%20GMT
PISCES_TAURUS	Phone	Warm_Parchment	https://export-download.canva.com/hGNv0/DAHUJHhGNv0/-1/0/0067-8506688532467023912.jpg?X-Amz-Algorithm=AWS4-HMAC-SHA256&X-Amz-Credential=AKIAQYCGKMUH5AO7UJ26%2F20260903%2Fus-east-1%2Fs3%2Faws4_request&X-Amz-Date=20260903T134910Z&X-Amz-Expires=8895&X-Amz-Signature=f53c49551c4a0d43235fa2b05175b336b35c85c91ca728f4864b83212e72a762&X-Amz-SignedHeaders=host%3Bx-amz-expected-bucket-owner&response-expires=Thu%2C%2003%20Sep%202026%2016%3A17%3A25%20GMT
PISCES_VIRGO	Phone	Warm_Parchment	https://export-download.canva.com/hGNv0/DAHUJHhGNv0/-1/0/0068-8506688532467023912.jpg?X-Amz-Algorithm=AWS4-HMAC-SHA256&X-Amz-Credential=AKIAQYCGKMUH5AO7UJ26%2F20260902%2Fus-east-1%2Fs3%2Faws4_request&X-Amz-Date=20260902T202654Z&X-Amz-Expires=68484&X-Amz-Signature=15403b695a4098e2f494154745ec1feb9a6c3cda3c4d5d314b9b8de0aa372fac&X-Amz-SignedHeaders=host%3Bx-amz-expected-bucket-owner&response-expires=Thu%2C%2003%20Sep%202026%2015%3A28%3A18%20GMT
SAGITTARIUS_SAGITTARIUS	Phone	Warm_Parchment	https://export-download.canva.com/hGNv0/DAHUJHhGNv0/-1/0/0069-8506688532467023912.jpg?X-Amz-Algorithm=AWS4-HMAC-SHA256&X-Amz-Credential=AKIAQYCGKMUH5AO7UJ26%2F20260903%2Fus-east-1%2Fs3%2Faws4_request&X-Amz-Date=20260903T005018Z&X-Amz-Expires=55899&X-Amz-Signature=fa9eb77987aa2065b2b37867e93e9b23380ba8e486ca3a6a9730ac0578788444&X-Amz-SignedHeaders=host%3Bx-amz-expected-bucket-owner&response-expires=Thu%2C%2003%20Sep%202026%2016%3A21%3A57%20GMT
SAGITTARIUS_SCORPIO	Phone	Warm_Parchment	https://export-download.canva.com/hGNv0/DAHUJHhGNv0/-1/0/0070-8506688532467023912.jpg?X-Amz-Algorithm=AWS4-HMAC-SHA256&X-Amz-Credential=AKIAQYCGKMUH5AO7UJ26%2F20260902%2Fus-east-1%2Fs3%2Faws4_request&X-Amz-Date=20260902T144759Z&X-Amz-Expires=90794&X-Amz-Signature=28e876328cd6fc018d8d1b3c6610b08bd45bc42f4361d5e6f928f0a200495749&X-Amz-SignedHeaders=host%3Bx-amz-expected-bucket-owner&response-expires=Thu%2C%2003%20Sep%202026%2016%3A01%3A13%20GMT
SAGITTARIUS_TAURUS	Phone	Warm_Parchment	https://export-download.canva.com/hGNv0/DAHUJHhGNv0/-1/0/0071-8506688532467023912.jpg?X-Amz-Algorithm=AWS4-HMAC-SHA256&X-Amz-Credential=AKIAQYCGKMUH5AO7UJ26%2F20260903%2Fus-east-1%2Fs3%2Faws4_request&X-Amz-Date=20260903T021526Z&X-Amz-Expires=48927&X-Amz-Signature=fa218b35b8a4d32fb2a4988f32924c61fed9213438ec53ec37ead6297cd18a70&X-Amz-SignedHeaders=host%3Bx-amz-expected-bucket-owner&response-expires=Thu%2C%2003%20Sep%202026%2015%3A50%3A53%20GMT
SAGITTARIUS_VIRGO	Phone	Warm_Parchment	https://export-download.canva.com/hGNv0/DAHUJHhGNv0/-1/0/0072-8506688532467023912.jpg?X-Amz-Algorithm=AWS4-HMAC-SHA256&X-Amz-Credential=AKIAQYCGKMUH5AO7UJ26%2F20260903%2Fus-east-1%2Fs3%2Faws4_request&X-Amz-Date=20260903T135625Z&X-Amz-Expires=7222&X-Amz-Signature=e16232260661c1c842c6b2cb50f0a4c3d0df583d18c98061c175fc61e03d989a&X-Amz-SignedHeaders=host%3Bx-amz-expected-bucket-owner&response-expires=Thu%2C%2003%20Sep%202026%2015%3A56%3A47%20GMT
SCORPIO_SCORPIO	Phone	Warm_Parchment	https://export-download.canva.com/hGNv0/DAHUJHhGNv0/-1/0/0073-8506688532467023912.jpg?X-Amz-Algorithm=AWS4-HMAC-SHA256&X-Amz-Credential=AKIAQYCGKMUH5AO7UJ26%2F20260903%2Fus-east-1%2Fs3%2Faws4_request&X-Amz-Date=20260903T080353Z&X-Amz-Expires=27103&X-Amz-Signature=4b93e2be76155977ad74bfef2338e899932faa1fcde52bdcfbc21016e9b43af1&X-Amz-SignedHeaders=host%3Bx-amz-expected-bucket-owner&response-expires=Thu%2C%2003%20Sep%202026%2015%3A35%3A36%20GMT
SCORPIO_TAURUS	Phone	Warm_Parchment	https://export-download.canva.com/hGNv0/DAHUJHhGNv0/-1/0/0074-8506688532467023912.jpg?X-Amz-Algorithm=AWS4-HMAC-SHA256&X-Amz-Credential=AKIAQYCGKMUH5AO7UJ26%2F20260903%2Fus-east-1%2Fs3%2Faws4_request&X-Amz-Date=20260903T040057Z&X-Amz-Expires=41792&X-Amz-Signature=3999169f35a31f9575017ae91d2ae31d2c26cd599976b8bfab9fee0ab04d897c&X-Amz-SignedHeaders=host%3Bx-amz-expected-bucket-owner&response-expires=Thu%2C%2003%20Sep%202026%2015%3A37%3A29%20GMT
SCORPIO_VIRGO	Phone	Warm_Parchment	https://export-download.canva.com/hGNv0/DAHUJHhGNv0/-1/0/0075-8506688532467023912.jpg?X-Amz-Algorithm=AWS4-HMAC-SHA256&X-Amz-Credential=AKIAQYCGKMUH5AO7UJ26%2F20260902%2Fus-east-1%2Fs3%2Faws4_request&X-Amz-Date=20260902T192442Z&X-Amz-Expires=72146&X-Amz-Signature=d97ec868add931a768bf7337a578ff82c5bdc17809ecbc2063be335dce019efb&X-Amz-SignedHeaders=host%3Bx-amz-expected-bucket-owner&response-expires=Thu%2C%2003%20Sep%202026%2015%3A27%3A08%20GMT
TAURUS_TAURUS	Phone	Warm_Parchment	https://export-download.canva.com/hGNv0/DAHUJHhGNv0/-1/0/0076-8506688532467023912.jpg?X-Amz-Algorithm=AWS4-HMAC-SHA256&X-Amz-Credential=AKIAQYCGKMUH5AO7UJ26%2F20260902%2Fus-east-1%2Fs3%2Faws4_request&X-Amz-Date=20260902T182218Z&X-Amz-Expires=76601&X-Amz-Signature=5fc850ab90dd487edc3b2c094e7b7aca61fd289bd75a5cf9a14c70a0e5817b1f&X-Amz-SignedHeaders=host%3Bx-amz-expected-bucket-owner&response-expires=Thu%2C%2003%20Sep%202026%2015%3A38%3A59%20GMT
TAURUS_VIRGO	Phone	Warm_Parchment	https://export-download.canva.com/hGNv0/DAHUJHhGNv0/-1/0/0077-8506688532467023912.jpg?X-Amz-Algorithm=AWS4-HMAC-SHA256&X-Amz-Credential=AKIAQYCGKMUH5AO7UJ26%2F20260902%2Fus-east-1%2Fs3%2Faws4_request&X-Amz-Date=20260902T234318Z&X-Amz-Expires=56968&X-Amz-Signature=d16d08762565dac843d616288e58c0472b3fcc4f4d35e8b8846f29f7d33603c5&X-Amz-SignedHeaders=host%3Bx-amz-expected-bucket-owner&response-expires=Thu%2C%2003%20Sep%202026%2015%3A32%3A46%20GMT
VIRGO_VIRGO	Phone	Warm_Parchment	https://export-download.canva.com/hGNv0/DAHUJHhGNv0/-1/0/0078-8506688532467023912.jpg?X-Amz-Algorithm=AWS4-HMAC-SHA256&X-Amz-Credential=AKIAQYCGKMUH5AO7UJ26%2F20260902%2Fus-east-1%2Fs3%2Faws4_request&X-Amz-Date=20260902T154606Z&X-Amz-Expires=86845&X-Amz-Signature=8c7cc04a2ff353fc91b7d70039ad240d054768ff07be2d9f0111b8de8217b7a6&X-Amz-SignedHeaders=host%3Bx-amz-expected-bucket-owner&response-expires=Thu%2C%2003%20Sep%202026%2015%3A53%3A31%20GMT
AQUARIUS_AQUARIUS	Tablet	Warm_Parchment	https://export-download.canva.com/PNz1U/DAHUJFPNz1U/-1/0/0001-3789167924116775250.jpg?X-Amz-Algorithm=AWS4-HMAC-SHA256&X-Amz-Credential=AKIAQYCGKMUH5AO7UJ26%2F20260903%2Fus-east-1%2Fs3%2Faws4_request&X-Amz-Date=20260903T074453Z&X-Amz-Expires=28271&X-Amz-Signature=ea3e4bf49117b46ed9fb411658a9ef6b702ad4dc1b9dfbe4490dc63065931035&X-Amz-SignedHeaders=host%3Bx-amz-expected-bucket-owner&response-expires=Thu%2C%2003%20Sep%202026%2015%3A36%3A04%20GMT
AQUARIUS_ARIES	Tablet	Warm_Parchment	https://export-download.canva.com/PNz1U/DAHUJFPNz1U/-1/0/0002-3789167924116775250.jpg?X-Amz-Algorithm=AWS4-HMAC-SHA256&X-Amz-Credential=AKIAQYCGKMUH5AO7UJ26%2F20260903%2Fus-east-1%2Fs3%2Faws4_request&X-Amz-Date=20260903T131719Z&X-Amz-Expires=9490&X-Amz-Signature=96128d57dfa96233055748b92ed87b64c99c9aac99a62ac1150495d63ac27b81&X-Amz-SignedHeaders=host%3Bx-amz-expected-bucket-owner&response-expires=Thu%2C%2003%20Sep%202026%2015%3A55%3A29%20GMT
AQUARIUS_CANCER	Tablet	Warm_Parchment	https://export-download.canva.com/PNz1U/DAHUJFPNz1U/-1/0/0003-3789167924116775250.jpg?X-Amz-Algorithm=AWS4-HMAC-SHA256&X-Amz-Credential=AKIAQYCGKMUH5AO7UJ26%2F20260903%2Fus-east-1%2Fs3%2Faws4_request&X-Amz-Date=20260903T103736Z&X-Amz-Expires=20150&X-Amz-Signature=57cb78e428ad2d12c86ac45c3711e35893fa5531a2bf3666d2bcd9fd78a9038d&X-Amz-SignedHeaders=host%3Bx-amz-expected-bucket-owner&response-expires=Thu%2C%2003%20Sep%202026%2016%3A13%3A26%20GMT
AQUARIUS_CAPRICORN	Tablet	Warm_Parchment	https://export-download.canva.com/PNz1U/DAHUJFPNz1U/-1/0/0004-3789167924116775250.jpg?X-Amz-Algorithm=AWS4-HMAC-SHA256&X-Amz-Credential=AKIAQYCGKMUH5AO7UJ26%2F20260903%2Fus-east-1%2Fs3%2Faws4_request&X-Amz-Date=20260903T120042Z&X-Amz-Expires=14856&X-Amz-Signature=466085c6878f39bdc3a7478d98123c6e095a9df71bb44538a1f3650e1556883c&X-Amz-SignedHeaders=host%3Bx-amz-expected-bucket-owner&response-expires=Thu%2C%2003%20Sep%202026%2016%3A08%3A18%20GMT
AQUARIUS_GEMINI	Tablet	Warm_Parchment	https://export-download.canva.com/PNz1U/DAHUJFPNz1U/-1/0/0005-3789167924116775250.jpg?X-Amz-Algorithm=AWS4-HMAC-SHA256&X-Amz-Credential=AKIAQYCGKMUH5AO7UJ26%2F20260903%2Fus-east-1%2Fs3%2Faws4_request&X-Amz-Date=20260903T140446Z&X-Amz-Expires=7712&X-Amz-Signature=47bbd5cd9170647d5f24ace8ff5acf7d506c698c1464a63992d34c66540ce5bb&X-Amz-SignedHeaders=host%3Bx-amz-expected-bucket-owner&response-expires=Thu%2C%2003%20Sep%202026%2016%3A13%3A18%20GMT
AQUARIUS_LEO	Tablet	Warm_Parchment	https://export-download.canva.com/PNz1U/DAHUJFPNz1U/-1/0/0006-3789167924116775250.jpg?X-Amz-Algorithm=AWS4-HMAC-SHA256&X-Amz-Credential=AKIAQYCGKMUH5AO7UJ26%2F20260903%2Fus-east-1%2Fs3%2Faws4_request&X-Amz-Date=20260903T092841Z&X-Amz-Expires=24609&X-Amz-Signature=27a32b3c25f899847d9c8b8183205c52083db8d12eedb3a089d02a9ce07137dc&X-Amz-SignedHeaders=host%3Bx-amz-expected-bucket-owner&response-expires=Thu%2C%2003%20Sep%202026%2016%3A18%3A50%20GMT
AQUARIUS_LIBRA	Tablet	Warm_Parchment	https://export-download.canva.com/PNz1U/DAHUJFPNz1U/-1/0/0007-3789167924116775250.jpg?X-Amz-Algorithm=AWS4-HMAC-SHA256&X-Amz-Credential=AKIAQYCGKMUH5AO7UJ26%2F20260903%2Fus-east-1%2Fs3%2Faws4_request&X-Amz-Date=20260903T120833Z&X-Amz-Expires=13359&X-Amz-Signature=2672e5a4d9583901b43ba91bc639f225f292b91dd062a690cd987491e8d03ee1&X-Amz-SignedHeaders=host%3Bx-amz-expected-bucket-owner&response-expires=Thu%2C%2003%20Sep%202026%2015%3A51%3A12%20GMT
AQUARIUS_PISCES	Tablet	Warm_Parchment	https://export-download.canva.com/PNz1U/DAHUJFPNz1U/-1/0/0008-3789167924116775250.jpg?X-Amz-Algorithm=AWS4-HMAC-SHA256&X-Amz-Credential=AKIAQYCGKMUH5AO7UJ26%2F20260902%2Fus-east-1%2Fs3%2Faws4_request&X-Amz-Date=20260902T143757Z&X-Amz-Expires=92461&X-Amz-Signature=6e554979d0dec2e8c0063c683e95f62da99270bff4abfdcb040e3c55d9e592b1&X-Amz-SignedHeaders=host%3Bx-amz-expected-bucket-owner&response-expires=Thu%2C%2003%20Sep%202026%2016%3A18%3A58%20GMT
AQUARIUS_SAGITTARIUS	Tablet	Warm_Parchment	https://export-download.canva.com/PNz1U/DAHUJFPNz1U/-1/0/0009-3789167924116775250.jpg?X-Amz-Algorithm=AWS4-HMAC-SHA256&X-Amz-Credential=AKIAQYCGKMUH5AO7UJ26%2F20260902%2Fus-east-1%2Fs3%2Faws4_request&X-Amz-Date=20260902T144404Z&X-Amz-Expires=89278&X-Amz-Signature=af5948f206c6edce20641a9ce80f48fb92e91b42b02d4a75a331dc9385996c76&X-Amz-SignedHeaders=host%3Bx-amz-expected-bucket-owner&response-expires=Thu%2C%2003%20Sep%202026%2015%3A32%3A02%20GMT
AQUARIUS_SCORPIO	Tablet	Warm_Parchment	https://export-download.canva.com/PNz1U/DAHUJFPNz1U/-1/0/0010-3789167924116775250.jpg?X-Amz-Algorithm=AWS4-HMAC-SHA256&X-Amz-Credential=AKIAQYCGKMUH5AO7UJ26%2F20260903%2Fus-east-1%2Fs3%2Faws4_request&X-Amz-Date=20260903T055203Z&X-Amz-Expires=35424&X-Amz-Signature=29ce137ca24fef3d1191fe06141b7289f116c2d1597f8c9d7b96caa60d30ddac&X-Amz-SignedHeaders=host%3Bx-amz-expected-bucket-owner&response-expires=Thu%2C%2003%20Sep%202026%2015%3A42%3A27%20GMT
AQUARIUS_TAURUS	Tablet	Warm_Parchment	https://export-download.canva.com/PNz1U/DAHUJFPNz1U/-1/0/0011-3789167924116775250.jpg?X-Amz-Algorithm=AWS4-HMAC-SHA256&X-Amz-Credential=AKIAQYCGKMUH5AO7UJ26%2F20260903%2Fus-east-1%2Fs3%2Faws4_request&X-Amz-Date=20260903T065232Z&X-Amz-Expires=34175&X-Amz-Signature=d270f77ea0e5f1c6341af64b7c21a04fbb3dcb8a03f4fe5664d2e8894d3b7960&X-Amz-SignedHeaders=host%3Bx-amz-expected-bucket-owner&response-expires=Thu%2C%2003%20Sep%202026%2016%3A22%3A07%20GMT
AQUARIUS_VIRGO	Tablet	Warm_Parchment	https://export-download.canva.com/PNz1U/DAHUJFPNz1U/-1/0/0012-3789167924116775250.jpg?X-Amz-Algorithm=AWS4-HMAC-SHA256&X-Amz-Credential=AKIAQYCGKMUH5AO7UJ26%2F20260903%2Fus-east-1%2Fs3%2Faws4_request&X-Amz-Date=20260903T131451Z&X-Amz-Expires=9688&X-Amz-Signature=9d51caccfc259995fa237b7d468b984a9d1519cab034075685d5c95bf423e7bc&X-Amz-SignedHeaders=host%3Bx-amz-expected-bucket-owner&response-expires=Thu%2C%2003%20Sep%202026%2015%3A56%3A19%20GMT
ARIES_ARIES	Tablet	Warm_Parchment	https://export-download.canva.com/PNz1U/DAHUJFPNz1U/-1/0/0013-3789167924116775250.jpg?X-Amz-Algorithm=AWS4-HMAC-SHA256&X-Amz-Credential=AKIAQYCGKMUH5AO7UJ26%2F20260903%2Fus-east-1%2Fs3%2Faws4_request&X-Amz-Date=20260903T080513Z&X-Amz-Expires=27361&X-Amz-Signature=b905aa262025517bf6d968f99d6de2eb96a9fc0a9b883c205e49a68002c52c10&X-Amz-SignedHeaders=host%3Bx-amz-expected-bucket-owner&response-expires=Thu%2C%2003%20Sep%202026%2015%3A41%3A14%20GMT
ARIES_CANCER	Tablet	Warm_Parchment	https://export-download.canva.com/PNz1U/DAHUJFPNz1U/-1/0/0014-3789167924116775250.jpg?X-Amz-Algorithm=AWS4-HMAC-SHA256&X-Amz-Credential=AKIAQYCGKMUH5AO7UJ26%2F20260902%2Fus-east-1%2Fs3%2Faws4_request&X-Amz-Date=20260902T164915Z&X-Amz-Expires=82327&X-Amz-Signature=0bacee2902f04e58d89010e8e89a3e9209b197ed8dced1568d78a93d69f8d60b&X-Amz-SignedHeaders=host%3Bx-amz-expected-bucket-owner&response-expires=Thu%2C%2003%20Sep%202026%2015%3A41%3A22%20GMT
ARIES_CAPRICORN	Tablet	Warm_Parchment	https://export-download.canva.com/PNz1U/DAHUJFPNz1U/-1/0/0015-3789167924116775250.jpg?X-Amz-Algorithm=AWS4-HMAC-SHA256&X-Amz-Credential=AKIAQYCGKMUH5AO7UJ26%2F20260903%2Fus-east-1%2Fs3%2Faws4_request&X-Amz-Date=20260903T112624Z&X-Amz-Expires=15626&X-Amz-Signature=31bbf56740e105c554e305e185f35609857a5082be9f747ed33b64eb978e16e9&X-Amz-SignedHeaders=host%3Bx-amz-expected-bucket-owner&response-expires=Thu%2C%2003%20Sep%202026%2015%3A46%3A50%20GMT
ARIES_GEMINI	Tablet	Warm_Parchment	https://export-download.canva.com/PNz1U/DAHUJFPNz1U/-1/0/0016-3789167924116775250.jpg?X-Amz-Algorithm=AWS4-HMAC-SHA256&X-Amz-Credential=AKIAQYCGKMUH5AO7UJ26%2F20260902%2Fus-east-1%2Fs3%2Faws4_request&X-Amz-Date=20260902T223858Z&X-Amz-Expires=62656&X-Amz-Signature=4bd029682c27e2ecf37786d657d35bb75a8b2b224f99a962bd5914ea47f1944c&X-Amz-SignedHeaders=host%3Bx-amz-expected-bucket-owner&response-expires=Thu%2C%2003%20Sep%202026%2016%3A03%3A14%20GMT
ARIES_LEO	Tablet	Warm_Parchment	https://export-download.canva.com/PNz1U/DAHUJFPNz1U/-1/0/0017-3789167924116775250.jpg?X-Amz-Algorithm=AWS4-HMAC-SHA256&X-Amz-Credential=AKIAQYCGKMUH5AO7UJ26%2F20260902%2Fus-east-1%2Fs3%2Faws4_request&X-Amz-Date=20260902T182523Z&X-Amz-Expires=76679&X-Amz-Signature=e1457355bd72e4c32e0fbb6a1fc4294e82576c08c4d4dca302230d509f1e58c0&X-Amz-SignedHeaders=host%3Bx-amz-expected-bucket-owner&response-expires=Thu%2C%2003%20Sep%202026%2015%3A43%3A22%20GMT
ARIES_LIBRA	Tablet	Warm_Parchment	https://export-download.canva.com/PNz1U/DAHUJFPNz1U/-1/0/0018-3789167924116775250.jpg?X-Amz-Algorithm=AWS4-HMAC-SHA256&X-Amz-Credential=AKIAQYCGKMUH5AO7UJ26%2F20260902%2Fus-east-1%2Fs3%2Faws4_request&X-Amz-Date=20260902T222616Z&X-Amz-Expires=62138&X-Amz-Signature=fb6acdf9c2217bdb562ea1f87a0aaba864ad9586c9f53a4378c8d1dd5c4c8c0f&X-Amz-SignedHeaders=host%3Bx-amz-expected-bucket-owner&response-expires=Thu%2C%2003%20Sep%202026%2015%3A41%3A54%20GMT
ARIES_PISCES	Tablet	Warm_Parchment	https://export-download.canva.com/PNz1U/DAHUJFPNz1U/-1/0/0019-3789167924116775250.jpg?X-Amz-Algorithm=AWS4-HMAC-SHA256&X-Amz-Credential=AKIAQYCGKMUH5AO7UJ26%2F20260902%2Fus-east-1%2Fs3%2Faws4_request&X-Amz-Date=20260902T181931Z&X-Amz-Expires=79532&X-Amz-Signature=6ed1e01959a9e06ac8d4caef02776bc6f88fd8a5b17765b59b02863c682673b5&X-Amz-SignedHeaders=host%3Bx-amz-expected-bucket-owner&response-expires=Thu%2C%2003%20Sep%202026%2016%3A25%3A03%20GMT
ARIES_SAGITTARIUS	Tablet	Warm_Parchment	https://export-download.canva.com/PNz1U/DAHUJFPNz1U/-1/0/0020-3789167924116775250.jpg?X-Amz-Algorithm=AWS4-HMAC-SHA256&X-Amz-Credential=AKIAQYCGKMUH5AO7UJ26%2F20260902%2Fus-east-1%2Fs3%2Faws4_request&X-Amz-Date=20260902T154054Z&X-Amz-Expires=87610&X-Amz-Signature=9bb6a23326998c20f3ae0c0eae4e58348d81f5579f909f45e8c98443e659730d&X-Amz-SignedHeaders=host%3Bx-amz-expected-bucket-owner&response-expires=Thu%2C%2003%20Sep%202026%2016%3A01%3A04%20GMT
ARIES_SCORPIO	Tablet	Warm_Parchment	https://export-download.canva.com/PNz1U/DAHUJFPNz1U/-1/0/0021-3789167924116775250.jpg?X-Amz-Algorithm=AWS4-HMAC-SHA256&X-Amz-Credential=AKIAQYCGKMUH5AO7UJ26%2F20260902%2Fus-east-1%2Fs3%2Faws4_request&X-Amz-Date=20260902T200636Z&X-Amz-Expires=70853&X-Amz-Signature=77f5910b32778c54db84ac379de4924eec939536bf24665ca2740460712c68e0&X-Amz-SignedHeaders=host%3Bx-amz-expected-bucket-owner&response-expires=Thu%2C%2003%20Sep%202026%2015%3A47%3A29%20GMT
ARIES_TAURUS	Tablet	Warm_Parchment	https://export-download.canva.com/PNz1U/DAHUJFPNz1U/-1/0/0022-3789167924116775250.jpg?X-Amz-Algorithm=AWS4-HMAC-SHA256&X-Amz-Credential=AKIAQYCGKMUH5AO7UJ26%2F20260903%2Fus-east-1%2Fs3%2Faws4_request&X-Amz-Date=20260903T112749Z&X-Amz-Expires=16360&X-Amz-Signature=2bff3a1a9c14c8774b824d4d3529f08193d0492eaa13163809f1e4eedb75cbe1&X-Amz-SignedHeaders=host%3Bx-amz-expected-bucket-owner&response-expires=Thu%2C%2003%20Sep%202026%2016%3A00%3A29%20GMT
ARIES_VIGRO	Tablet	Warm_Parchment	https://export-download.canva.com/PNz1U/DAHUJFPNz1U/-1/0/0023-3789167924116775250.jpg?X-Amz-Algorithm=AWS4-HMAC-SHA256&X-Amz-Credential=AKIAQYCGKMUH5AO7UJ26%2F20260903%2Fus-east-1%2Fs3%2Faws4_request&X-Amz-Date=20260903T083131Z&X-Amz-Expires=25201&X-Amz-Signature=044b075a3407bc87299cb50aa89b130dc48b1b89698a30eb8a53626330ada040&X-Amz-SignedHeaders=host%3Bx-amz-expected-bucket-owner&response-expires=Thu%2C%2003%20Sep%202026%2015%3A31%3A32%20GMT
CANCER_CANCER	Tablet	Warm_Parchment	https://export-download.canva.com/PNz1U/DAHUJFPNz1U/-1/0/0024-3789167924116775250.jpg?X-Amz-Algorithm=AWS4-HMAC-SHA256&X-Amz-Credential=AKIAQYCGKMUH5AO7UJ26%2F20260903%2Fus-east-1%2Fs3%2Faws4_request&X-Amz-Date=20260903T080651Z&X-Amz-Expires=29599&X-Amz-Signature=b8f7d37cafc4627a72bd7bd63d03baeab71ab455cb4413e170bbd5838ef6d721&X-Amz-SignedHeaders=host%3Bx-amz-expected-bucket-owner&response-expires=Thu%2C%2003%20Sep%202026%2016%3A20%3A10%20GMT
CANCER_CAPRICORN	Tablet	Warm_Parchment	https://export-download.canva.com/PNz1U/DAHUJFPNz1U/-1/0/0025-3789167924116775250.jpg?X-Amz-Algorithm=AWS4-HMAC-SHA256&X-Amz-Credential=AKIAQYCGKMUH5AO7UJ26%2F20260903%2Fus-east-1%2Fs3%2Faws4_request&X-Amz-Date=20260903T013620Z&X-Amz-Expires=52364&X-Amz-Signature=8c7678bada6422a4808031a1be61baa0433d791d20fd3a11b6a326bff907012b&X-Amz-SignedHeaders=host%3Bx-amz-expected-bucket-owner&response-expires=Thu%2C%2003%20Sep%202026%2016%3A09%3A04%20GMT
CANCER_GEMINI	Tablet	Warm_Parchment	https://export-download.canva.com/PNz1U/DAHUJFPNz1U/-1/0/0026-3789167924116775250.jpg?X-Amz-Algorithm=AWS4-HMAC-SHA256&X-Amz-Credential=AKIAQYCGKMUH5AO7UJ26%2F20260903%2Fus-east-1%2Fs3%2Faws4_request&X-Amz-Date=20260903T085832Z&X-Amz-Expires=23465&X-Amz-Signature=65b07e486d95314350469687a83a45c6eb032fa7140e93db47553504092ae152&X-Amz-SignedHeaders=host%3Bx-amz-expected-bucket-owner&response-expires=Thu%2C%2003%20Sep%202026%2015%3A29%3A37%20GMT
CANCER_LEO	Tablet	Warm_Parchment	https://export-download.canva.com/PNz1U/DAHUJFPNz1U/-1/0/0027-3789167924116775250.jpg?X-Amz-Algorithm=AWS4-HMAC-SHA256&X-Amz-Credential=AKIAQYCGKMUH5AO7UJ26%2F20260902%2Fus-east-1%2Fs3%2Faws4_request&X-Amz-Date=20260902T233609Z&X-Amz-Expires=59820&X-Amz-Signature=6fd5d61040e354c57914a6d6b50a6ff1ae925b4a2ad126acd275ba58387debbf&X-Amz-SignedHeaders=host%3Bx-amz-expected-bucket-owner&response-expires=Thu%2C%2003%20Sep%202026%2016%3A13%3A09%20GMT
CANCER_LIBRA	Tablet	Warm_Parchment	https://export-download.canva.com/PNz1U/DAHUJFPNz1U/-1/0/0028-3789167924116775250.jpg?X-Amz-Algorithm=AWS4-HMAC-SHA256&X-Amz-Credential=AKIAQYCGKMUH5AO7UJ26%2F20260902%2Fus-east-1%2Fs3%2Faws4_request&X-Amz-Date=20260902T162535Z&X-Amz-Expires=83745&X-Amz-Signature=a5d88b951c7164c0ffbf94aedf4cfcccd98e24981df5792bcfc70bad3087c395&X-Amz-SignedHeaders=host%3Bx-amz-expected-bucket-owner&response-expires=Thu%2C%2003%20Sep%202026%2015%3A41%3A20%20GMT
CANCER_PISCES	Tablet	Warm_Parchment	https://export-download.canva.com/PNz1U/DAHUJFPNz1U/-1/0/0029-3789167924116775250.jpg?X-Amz-Algorithm=AWS4-HMAC-SHA256&X-Amz-Credential=AKIAQYCGKMUH5AO7UJ26%2F20260903%2Fus-east-1%2Fs3%2Faws4_request&X-Amz-Date=20260903T001035Z&X-Amz-Expires=56109&X-Amz-Signature=fadd8913e9fca40fb2fc5b0c80340f4b1491453a4b118b749698143e0ecddb81&X-Amz-SignedHeaders=host%3Bx-amz-expected-bucket-owner&response-expires=Thu%2C%2003%20Sep%202026%2015%3A45%3A44%20GMT
CANCER_SAGITTARIUS	Tablet	Warm_Parchment	https://export-download.canva.com/PNz1U/DAHUJFPNz1U/-1/0/0030-3789167924116775250.jpg?X-Amz-Algorithm=AWS4-HMAC-SHA256&X-Amz-Credential=AKIAQYCGKMUH5AO7UJ26%2F20260902%2Fus-east-1%2Fs3%2Faws4_request&X-Amz-Date=20260902T172145Z&X-Amz-Expires=82343&X-Amz-Signature=44d3a9c0951ba892e9f1e32593dd960e40201f7657faf3817491cc89912548b6&X-Amz-SignedHeaders=host%3Bx-amz-expected-bucket-owner&response-expires=Thu%2C%2003%20Sep%202026%2016%3A14%3A08%20GMT
CANCER_SCORPIO	Tablet	Warm_Parchment	https://export-download.canva.com/PNz1U/DAHUJFPNz1U/-1/0/0031-3789167924116775250.jpg?X-Amz-Algorithm=AWS4-HMAC-SHA256&X-Amz-Credential=AKIAQYCGKMUH5AO7UJ26%2F20260903%2Fus-east-1%2Fs3%2Faws4_request&X-Amz-Date=20260903T011020Z&X-Amz-Expires=53840&X-Amz-Signature=cb99ddc0099d75f98b1a2793b44707c8ae1b43c80a985a09aebbc6a908199ffe&X-Amz-SignedHeaders=host%3Bx-amz-expected-bucket-owner&response-expires=Thu%2C%2003%20Sep%202026%2016%3A07%3A40%20GMT
CANCER_TAURUS	Tablet	Warm_Parchment	https://export-download.canva.com/PNz1U/DAHUJFPNz1U/-1/0/0032-3789167924116775250.jpg?X-Amz-Algorithm=AWS4-HMAC-SHA256&X-Amz-Credential=AKIAQYCGKMUH5AO7UJ26%2F20260902%2Fus-east-1%2Fs3%2Faws4_request&X-Amz-Date=20260902T173414Z&X-Amz-Expires=80788&X-Amz-Signature=9aa0532de416b3b9e57aedc1f3988adabd15dd1908cecee573e06f0edf8b71ae&X-Amz-SignedHeaders=host%3Bx-amz-expected-bucket-owner&response-expires=Thu%2C%2003%20Sep%202026%2016%3A00%3A42%20GMT
CANCER_VIRGO	Tablet	Warm_Parchment	https://export-download.canva.com/PNz1U/DAHUJFPNz1U/-1/0/0033-3789167924116775250.jpg?X-Amz-Algorithm=AWS4-HMAC-SHA256&X-Amz-Credential=AKIAQYCGKMUH5AO7UJ26%2F20260903%2Fus-east-1%2Fs3%2Faws4_request&X-Amz-Date=20260903T042747Z&X-Amz-Expires=41912&X-Amz-Signature=1e524773f66137bce25892c45b6fd6e308fccdaeb80f565d2316c1fc827b8de9&X-Amz-SignedHeaders=host%3Bx-amz-expected-bucket-owner&response-expires=Thu%2C%2003%20Sep%202026%2016%3A06%3A19%20GMT
CAPRICORN_CAPRICORN	Tablet	Warm_Parchment	https://export-download.canva.com/PNz1U/DAHUJFPNz1U/-1/0/0034-3789167924116775250.jpg?X-Amz-Algorithm=AWS4-HMAC-SHA256&X-Amz-Credential=AKIAQYCGKMUH5AO7UJ26%2F20260903%2Fus-east-1%2Fs3%2Faws4_request&X-Amz-Date=20260903T004646Z&X-Amz-Expires=54753&X-Amz-Signature=0d77d694a7dab5c953042142e325e3084cfce24d5692b48f9d9486c4a3d11a3b&X-Amz-SignedHeaders=host%3Bx-amz-expected-bucket-owner&response-expires=Thu%2C%2003%20Sep%202026%2015%3A59%3A19%20GMT
CAPRICORN_GEMINI	Tablet	Warm_Parchment	https://export-download.canva.com/PNz1U/DAHUJFPNz1U/-1/0/0035-3789167924116775250.jpg?X-Amz-Algorithm=AWS4-HMAC-SHA256&X-Amz-Credential=AKIAQYCGKMUH5AO7UJ26%2F20260903%2Fus-east-1%2Fs3%2Faws4_request&X-Amz-Date=20260903T090820Z&X-Amz-Expires=25458&X-Amz-Signature=a5f29c06d49f6a3457fb5c6c726332dbad3fe91228ccc93c9feecb99b4d959eb&X-Amz-SignedHeaders=host%3Bx-amz-expected-bucket-owner&response-expires=Thu%2C%2003%20Sep%202026%2016%3A12%3A38%20GMT
CAPRICORN_LEO	Tablet	Warm_Parchment	https://export-download.canva.com/PNz1U/DAHUJFPNz1U/-1/0/0036-3789167924116775250.jpg?X-Amz-Algorithm=AWS4-HMAC-SHA256&X-Amz-Credential=AKIAQYCGKMUH5AO7UJ26%2F20260903%2Fus-east-1%2Fs3%2Faws4_request&X-Amz-Date=20260903T063651Z&X-Amz-Expires=34666&X-Amz-Signature=ed2fb86c150deb8e5af8c67a8108ce63e68a1e18599a49f9381505f61d819a1d&X-Amz-SignedHeaders=host%3Bx-amz-expected-bucket-owner&response-expires=Thu%2C%2003%20Sep%202026%2016%3A14%3A37%20GMT
CAPRICORN_LIBRA	Tablet	Warm_Parchment	https://export-download.canva.com/PNz1U/DAHUJFPNz1U/-1/0/0037-3789167924116775250.jpg?X-Amz-Algorithm=AWS4-HMAC-SHA256&X-Amz-Credential=AKIAQYCGKMUH5AO7UJ26%2F20260903%2Fus-east-1%2Fs3%2Faws4_request&X-Amz-Date=20260903T031820Z&X-Amz-Expires=45392&X-Amz-Signature=ba76382274053cfe32eaf33f5876db27d12bf5ec7cf85311f56169c6dff5264c&X-Amz-SignedHeaders=host%3Bx-amz-expected-bucket-owner&response-expires=Thu%2C%2003%20Sep%202026%2015%3A54%3A52%20GMT
CAPRICORN_PISCES	Tablet	Warm_Parchment	https://export-download.canva.com/PNz1U/DAHUJFPNz1U/-1/0/0038-3789167924116775250.jpg?X-Amz-Algorithm=AWS4-HMAC-SHA256&X-Amz-Credential=AKIAQYCGKMUH5AO7UJ26%2F20260903%2Fus-east-1%2Fs3%2Faws4_request&X-Amz-Date=20260903T024705Z&X-Amz-Expires=47260&X-Amz-Signature=bad1b738739c151a18b9db9de4ef3e988c03efe173b6f7d565460812c16a5d35&X-Amz-SignedHeaders=host%3Bx-amz-expected-bucket-owner&response-expires=Thu%2C%2003%20Sep%202026%2015%3A54%3A45%20GMT
CAPRICORN_SAGITTARIUS	Tablet	Warm_Parchment	https://export-download.canva.com/PNz1U/DAHUJFPNz1U/-1/0/0039-3789167924116775250.jpg?X-Amz-Algorithm=AWS4-HMAC-SHA256&X-Amz-Credential=AKIAQYCGKMUH5AO7UJ26%2F20260903%2Fus-east-1%2Fs3%2Faws4_request&X-Amz-Date=20260903T142507Z&X-Amz-Expires=4809&X-Amz-Signature=92cd548a736908c22bd63002f5be321ad69a6511d25feed1b4c3a0cd86e4434a&X-Amz-SignedHeaders=host%3Bx-amz-expected-bucket-owner&response-expires=Thu%2C%2003%20Sep%202026%2015%3A45%3A16%20GMT
CAPRICORN_SCORPIO	Tablet	Warm_Parchment	https://export-download.canva.com/PNz1U/DAHUJFPNz1U/-1/0/0040-3789167924116775250.jpg?X-Amz-Algorithm=AWS4-HMAC-SHA256&X-Amz-Credential=AKIAQYCGKMUH5AO7UJ26%2F20260903%2Fus-east-1%2Fs3%2Faws4_request&X-Amz-Date=20260903T105106Z&X-Amz-Expires=17517&X-Amz-Signature=f66fd8e5d904d3ecb1f30fbe964d064131bc1d1942ed47d86b245e7097c782da&X-Amz-SignedHeaders=host%3Bx-amz-expected-bucket-owner&response-expires=Thu%2C%2003%20Sep%202026%2015%3A43%3A03%20GMT
CAPRICORN_TAURUS	Tablet	Warm_Parchment	https://export-download.canva.com/PNz1U/DAHUJFPNz1U/-1/0/0041-3789167924116775250.jpg?X-Amz-Algorithm=AWS4-HMAC-SHA256&X-Amz-Credential=AKIAQYCGKMUH5AO7UJ26%2F20260903%2Fus-east-1%2Fs3%2Faws4_request&X-Amz-Date=20260903T091924Z&X-Amz-Expires=24131&X-Amz-Signature=f11d771a60b33b5c7e1840e7a4926ff4eb7da5b31e7a97b77731f59ab7e35516&X-Amz-SignedHeaders=host%3Bx-amz-expected-bucket-owner&response-expires=Thu%2C%2003%20Sep%202026%2016%3A01%3A35%20GMT
CAPRICORN_VIRGO	Tablet	Warm_Parchment	https://export-download.canva.com/PNz1U/DAHUJFPNz1U/-1/0/0042-3789167924116775250.jpg?X-Amz-Algorithm=AWS4-HMAC-SHA256&X-Amz-Credential=AKIAQYCGKMUH5AO7UJ26%2F20260902%2Fus-east-1%2Fs3%2Faws4_request&X-Amz-Date=20260902T224505Z&X-Amz-Expires=63011&X-Amz-Signature=698702a766bfeb89adaf7de9c30be605f3b2bf33e8e7f7e02896665ce15960ea&X-Amz-SignedHeaders=host%3Bx-amz-expected-bucket-owner&response-expires=Thu%2C%2003%20Sep%202026%2016%3A15%3A16%20GMT
GEMINI_GEMINI	Tablet	Warm_Parchment	https://export-download.canva.com/PNz1U/DAHUJFPNz1U/-1/0/0043-3789167924116775250.jpg?X-Amz-Algorithm=AWS4-HMAC-SHA256&X-Amz-Credential=AKIAQYCGKMUH5AO7UJ26%2F20260902%2Fus-east-1%2Fs3%2Faws4_request&X-Amz-Date=20260902T211024Z&X-Amz-Expires=68026&X-Amz-Signature=ae1ae9a0ee1f08d9796f19ba0ae9dba7fa6adcb0c549da796e5c80427584ce29&X-Amz-SignedHeaders=host%3Bx-amz-expected-bucket-owner&response-expires=Thu%2C%2003%20Sep%202026%2016%3A04%3A10%20GMT
GEMINI_LEO	Tablet	Warm_Parchment	https://export-download.canva.com/PNz1U/DAHUJFPNz1U/-1/0/0044-3789167924116775250.jpg?X-Amz-Algorithm=AWS4-HMAC-SHA256&X-Amz-Credential=AKIAQYCGKMUH5AO7UJ26%2F20260902%2Fus-east-1%2Fs3%2Faws4_request&X-Amz-Date=20260902T164548Z&X-Amz-Expires=84134&X-Amz-Signature=325512fc84dee34503223e41c1fd46b046b3a6438d99697b96a169f8a067d8e7&X-Amz-SignedHeaders=host%3Bx-amz-expected-bucket-owner&response-expires=Thu%2C%2003%20Sep%202026%2016%3A08%3A02%20GMT
GEMINI_LIBRA	Tablet	Warm_Parchment	https://export-download.canva.com/PNz1U/DAHUJFPNz1U/-1/0/0045-3789167924116775250.jpg?X-Amz-Algorithm=AWS4-HMAC-SHA256&X-Amz-Credential=AKIAQYCGKMUH5AO7UJ26%2F20260903%2Fus-east-1%2Fs3%2Faws4_request&X-Amz-Date=20260903T112841Z&X-Amz-Expires=16465&X-Amz-Signature=b1e105ed4e5d0f764099d1735579caea549032ec3d033ee65c108ac055fd9126&X-Amz-SignedHeaders=host%3Bx-amz-expected-bucket-owner&response-expires=Thu%2C%2003%20Sep%202026%2016%3A03%3A06%20GMT
GEMINI_PISCES	Tablet	Warm_Parchment	https://export-download.canva.com/PNz1U/DAHUJFPNz1U/-1/0/0046-3789167924116775250.jpg?X-Amz-Algorithm=AWS4-HMAC-SHA256&X-Amz-Credential=AKIAQYCGKMUH5AO7UJ26%2F20260903%2Fus-east-1%2Fs3%2Faws4_request&X-Amz-Date=20260903T064857Z&X-Amz-Expires=32952&X-Amz-Signature=879164910c9b38cd644d1bc4cc4ad6dd6556c579d6dcc487220203814e0737e2&X-Amz-SignedHeaders=host%3Bx-amz-expected-bucket-owner&response-expires=Thu%2C%2003%20Sep%202026%2015%3A58%3A09%20GMT
GEMINI_SAGITTARIUS	Tablet	Warm_Parchment	https://export-download.canva.com/PNz1U/DAHUJFPNz1U/-1/0/0047-3789167924116775250.jpg?X-Amz-Algorithm=AWS4-HMAC-SHA256&X-Amz-Credential=AKIAQYCGKMUH5AO7UJ26%2F20260903%2Fus-east-1%2Fs3%2Faws4_request&X-Amz-Date=20260903T030640Z&X-Amz-Expires=46691&X-Amz-Signature=0d5e8ca66fc04aee318da852a12852eba5c7bba74f18a9b92312147e9b0f455d&X-Amz-SignedHeaders=host%3Bx-amz-expected-bucket-owner&response-expires=Thu%2C%2003%20Sep%202026%2016%3A04%3A51%20GMT
GEMINI_SCORPIO	Tablet	Warm_Parchment	https://export-download.canva.com/PNz1U/DAHUJFPNz1U/-1/0/0048-3789167924116775250.jpg?X-Amz-Algorithm=AWS4-HMAC-SHA256&X-Amz-Credential=AKIAQYCGKMUH5AO7UJ26%2F20260902%2Fus-east-1%2Fs3%2Faws4_request&X-Amz-Date=20260902T155339Z&X-Amz-Expires=87084&X-Amz-Signature=0fc44551cb70110fdcb8437792e7e272a9324c46c278a57f09e2f4b17e41e6c5&X-Amz-SignedHeaders=host%3Bx-amz-expected-bucket-owner&response-expires=Thu%2C%2003%20Sep%202026%2016%3A05%3A03%20GMT
GEMINI_TAURUS	Tablet	Warm_Parchment	https://export-download.canva.com/PNz1U/DAHUJFPNz1U/-1/0/0049-3789167924116775250.jpg?X-Amz-Algorithm=AWS4-HMAC-SHA256&X-Amz-Credential=AKIAQYCGKMUH5AO7UJ26%2F20260902%2Fus-east-1%2Fs3%2Faws4_request&X-Amz-Date=20260902T174610Z&X-Amz-Expires=80611&X-Amz-Signature=9beede20d267af3b6ad38eec3f439a487f18d7470bceeaebd16843f43f6ba087&X-Amz-SignedHeaders=host%3Bx-amz-expected-bucket-owner&response-expires=Thu%2C%2003%20Sep%202026%2016%3A09%3A41%20GMT
GEMINI_VIRGO	Tablet	Warm_Parchment	https://export-download.canva.com/PNz1U/DAHUJFPNz1U/-1/0/0050-3789167924116775250.jpg?X-Amz-Algorithm=AWS4-HMAC-SHA256&X-Amz-Credential=AKIAQYCGKMUH5AO7UJ26%2F20260902%2Fus-east-1%2Fs3%2Faws4_request&X-Amz-Date=20260902T171656Z&X-Amz-Expires=82556&X-Amz-Signature=b56b6f5b71d77afddb588fee7c9411eddfd9a489f0b5f9ffa1cb9260b44ef78f&X-Amz-SignedHeaders=host%3Bx-amz-expected-bucket-owner&response-expires=Thu%2C%2003%20Sep%202026%2016%3A12%3A52%20GMT
LEO_LEO	Tablet	Warm_Parchment	https://export-download.canva.com/PNz1U/DAHUJFPNz1U/-1/0/0051-3789167924116775250.jpg?X-Amz-Algorithm=AWS4-HMAC-SHA256&X-Amz-Credential=AKIAQYCGKMUH5AO7UJ26%2F20260903%2Fus-east-1%2Fs3%2Faws4_request&X-Amz-Date=20260903T112302Z&X-Amz-Expires=14856&X-Amz-Signature=bdc824d992e3efa2c15e74eb5b2f180fca3ff1abfd3b07b2f2c49d2eef1e2a32&X-Amz-SignedHeaders=host%3Bx-amz-expected-bucket-owner&response-expires=Thu%2C%2003%20Sep%202026%2015%3A30%3A38%20GMT
LEO_LIBRA	Tablet	Warm_Parchment	https://export-download.canva.com/PNz1U/DAHUJFPNz1U/-1/0/0052-3789167924116775250.jpg?X-Amz-Algorithm=AWS4-HMAC-SHA256&X-Amz-Credential=AKIAQYCGKMUH5AO7UJ26%2F20260903%2Fus-east-1%2Fs3%2Faws4_request&X-Amz-Date=20260903T084606Z&X-Amz-Expires=25212&X-Amz-Signature=a76558aa97857394c07e16edaedd735a22a1349f29c991982a45a7e4061d1ba3&X-Amz-SignedHeaders=host%3Bx-amz-expected-bucket-owner&response-expires=Thu%2C%2003%20Sep%202026%2015%3A46%3A18%20GMT
LEO_PISCES	Tablet	Warm_Parchment	https://export-download.canva.com/PNz1U/DAHUJFPNz1U/-1/0/0053-3789167924116775250.jpg?X-Amz-Algorithm=AWS4-HMAC-SHA256&X-Amz-Credential=AKIAQYCGKMUH5AO7UJ26%2F20260903%2Fus-east-1%2Fs3%2Faws4_request&X-Amz-Date=20260903T062141Z&X-Amz-Expires=35415&X-Amz-Signature=dcc6613cb87c21f8e376e78dbf7f8577e84b28fbdeeda06d32cb161938c0280e&X-Amz-SignedHeaders=host%3Bx-amz-expected-bucket-owner&response-expires=Thu%2C%2003%20Sep%202026%2016%3A11%3A56%20GMT
LEO_SAGITTARIUS	Tablet	Warm_Parchment	https://export-download.canva.com/PNz1U/DAHUJFPNz1U/-1/0/0054-3789167924116775250.jpg?X-Amz-Algorithm=AWS4-HMAC-SHA256&X-Amz-Credential=AKIAQYCGKMUH5AO7UJ26%2F20260902%2Fus-east-1%2Fs3%2Faws4_request&X-Amz-Date=20260902T230617Z&X-Amz-Expires=62261&X-Amz-Signature=8fed2b5353b858899731acb4ef682de4904512cc8d437d9b89e1487849640856&X-Amz-SignedHeaders=host%3Bx-amz-expected-bucket-owner&response-expires=Thu%2C%2003%20Sep%202026%2016%3A23%3A58%20GMT
LEO_SCORPIO	Tablet	Warm_Parchment	https://export-download.canva.com/PNz1U/DAHUJFPNz1U/-1/0/0055-3789167924116775250.jpg?X-Amz-Algorithm=AWS4-HMAC-SHA256&X-Amz-Credential=AKIAQYCGKMUH5AO7UJ26%2F20260903%2Fus-east-1%2Fs3%2Faws4_request&X-Amz-Date=20260903T130133Z&X-Amz-Expires=11885&X-Amz-Signature=f861fe0485d5fd169742a9d47b9281c2f0306940167e0a86ea7eb7290ae45836&X-Amz-SignedHeaders=host%3Bx-amz-expected-bucket-owner&response-expires=Thu%2C%2003%20Sep%202026%2016%3A19%3A38%20GMT
LEO_TAURUS	Tablet	Warm_Parchment	https://export-download.canva.com/PNz1U/DAHUJFPNz1U/-1/0/0056-3789167924116775250.jpg?X-Amz-Algorithm=AWS4-HMAC-SHA256&X-Amz-Credential=AKIAQYCGKMUH5AO7UJ26%2F20260903%2Fus-east-1%2Fs3%2Faws4_request&X-Amz-Date=20260903T105455Z&X-Amz-Expires=17775&X-Amz-Signature=0e02d6fec7ef0260506c40c957e7a4248349321d720815e115f7efe13c56773b&X-Amz-SignedHeaders=host%3Bx-amz-expected-bucket-owner&response-expires=Thu%2C%2003%20Sep%202026%2015%3A51%3A10%20GMT
LEO_VIRGO	Tablet	Warm_Parchment	https://export-download.canva.com/PNz1U/DAHUJFPNz1U/-1/0/0057-3789167924116775250.jpg?X-Amz-Algorithm=AWS4-HMAC-SHA256&X-Amz-Credential=AKIAQYCGKMUH5AO7UJ26%2F20260903%2Fus-east-1%2Fs3%2Faws4_request&X-Amz-Date=20260903T034958Z&X-Amz-Expires=44236&X-Amz-Signature=0cd5a0e29772fa1d5e6149f88a2967036f498cfebe8417a0ce978b4f52e169f7&X-Amz-SignedHeaders=host%3Bx-amz-expected-bucket-owner&response-expires=Thu%2C%2003%20Sep%202026%2016%3A07%3A14%20GMT
LIBRA_LIBRA	Tablet	Warm_Parchment	https://export-download.canva.com/PNz1U/DAHUJFPNz1U/-1/0/0058-3789167924116775250.jpg?X-Amz-Algorithm=AWS4-HMAC-SHA256&X-Amz-Credential=AKIAQYCGKMUH5AO7UJ26%2F20260903%2Fus-east-1%2Fs3%2Faws4_request&X-Amz-Date=20260903T102125Z&X-Amz-Expires=20334&X-Amz-Signature=026f967064bbae4fd83ee1b4487076517fb60376c58780177508fdc34410a8cb&X-Amz-SignedHeaders=host%3Bx-amz-expected-bucket-owner&response-expires=Thu%2C%2003%20Sep%202026%2016%3A00%3A19%20GMT
LIBRA_PISCES	Tablet	Warm_Parchment	https://export-download.canva.com/PNz1U/DAHUJFPNz1U/-1/0/0059-3789167924116775250.jpg?X-Amz-Algorithm=AWS4-HMAC-SHA256&X-Amz-Credential=AKIAQYCGKMUH5AO7UJ26%2F20260903%2Fus-east-1%2Fs3%2Faws4_request&X-Amz-Date=20260903T122509Z&X-Amz-Expires=12088&X-Amz-Signature=dde66feb060e0e31b7d5239f111facc0abce2e46fd83ad5e76be3e1012e65803&X-Amz-SignedHeaders=host%3Bx-amz-expected-bucket-owner&response-expires=Thu%2C%2003%20Sep%202026%2015%3A46%3A37%20GMT
LIBRA_SAGITTARIUS	Tablet	Warm_Parchment	https://export-download.canva.com/PNz1U/DAHUJFPNz1U/-1/0/0060-3789167924116775250.jpg?X-Amz-Algorithm=AWS4-HMAC-SHA256&X-Amz-Credential=AKIAQYCGKMUH5AO7UJ26%2F20260903%2Fus-east-1%2Fs3%2Faws4_request&X-Amz-Date=20260903T062713Z&X-Amz-Expires=32567&X-Amz-Signature=b4ff51e2bf06a2389c65687628aa1397fd379f3284263673e5984977560cc958&X-Amz-SignedHeaders=host%3Bx-amz-expected-bucket-owner&response-expires=Thu%2C%2003%20Sep%202026%2015%3A30%3A00%20GMT
LIBRA_SCORPIO	Tablet	Warm_Parchment	https://export-download.canva.com/PNz1U/DAHUJFPNz1U/-1/0/0061-3789167924116775250.jpg?X-Amz-Algorithm=AWS4-HMAC-SHA256&X-Amz-Credential=AKIAQYCGKMUH5AO7UJ26%2F20260902%2Fus-east-1%2Fs3%2Faws4_request&X-Amz-Date=20260902T205143Z&X-Amz-Expires=69087&X-Amz-Signature=0e8f35736fbb45ec904f6924597352261a2b3a32c059a545d8091e5eea7dec96&X-Amz-SignedHeaders=host%3Bx-amz-expected-bucket-owner&response-expires=Thu%2C%2003%20Sep%202026%2016%3A03%3A10%20GMT
LIBRA_TAURUS	Tablet	Warm_Parchment	https://export-download.canva.com/PNz1U/DAHUJFPNz1U/-1/0/0062-3789167924116775250.jpg?X-Amz-Algorithm=AWS4-HMAC-SHA256&X-Amz-Credential=AKIAQYCGKMUH5AO7UJ26%2F20260903%2Fus-east-1%2Fs3%2Faws4_request&X-Amz-Date=20260903T071643Z&X-Amz-Expires=29566&X-Amz-Signature=84e0befd98f6fde4d9824c3ebb806b34c93963294bd6f11aa1b38ef7eef32c2b&X-Amz-SignedHeaders=host%3Bx-amz-expected-bucket-owner&response-expires=Thu%2C%2003%20Sep%202026%2015%3A29%3A29%20GMT
LIBRA_VIRGO	Tablet	Warm_Parchment	https://export-download.canva.com/PNz1U/DAHUJFPNz1U/-1/0/0063-3789167924116775250.jpg?X-Amz-Algorithm=AWS4-HMAC-SHA256&X-Amz-Credential=AKIAQYCGKMUH5AO7UJ26%2F20260903%2Fus-east-1%2Fs3%2Faws4_request&X-Amz-Date=20260903T041708Z&X-Amz-Expires=42242&X-Amz-Signature=43340d6913a2328cbeaa1d49d917756c41108833ee8d74a14211aa1936088418&X-Amz-SignedHeaders=host%3Bx-amz-expected-bucket-owner&response-expires=Thu%2C%2003%20Sep%202026%2016%3A01%3A10%20GMT
PISCES_PISCES	Tablet	Warm_Parchment	https://export-download.canva.com/PNz1U/DAHUJFPNz1U/-1/0/0064-3789167924116775250.jpg?X-Amz-Algorithm=AWS4-HMAC-SHA256&X-Amz-Credential=AKIAQYCGKMUH5AO7UJ26%2F20260903%2Fus-east-1%2Fs3%2Faws4_request&X-Amz-Date=20260903T073043Z&X-Amz-Expires=32042&X-Amz-Signature=f857b562bac6ad20ebccad21bf623329346dbc008e4de2a3005fc0edb6a976a5&X-Amz-SignedHeaders=host%3Bx-amz-expected-bucket-owner&response-expires=Thu%2C%2003%20Sep%202026%2016%3A24%3A45%20GMT
PISCES_SAGITTARIUS	Tablet	Warm_Parchment	https://export-download.canva.com/PNz1U/DAHUJFPNz1U/-1/0/0065-3789167924116775250.jpg?X-Amz-Algorithm=AWS4-HMAC-SHA256&X-Amz-Credential=AKIAQYCGKMUH5AO7UJ26%2F20260903%2Fus-east-1%2Fs3%2Faws4_request&X-Amz-Date=20260903T120613Z&X-Amz-Expires=12028&X-Amz-Signature=fb3044f9eb90e1b45537d74f743bd48b4d2d7cf9de140ad6d3e656959a0fc071&X-Amz-SignedHeaders=host%3Bx-amz-expected-bucket-owner&response-expires=Thu%2C%2003%20Sep%202026%2015%3A26%3A41%20GMT
PISCES_SCORPIO	Tablet	Warm_Parchment	https://export-download.canva.com/PNz1U/DAHUJFPNz1U/-1/0/0066-3789167924116775250.jpg?X-Amz-Algorithm=AWS4-HMAC-SHA256&X-Amz-Credential=AKIAQYCGKMUH5AO7UJ26%2F20260902%2Fus-east-1%2Fs3%2Faws4_request&X-Amz-Date=20260902T183945Z&X-Amz-Expires=77669&X-Amz-Signature=97356704051ee7d76c18f73669d4ac50fb57186166d3ebcb4720f3d23304d3c2&X-Amz-SignedHeaders=host%3Bx-amz-expected-bucket-owner&response-expires=Thu%2C%2003%20Sep%202026%2016%3A14%3A14%20GMT
PISCES_TAURUS	Tablet	Warm_Parchment	https://export-download.canva.com/PNz1U/DAHUJFPNz1U/-1/0/0067-3789167924116775250.jpg?X-Amz-Algorithm=AWS4-HMAC-SHA256&X-Amz-Credential=AKIAQYCGKMUH5AO7UJ26%2F20260902%2Fus-east-1%2Fs3%2Faws4_request&X-Amz-Date=20260902T175740Z&X-Amz-Expires=80887&X-Amz-Signature=022a7b73bac08d36e9935c57fa8bfc0429aeadc709b778ff41ecc5eeadfd7043&X-Amz-SignedHeaders=host%3Bx-amz-expected-bucket-owner&response-expires=Thu%2C%2003%20Sep%202026%2016%3A25%3A47%20GMT
PISCES_VIRGO	Tablet	Warm_Parchment	https://export-download.canva.com/PNz1U/DAHUJFPNz1U/-1/0/0068-3789167924116775250.jpg?X-Amz-Algorithm=AWS4-HMAC-SHA256&X-Amz-Credential=AKIAQYCGKMUH5AO7UJ26%2F20260903%2Fus-east-1%2Fs3%2Faws4_request&X-Amz-Date=20260903T081926Z&X-Amz-Expires=26476&X-Amz-Signature=92e32ee5f75dfa2281d080b88f2fab978f782b1acbc37828ef69afa96571ed91&X-Amz-SignedHeaders=host%3Bx-amz-expected-bucket-owner&response-expires=Thu%2C%2003%20Sep%202026%2015%3A40%3A42%20GMT
SAGITTARIUS_SAGITTARIUS	Tablet	Warm_Parchment	https://export-download.canva.com/PNz1U/DAHUJFPNz1U/-1/0/0069-3789167924116775250.jpg?X-Amz-Algorithm=AWS4-HMAC-SHA256&X-Amz-Credential=AKIAQYCGKMUH5AO7UJ26%2F20260903%2Fus-east-1%2Fs3%2Faws4_request&X-Amz-Date=20260903T024846Z&X-Amz-Expires=48732&X-Amz-Signature=be594174b8f0e54df1c628dd0e0e1de54507e5cfc8fbcb206632176bfc1d0b6b&X-Amz-SignedHeaders=host%3Bx-amz-expected-bucket-owner&response-expires=Thu%2C%2003%20Sep%202026%2016%3A20%3A58%20GMT
SAGITTARIUS_SCORPIO	Tablet	Warm_Parchment	https://export-download.canva.com/PNz1U/DAHUJFPNz1U/-1/0/0070-3789167924116775250.jpg?X-Amz-Algorithm=AWS4-HMAC-SHA256&X-Amz-Credential=AKIAQYCGKMUH5AO7UJ26%2F20260903%2Fus-east-1%2Fs3%2Faws4_request&X-Amz-Date=20260903T133821Z&X-Amz-Expires=6545&X-Amz-Signature=842fa463e68da5471227160e25447bc910bcc6b9d2cf819301335a1c210531a4&X-Amz-SignedHeaders=host%3Bx-amz-expected-bucket-owner&response-expires=Thu%2C%2003%20Sep%202026%2015%3A27%3A26%20GMT
SAGITTARIUS_TAURUS	Tablet	Warm_Parchment	https://export-download.canva.com/PNz1U/DAHUJFPNz1U/-1/0/0071-3789167924116775250.jpg?X-Amz-Algorithm=AWS4-HMAC-SHA256&X-Amz-Credential=AKIAQYCGKMUH5AO7UJ26%2F20260903%2Fus-east-1%2Fs3%2Faws4_request&X-Amz-Date=20260903T002443Z&X-Amz-Expires=57392&X-Amz-Signature=892a00ea3620602a018d3a74a21e15d24e2b09347f62ec3d60459026f2d1a50e&X-Amz-SignedHeaders=host%3Bx-amz-expected-bucket-owner&response-expires=Thu%2C%2003%20Sep%202026%2016%3A21%3A15%20GMT
SAGITTARIUS_VIRGO	Tablet	Warm_Parchment	https://export-download.canva.com/PNz1U/DAHUJFPNz1U/-1/0/0072-3789167924116775250.jpg?X-Amz-Algorithm=AWS4-HMAC-SHA256&X-Amz-Credential=AKIAQYCGKMUH5AO7UJ26%2F20260903%2Fus-east-1%2Fs3%2Faws4_request&X-Amz-Date=20260903T062648Z&X-Amz-Expires=32517&X-Amz-Signature=e2bf23275f906ce866fe09887a5a08027ba8dd21787fd37c43f9a497bd0ada5e&X-Amz-SignedHeaders=host%3Bx-amz-expected-bucket-owner&response-expires=Thu%2C%2003%20Sep%202026%2015%3A28%3A45%20GMT
SCORPIO_SCORPIO	Tablet	Warm_Parchment	https://export-download.canva.com/PNz1U/DAHUJFPNz1U/-1/0/0073-3789167924116775250.jpg?X-Amz-Algorithm=AWS4-HMAC-SHA256&X-Amz-Credential=AKIAQYCGKMUH5AO7UJ26%2F20260903%2Fus-east-1%2Fs3%2Faws4_request&X-Amz-Date=20260903T111142Z&X-Amz-Expires=18401&X-Amz-Signature=15c39c4ed0b889ac314e9ca4b26fab93433f6b8f83640be1903e5796d63a0ffe&X-Amz-SignedHeaders=host%3Bx-amz-expected-bucket-owner&response-expires=Thu%2C%2003%20Sep%202026%2016%3A18%3A23%20GMT
SCORPIO_TAURUS	Tablet	Warm_Parchment	https://export-download.canva.com/PNz1U/DAHUJFPNz1U/-1/0/0074-3789167924116775250.jpg?X-Amz-Algorithm=AWS4-HMAC-SHA256&X-Amz-Credential=AKIAQYCGKMUH5AO7UJ26%2F20260902%2Fus-east-1%2Fs3%2Faws4_request&X-Amz-Date=20260902T150642Z&X-Amz-Expires=90764&X-Amz-Signature=a5ed3ca42301d61864b62f37b074b5738198219ff3388213b6fdc8913644cecf&X-Amz-SignedHeaders=host%3Bx-amz-expected-bucket-owner&response-expires=Thu%2C%2003%20Sep%202026%2016%3A19%3A26%20GMT
SCORPIO_VIRGO	Tablet	Warm_Parchment	https://export-download.canva.com/PNz1U/DAHUJFPNz1U/-1/0/0075-3789167924116775250.jpg?X-Amz-Algorithm=AWS4-HMAC-SHA256&X-Amz-Credential=AKIAQYCGKMUH5AO7UJ26%2F20260903%2Fus-east-1%2Fs3%2Faws4_request&X-Amz-Date=20260903T043937Z&X-Amz-Expires=40849&X-Amz-Signature=7ada1f398ba79a4d51f04ad2194a73cf8e1d906bdfcc211b697c157e05a5054e&X-Amz-SignedHeaders=host%3Bx-amz-expected-bucket-owner&response-expires=Thu%2C%2003%20Sep%202026%2016%3A00%3A26%20GMT
TAURUS_TAURUS	Tablet	Warm_Parchment	https://export-download.canva.com/PNz1U/DAHUJFPNz1U/-1/0/0076-3789167924116775250.jpg?X-Amz-Algorithm=AWS4-HMAC-SHA256&X-Amz-Credential=AKIAQYCGKMUH5AO7UJ26%2F20260902%2Fus-east-1%2Fs3%2Faws4_request&X-Amz-Date=20260902T231113Z&X-Amz-Expires=60068&X-Amz-Signature=0c072b3a23e33c33da37d618969c272ef1009fea039217d667d5bacc04f6232d&X-Amz-SignedHeaders=host%3Bx-amz-expected-bucket-owner&response-expires=Thu%2C%2003%20Sep%202026%2015%3A52%3A21%20GMT
TAURUS_VIRGO	Tablet	Warm_Parchment	https://export-download.canva.com/PNz1U/DAHUJFPNz1U/-1/0/0077-3789167924116775250.jpg?X-Amz-Algorithm=AWS4-HMAC-SHA256&X-Amz-Credential=AKIAQYCGKMUH5AO7UJ26%2F20260903%2Fus-east-1%2Fs3%2Faws4_request&X-Amz-Date=20260903T120317Z&X-Amz-Expires=13302&X-Amz-Signature=f36984b7d1a1378fbb6de08e8b15f65e5b7518262901066357862eba22fca7b7&X-Amz-SignedHeaders=host%3Bx-amz-expected-bucket-owner&response-expires=Thu%2C%2003%20Sep%202026%2015%3A44%3A59%20GMT
VIRGO_VIRGO	Tablet	Warm_Parchment	https://export-download.canva.com/PNz1U/DAHUJFPNz1U/-1/0/0078-3789167924116775250.jpg?X-Amz-Algorithm=AWS4-HMAC-SHA256&X-Amz-Credential=AKIAQYCGKMUH5AO7UJ26%2F20260902%2Fus-east-1%2Fs3%2Faws4_request&X-Amz-Date=20260902T183114Z&X-Amz-Expires=78651&X-Amz-Signature=979034db0af49327cfbb0c326d07499c4ef6868d471b7529739fbad8317439f5&X-Amz-SignedHeaders=host%3Bx-amz-expected-bucket-owner&response-expires=Thu%2C%2003%20Sep%202026%2016%3A22%3A05%20GMT
AQUARIUS_AQUARIUS	Desktop	Warm_Parchment	https://export-download.canva.com/V8KIU/DAHUJHV8KIU/-1/0/0001-2952624293083359363.jpg?X-Amz-Algorithm=AWS4-HMAC-SHA256&X-Amz-Credential=AKIAQYCGKMUH5AO7UJ26%2F20260902%2Fus-east-1%2Fs3%2Faws4_request&X-Amz-Date=20260902T192343Z&X-Amz-Expires=75661&X-Amz-Signature=bf8c7c0db179071ccf8086c25b30f56059a4d143e18f6e705bcdde3fb40e6058&X-Amz-SignedHeaders=host%3Bx-amz-expected-bucket-owner&response-expires=Thu%2C%2003%20Sep%202026%2016%3A24%3A44%20GMT
AQUARIUS_ARIES	Desktop	Warm_Parchment	https://export-download.canva.com/V8KIU/DAHUJHV8KIU/-1/0/0002-2952624293083359363.jpg?X-Amz-Algorithm=AWS4-HMAC-SHA256&X-Amz-Credential=AKIAQYCGKMUH5AO7UJ26%2F20260902%2Fus-east-1%2Fs3%2Faws4_request&X-Amz-Date=20260902T172023Z&X-Amz-Expires=82154&X-Amz-Signature=cccfd25337eca319c4f0ddc8d205bcad25545c49ab8db729931d4f33520d5b43&X-Amz-SignedHeaders=host%3Bx-amz-expected-bucket-owner&response-expires=Thu%2C%2003%20Sep%202026%2016%3A09%3A37%20GMT
AQUARIUS_CANCER	Desktop	Warm_Parchment	https://export-download.canva.com/V8KIU/DAHUJHV8KIU/-1/0/0003-2952624293083359363.jpg?X-Amz-Algorithm=AWS4-HMAC-SHA256&X-Amz-Credential=AKIAQYCGKMUH5AO7UJ26%2F20260903%2Fus-east-1%2Fs3%2Faws4_request&X-Amz-Date=20260903T113520Z&X-Amz-Expires=16782&X-Amz-Signature=1acee69ec035726777dfaeebb78a2c95fa8dd5e00a9dd1e7c1ae6d62562febcf&X-Amz-SignedHeaders=host%3Bx-amz-expected-bucket-owner&response-expires=Thu%2C%2003%20Sep%202026%2016%3A15%3A02%20GMT
AQUARIUS_CAPRICORN	Desktop	Warm_Parchment	https://export-download.canva.com/V8KIU/DAHUJHV8KIU/-1/0/0004-2952624293083359363.jpg?X-Amz-Algorithm=AWS4-HMAC-SHA256&X-Amz-Credential=AKIAQYCGKMUH5AO7UJ26%2F20260902%2Fus-east-1%2Fs3%2Faws4_request&X-Amz-Date=20260902T234558Z&X-Amz-Expires=59252&X-Amz-Signature=a97b6012263b96d92370c8c3d1177bfd8c12fee16b02acb817e4a38b69ecb101&X-Amz-SignedHeaders=host%3Bx-amz-expected-bucket-owner&response-expires=Thu%2C%2003%20Sep%202026%2016%3A13%3A30%20GMT
AQUARIUS_GEMINI	Desktop	Warm_Parchment	https://export-download.canva.com/V8KIU/DAHUJHV8KIU/-1/0/0005-2952624293083359363.jpg?X-Amz-Algorithm=AWS4-HMAC-SHA256&X-Amz-Credential=AKIAQYCGKMUH5AO7UJ26%2F20260902%2Fus-east-1%2Fs3%2Faws4_request&X-Amz-Date=20260902T224019Z&X-Amz-Expires=62778&X-Amz-Signature=cc0dbb4e5c064c36eb912708fa0d321d5ba77b75eb33a4f717c2bf4e578f5cdb&X-Amz-SignedHeaders=host%3Bx-amz-expected-bucket-owner&response-expires=Thu%2C%2003%20Sep%202026%2016%3A06%3A37%20GMT
AQUARIUS_LEO	Desktop	Warm_Parchment	https://export-download.canva.com/V8KIU/DAHUJHV8KIU/-1/0/0006-2952624293083359363.jpg?X-Amz-Algorithm=AWS4-HMAC-SHA256&X-Amz-Credential=AKIAQYCGKMUH5AO7UJ26%2F20260903%2Fus-east-1%2Fs3%2Faws4_request&X-Amz-Date=20260903T050804Z&X-Amz-Expires=37405&X-Amz-Signature=299a6bd611564dd0a4cac4b3094fe199467c221c8a083a89e97ac453f2f29c26&X-Amz-SignedHeaders=host%3Bx-amz-expected-bucket-owner&response-expires=Thu%2C%2003%20Sep%202026%2015%3A31%3A29%20GMT
AQUARIUS_LIBRA	Desktop	Warm_Parchment	https://export-download.canva.com/V8KIU/DAHUJHV8KIU/-1/0/0007-2952624293083359363.jpg?X-Amz-Algorithm=AWS4-HMAC-SHA256&X-Amz-Credential=AKIAQYCGKMUH5AO7UJ26%2F20260902%2Fus-east-1%2Fs3%2Faws4_request&X-Amz-Date=20260902T192233Z&X-Amz-Expires=73104&X-Amz-Signature=2c3e855cece5ebd182b967e9d353a0e24dd93c64af8c60138d65f9911f9839aa&X-Amz-SignedHeaders=host%3Bx-amz-expected-bucket-owner&response-expires=Thu%2C%2003%20Sep%202026%2015%3A40%3A57%20GMT
AQUARIUS_PISCES	Desktop	Warm_Parchment	https://export-download.canva.com/V8KIU/DAHUJHV8KIU/-1/0/0008-2952624293083359363.jpg?X-Amz-Algorithm=AWS4-HMAC-SHA256&X-Amz-Credential=AKIAQYCGKMUH5AO7UJ26%2F20260903%2Fus-east-1%2Fs3%2Faws4_request&X-Amz-Date=20260903T135954Z&X-Amz-Expires=6677&X-Amz-Signature=13844c74289ea5906ba86fbce1fe2ac510efffc77a555a09ad61316d05222d03&X-Amz-SignedHeaders=host%3Bx-amz-expected-bucket-owner&response-expires=Thu%2C%2003%20Sep%202026%2015%3A51%3A11%20GMT
AQUARIUS_SAGITTARIUS	Desktop	Warm_Parchment	https://export-download.canva.com/V8KIU/DAHUJHV8KIU/-1/0/0009-2952624293083359363.jpg?X-Amz-Algorithm=AWS4-HMAC-SHA256&X-Amz-Credential=AKIAQYCGKMUH5AO7UJ26%2F20260903%2Fus-east-1%2Fs3%2Faws4_request&X-Amz-Date=20260903T101059Z&X-Amz-Expires=19904&X-Amz-Signature=6b1064739d8089b95a68e4e28c25e7ad64a895d6c45bf357935ab78197b51ff1&X-Amz-SignedHeaders=host%3Bx-amz-expected-bucket-owner&response-expires=Thu%2C%2003%20Sep%202026%2015%3A42%3A43%20GMT
AQUARIUS_SCORPIO	Desktop	Warm_Parchment	https://export-download.canva.com/V8KIU/DAHUJHV8KIU/-1/0/0010-2952624293083359363.jpg?X-Amz-Algorithm=AWS4-HMAC-SHA256&X-Amz-Credential=AKIAQYCGKMUH5AO7UJ26%2F20260903%2Fus-east-1%2Fs3%2Faws4_request&X-Amz-Date=20260903T125430Z&X-Amz-Expires=11439&X-Amz-Signature=03a6eb3ebf048108b38f144be5547e4c8d217ba60e830d5033ecc285c5e8ce87&X-Amz-SignedHeaders=host%3Bx-amz-expected-bucket-owner&response-expires=Thu%2C%2003%20Sep%202026%2016%3A05%3A09%20GMT
AQUARIUS_TAURUS	Desktop	Warm_Parchment	https://export-download.canva.com/V8KIU/DAHUJHV8KIU/-1/0/0011-2952624293083359363.jpg?X-Amz-Algorithm=AWS4-HMAC-SHA256&X-Amz-Credential=AKIAQYCGKMUH5AO7UJ26%2F20260902%2Fus-east-1%2Fs3%2Faws4_request&X-Amz-Date=20260902T173405Z&X-Amz-Expires=80962&X-Amz-Signature=e670a7caf573d5ff819dcd9f5177b835270c00ac9454ab054fefb4dafe3f05a6&X-Amz-SignedHeaders=host%3Bx-amz-expected-bucket-owner&response-expires=Thu%2C%2003%20Sep%202026%2016%3A03%3A27%20GMT
AQUARIUS_VIRGO	Desktop	Warm_Parchment	https://export-download.canva.com/V8KIU/DAHUJHV8KIU/-1/0/0012-2952624293083359363.jpg?X-Amz-Algorithm=AWS4-HMAC-SHA256&X-Amz-Credential=AKIAQYCGKMUH5AO7UJ26%2F20260902%2Fus-east-1%2Fs3%2Faws4_request&X-Amz-Date=20260902T235837Z&X-Amz-Expires=56221&X-Amz-Signature=dfdcd1b48a182ef0dc2e95675b9e3f33117e7295dc51f2dcbedc1c230dbdfc93&X-Amz-SignedHeaders=host%3Bx-amz-expected-bucket-owner&response-expires=Thu%2C%2003%20Sep%202026%2015%3A35%3A38%20GMT
ARIES_ARIES	Desktop	Warm_Parchment	https://export-download.canva.com/V8KIU/DAHUJHV8KIU/-1/0/0013-2952624293083359363.jpg?X-Amz-Algorithm=AWS4-HMAC-SHA256&X-Amz-Credential=AKIAQYCGKMUH5AO7UJ26%2F20260902%2Fus-east-1%2Fs3%2Faws4_request&X-Amz-Date=20260902T155928Z&X-Amz-Expires=85729&X-Amz-Signature=3a4c4914d9efa92b03b7ccc455b9ac4e2b18fcf50dfaad53cfe5cccae7306e10&X-Amz-SignedHeaders=host%3Bx-amz-expected-bucket-owner&response-expires=Thu%2C%2003%20Sep%202026%2015%3A48%3A17%20GMT
ARIES_CANCER	Desktop	Warm_Parchment	https://export-download.canva.com/V8KIU/DAHUJHV8KIU/-1/0/0014-2952624293083359363.jpg?X-Amz-Algorithm=AWS4-HMAC-SHA256&X-Amz-Credential=AKIAQYCGKMUH5AO7UJ26%2F20260903%2Fus-east-1%2Fs3%2Faws4_request&X-Amz-Date=20260903T052308Z&X-Amz-Expires=39584&X-Amz-Signature=25f842760a7cbe1ea6019ed037e95ed1d5bc88b0c6e6ee02cc10fb1fdddc4f54&X-Amz-SignedHeaders=host%3Bx-amz-expected-bucket-owner&response-expires=Thu%2C%2003%20Sep%202026%2016%3A22%3A52%20GMT
ARIES_CAPRICORN	Desktop	Warm_Parchment	https://export-download.canva.com/V8KIU/DAHUJHV8KIU/-1/0/0015-2952624293083359363.jpg?X-Amz-Algorithm=AWS4-HMAC-SHA256&X-Amz-Credential=AKIAQYCGKMUH5AO7UJ26%2F20260903%2Fus-east-1%2Fs3%2Faws4_request&X-Amz-Date=20260903T052127Z&X-Amz-Expires=38259&X-Amz-Signature=828ee940e0c29f259a1a12594543ea05e9855d03bf27badae0d8ea1dab5bd3e0&X-Amz-SignedHeaders=host%3Bx-amz-expected-bucket-owner&response-expires=Thu%2C%2003%20Sep%202026%2015%3A59%3A06%20GMT
ARIES_GEMINI	Desktop	Warm_Parchment	https://export-download.canva.com/V8KIU/DAHUJHV8KIU/-1/0/0016-2952624293083359363.jpg?X-Amz-Algorithm=AWS4-HMAC-SHA256&X-Amz-Credential=AKIAQYCGKMUH5AO7UJ26%2F20260903%2Fus-east-1%2Fs3%2Faws4_request&X-Amz-Date=20260903T105207Z&X-Amz-Expires=18722&X-Amz-Signature=b1b93f8ad85bc6dda22a12780765949955740057ed981963690071c4b6b3d1c3&X-Amz-SignedHeaders=host%3Bx-amz-expected-bucket-owner&response-expires=Thu%2C%2003%20Sep%202026%2016%3A04%3A09%20GMT
ARIES_LEO	Desktop	Warm_Parchment	https://export-download.canva.com/V8KIU/DAHUJHV8KIU/-1/0/0017-2952624293083359363.jpg?X-Amz-Algorithm=AWS4-HMAC-SHA256&X-Amz-Credential=AKIAQYCGKMUH5AO7UJ26%2F20260902%2Fus-east-1%2Fs3%2Faws4_request&X-Amz-Date=20260902T225137Z&X-Amz-Expires=62327&X-Amz-Signature=5518681a1474cc1d44a0b84eb628ddd9f5934d15c097f449fab4bb75525c3a1e&X-Amz-SignedHeaders=host%3Bx-amz-expected-bucket-owner&response-expires=Thu%2C%2003%20Sep%202026%2016%3A10%3A24%20GMT
ARIES_LIBRA	Desktop	Warm_Parchment	https://export-download.canva.com/V8KIU/DAHUJHV8KIU/-1/0/0018-2952624293083359363.jpg?X-Amz-Algorithm=AWS4-HMAC-SHA256&X-Amz-Credential=AKIAQYCGKMUH5AO7UJ26%2F20260902%2Fus-east-1%2Fs3%2Faws4_request&X-Amz-Date=20260902T161603Z&X-Amz-Expires=86845&X-Amz-Signature=1203b45f944bd1d76d0e7ae428cefbcddf6bd9b8826c5fadbca18e778dd3a998&X-Amz-SignedHeaders=host%3Bx-amz-expected-bucket-owner&response-expires=Thu%2C%2003%20Sep%202026%2016%3A23%3A28%20GMT
ARIES_PISCES	Desktop	Warm_Parchment	https://export-download.canva.com/V8KIU/DAHUJHV8KIU/-1/0/0019-2952624293083359363.jpg?X-Amz-Algorithm=AWS4-HMAC-SHA256&X-Amz-Credential=AKIAQYCGKMUH5AO7UJ26%2F20260902%2Fus-east-1%2Fs3%2Faws4_request&X-Amz-Date=20260902T222851Z&X-Amz-Expires=63151&X-Amz-Signature=c5736e82324fee7b0001c679b9bfa44166bf0655f7b49c2f352682633af37205&X-Amz-SignedHeaders=host%3Bx-amz-expected-bucket-owner&response-expires=Thu%2C%2003%20Sep%202026%2016%3A01%3A22%20GMT
ARIES_SAGITTARIUS	Desktop	Warm_Parchment	https://export-download.canva.com/V8KIU/DAHUJHV8KIU/-1/0/0020-2952624293083359363.jpg?X-Amz-Algorithm=AWS4-HMAC-SHA256&X-Amz-Credential=AKIAQYCGKMUH5AO7UJ26%2F20260902%2Fus-east-1%2Fs3%2Faws4_request&X-Amz-Date=20260902T190630Z&X-Amz-Expires=74377&X-Amz-Signature=bc2d327c02d119f3d15e6101f93de766f9a51bca4cfb4c403e1fe717d7c22976&X-Amz-SignedHeaders=host%3Bx-amz-expected-bucket-owner&response-expires=Thu%2C%2003%20Sep%202026%2015%3A46%3A07%20GMT
ARIES_SCORPIO	Desktop	Warm_Parchment	https://export-download.canva.com/V8KIU/DAHUJHV8KIU/-1/0/0021-2952624293083359363.jpg?X-Amz-Algorithm=AWS4-HMAC-SHA256&X-Amz-Credential=AKIAQYCGKMUH5AO7UJ26%2F20260902%2Fus-east-1%2Fs3%2Faws4_request&X-Amz-Date=20260902T233819Z&X-Amz-Expires=60457&X-Amz-Signature=9622dbd90d5de0c30281a1b431003d377e1bf4198726a8d982a239a3e61e0ae9&X-Amz-SignedHeaders=host%3Bx-amz-expected-bucket-owner&response-expires=Thu%2C%2003%20Sep%202026%2016%3A25%3A56%20GMT
ARIES_TAURUS	Desktop	Warm_Parchment	https://export-download.canva.com/V8KIU/DAHUJHV8KIU/-1/0/0022-2952624293083359363.jpg?X-Amz-Algorithm=AWS4-HMAC-SHA256&X-Amz-Credential=AKIAQYCGKMUH5AO7UJ26%2F20260903%2Fus-east-1%2Fs3%2Faws4_request&X-Amz-Date=20260903T061638Z&X-Amz-Expires=36220&X-Amz-Signature=37fa2170ea1b57ff9f91eda1d4e67bded678cd102fe48bf6210639114e2d7f0e&X-Amz-SignedHeaders=host%3Bx-amz-expected-bucket-owner&response-expires=Thu%2C%2003%20Sep%202026%2016%3A20%3A18%20GMT
ARIES_VIGRO	Desktop	Warm_Parchment	https://export-download.canva.com/V8KIU/DAHUJHV8KIU/-1/0/0023-2952624293083359363.jpg?X-Amz-Algorithm=AWS4-HMAC-SHA256&X-Amz-Credential=AKIAQYCGKMUH5AO7UJ26%2F20260903%2Fus-east-1%2Fs3%2Faws4_request&X-Amz-Date=20260903T063048Z&X-Amz-Expires=32409&X-Amz-Signature=1723e81a5fe51743171d6c57fb17b54d659deab9c754a0d66d5aaf976ea6482b&X-Amz-SignedHeaders=host%3Bx-amz-expected-bucket-owner&response-expires=Thu%2C%2003%20Sep%202026%2015%3A30%3A57%20GMT
CANCER_CANCER	Desktop	Warm_Parchment	https://export-download.canva.com/V8KIU/DAHUJHV8KIU/-1/0/0024-2952624293083359363.jpg?X-Amz-Algorithm=AWS4-HMAC-SHA256&X-Amz-Credential=AKIAQYCGKMUH5AO7UJ26%2F20260902%2Fus-east-1%2Fs3%2Faws4_request&X-Amz-Date=20260902T185925Z&X-Amz-Expires=74028&X-Amz-Signature=987590f3af8a65daa80dd68dbbc05166673079b3e7a07870a0a22cf087724f7f&X-Amz-SignedHeaders=host%3Bx-amz-expected-bucket-owner&response-expires=Thu%2C%2003%20Sep%202026%2015%3A33%3A13%20GMT
CANCER_CAPRICORN	Desktop	Warm_Parchment	https://export-download.canva.com/V8KIU/DAHUJHV8KIU/-1/0/0025-2952624293083359363.jpg?X-Amz-Algorithm=AWS4-HMAC-SHA256&X-Amz-Credential=AKIAQYCGKMUH5AO7UJ26%2F20260903%2Fus-east-1%2Fs3%2Faws4_request&X-Amz-Date=20260903T124121Z&X-Amz-Expires=10128&X-Amz-Signature=b010749f483b95e0ebca68b67a70ac6b8175c4c1df062527f0724c4cb4fb5095&X-Amz-SignedHeaders=host%3Bx-amz-expected-bucket-owner&response-expires=Thu%2C%2003%20Sep%202026%2015%3A30%3A09%20GMT
CANCER_GEMINI	Desktop	Warm_Parchment	https://export-download.canva.com/V8KIU/DAHUJHV8KIU/-1/0/0026-2952624293083359363.jpg?X-Amz-Algorithm=AWS4-HMAC-SHA256&X-Amz-Credential=AKIAQYCGKMUH5AO7UJ26%2F20260903%2Fus-east-1%2Fs3%2Faws4_request&X-Amz-Date=20260903T021934Z&X-Amz-Expires=47819&X-Amz-Signature=a8f881219a64c9c903f4110c9c997dfe8a2b27429c6bbb3b957a4de356ac6dd6&X-Amz-SignedHeaders=host%3Bx-amz-expected-bucket-owner&response-expires=Thu%2C%2003%20Sep%202026%2015%3A36%3A33%20GMT
CANCER_LEO	Desktop	Warm_Parchment	https://export-download.canva.com/V8KIU/DAHUJHV8KIU/-1/0/0027-2952624293083359363.jpg?X-Amz-Algorithm=AWS4-HMAC-SHA256&X-Amz-Credential=AKIAQYCGKMUH5AO7UJ26%2F20260903%2Fus-east-1%2Fs3%2Faws4_request&X-Amz-Date=20260903T063737Z&X-Amz-Expires=34630&X-Amz-Signature=7b8040b3461982336b677e94276734fd72c3a257a956304c454f57240295ba6c&X-Amz-SignedHeaders=host%3Bx-amz-expected-bucket-owner&response-expires=Thu%2C%2003%20Sep%202026%2016%3A14%3A47%20GMT
CANCER_LIBRA	Desktop	Warm_Parchment	https://export-download.canva.com/V8KIU/DAHUJHV8KIU/-1/0/0028-2952624293083359363.jpg?X-Amz-Algorithm=AWS4-HMAC-SHA256&X-Amz-Credential=AKIAQYCGKMUH5AO7UJ26%2F20260903%2Fus-east-1%2Fs3%2Faws4_request&X-Amz-Date=20260903T001708Z&X-Amz-Expires=55027&X-Amz-Signature=f2d8007520990d1445794658ec6a8475d470d7749c41067dc1d10ce05b2bcb4a&X-Amz-SignedHeaders=host%3Bx-amz-expected-bucket-owner&response-expires=Thu%2C%2003%20Sep%202026%2015%3A34%3A15%20GMT
CANCER_PISCES	Desktop	Warm_Parchment	https://export-download.canva.com/V8KIU/DAHUJHV8KIU/-1/0/0029-2952624293083359363.jpg?X-Amz-Algorithm=AWS4-HMAC-SHA256&X-Amz-Credential=AKIAQYCGKMUH5AO7UJ26%2F20260903%2Fus-east-1%2Fs3%2Faws4_request&X-Amz-Date=20260903T140040Z&X-Amz-Expires=8473&X-Amz-Signature=6816c8c324b5392ee791ba0e0cafa7b8b05e7809ea37a545019d94b6dbb0ba2b&X-Amz-SignedHeaders=host%3Bx-amz-expected-bucket-owner&response-expires=Thu%2C%2003%20Sep%202026%2016%3A21%3A53%20GMT
CANCER_SAGITTARIUS	Desktop	Warm_Parchment	https://export-download.canva.com/V8KIU/DAHUJHV8KIU/-1/0/0030-2952624293083359363.jpg?X-Amz-Algorithm=AWS4-HMAC-SHA256&X-Amz-Credential=AKIAQYCGKMUH5AO7UJ26%2F20260903%2Fus-east-1%2Fs3%2Faws4_request&X-Amz-Date=20260903T112425Z&X-Amz-Expires=14999&X-Amz-Signature=796afc36eb5232788cc7034f9089d3ea809a56d513a0661825ccf01ae04a27b0&X-Amz-SignedHeaders=host%3Bx-amz-expected-bucket-owner&response-expires=Thu%2C%2003%20Sep%202026%2015%3A34%3A24%20GMT
CANCER_SCORPIO	Desktop	Warm_Parchment	https://export-download.canva.com/V8KIU/DAHUJHV8KIU/-1/0/0031-2952624293083359363.jpg?X-Amz-Algorithm=AWS4-HMAC-SHA256&X-Amz-Credential=AKIAQYCGKMUH5AO7UJ26%2F20260903%2Fus-east-1%2Fs3%2Faws4_request&X-Amz-Date=20260903T075449Z&X-Amz-Expires=27106&X-Amz-Signature=4a56bca5ab016db5a7d95b42acdb976951253a533584011632eb7c3fd3c07fbd&X-Amz-SignedHeaders=host%3Bx-amz-expected-bucket-owner&response-expires=Thu%2C%2003%20Sep%202026%2015%3A26%3A35%20GMT
CANCER_TAURUS	Desktop	Warm_Parchment	https://export-download.canva.com/V8KIU/DAHUJHV8KIU/-1/0/0032-2952624293083359363.jpg?X-Amz-Algorithm=AWS4-HMAC-SHA256&X-Amz-Credential=AKIAQYCGKMUH5AO7UJ26%2F20260902%2Fus-east-1%2Fs3%2Faws4_request&X-Amz-Date=20260902T231157Z&X-Amz-Expires=60934&X-Amz-Signature=a00b6444e5eafdfc52a01901510380c8c8dbdb6bfcaa5635987e829fd9a06b85&X-Amz-SignedHeaders=host%3Bx-amz-expected-bucket-owner&response-expires=Thu%2C%2003%20Sep%202026%2016%3A07%3A31%20GMT
CANCER_VIRGO	Desktop	Warm_Parchment	https://export-download.canva.com/V8KIU/DAHUJHV8KIU/-1/0/0033-2952624293083359363.jpg?X-Amz-Algorithm=AWS4-HMAC-SHA256&X-Amz-Credential=AKIAQYCGKMUH5AO7UJ26%2F20260902%2Fus-east-1%2Fs3%2Faws4_request&X-Amz-Date=20260902T161956Z&X-Amz-Expires=86384&X-Amz-Signature=141a35d732981706738620f119756d7030244060bf358dc7a225de0d77767d09&X-Amz-SignedHeaders=host%3Bx-amz-expected-bucket-owner&response-expires=Thu%2C%2003%20Sep%202026%2016%3A19%3A40%20GMT
CAPRICORN_CAPRICORN	Desktop	Warm_Parchment	https://export-download.canva.com/V8KIU/DAHUJHV8KIU/-1/0/0034-2952624293083359363.jpg?X-Amz-Algorithm=AWS4-HMAC-SHA256&X-Amz-Credential=AKIAQYCGKMUH5AO7UJ26%2F20260903%2Fus-east-1%2Fs3%2Faws4_request&X-Amz-Date=20260903T015400Z&X-Amz-Expires=50808&X-Amz-Signature=a9dcd88976a0e5379198126c10c40b4b1a9a5ec618b073e847fa2cee94ddf80c&X-Amz-SignedHeaders=host%3Bx-amz-expected-bucket-owner&response-expires=Thu%2C%2003%20Sep%202026%2016%3A00%3A48%20GMT
CAPRICORN_GEMINI	Desktop	Warm_Parchment	https://export-download.canva.com/V8KIU/DAHUJHV8KIU/-1/0/0035-2952624293083359363.jpg?X-Amz-Algorithm=AWS4-HMAC-SHA256&X-Amz-Credential=AKIAQYCGKMUH5AO7UJ26%2F20260903%2Fus-east-1%2Fs3%2Faws4_request&X-Amz-Date=20260903T092239Z&X-Amz-Expires=24473&X-Amz-Signature=e5d924c278c8dd0c7b1f184c93791739b4f49dbebb8d4e61638b80c7403423d9&X-Amz-SignedHeaders=host%3Bx-amz-expected-bucket-owner&response-expires=Thu%2C%2003%20Sep%202026%2016%3A10%3A32%20GMT
CAPRICORN_LEO	Desktop	Warm_Parchment	https://export-download.canva.com/V8KIU/DAHUJHV8KIU/-1/0/0036-2952624293083359363.jpg?X-Amz-Algorithm=AWS4-HMAC-SHA256&X-Amz-Credential=AKIAQYCGKMUH5AO7UJ26%2F20260903%2Fus-east-1%2Fs3%2Faws4_request&X-Amz-Date=20260903T023053Z&X-Amz-Expires=47724&X-Amz-Signature=fefd8c5add9e082333f129bcab5094ce926ef30544430fc2a814f7584a8e31d7&X-Amz-SignedHeaders=host%3Bx-amz-expected-bucket-owner&response-expires=Thu%2C%2003%20Sep%202026%2015%3A46%3A17%20GMT
CAPRICORN_LIBRA	Desktop	Warm_Parchment	https://export-download.canva.com/V8KIU/DAHUJHV8KIU/-1/0/0037-2952624293083359363.jpg?X-Amz-Algorithm=AWS4-HMAC-SHA256&X-Amz-Credential=AKIAQYCGKMUH5AO7UJ26%2F20260902%2Fus-east-1%2Fs3%2Faws4_request&X-Amz-Date=20260902T212750Z&X-Amz-Expires=67285&X-Amz-Signature=d09dacf29e31660490df60d5e57172ea107fa289f9b556b2436b561df6891279&X-Amz-SignedHeaders=host%3Bx-amz-expected-bucket-owner&response-expires=Thu%2C%2003%20Sep%202026%2016%3A09%3A15%20GMT
CAPRICORN_PISCES	Desktop	Warm_Parchment	https://export-download.canva.com/V8KIU/DAHUJHV8KIU/-1/0/0038-2952624293083359363.jpg?X-Amz-Algorithm=AWS4-HMAC-SHA256&X-Amz-Credential=AKIAQYCGKMUH5AO7UJ26%2F20260902%2Fus-east-1%2Fs3%2Faws4_request&X-Amz-Date=20260902T174601Z&X-Amz-Expires=80905&X-Amz-Signature=926aa56e9088d85ae306d992dc4a501e511fb1c5771a09856d13128835e8a4b5&X-Amz-SignedHeaders=host%3Bx-amz-expected-bucket-owner&response-expires=Thu%2C%2003%20Sep%202026%2016%3A14%3A26%20GMT
CAPRICORN_SAGITTARIUS	Desktop	Warm_Parchment	https://export-download.canva.com/V8KIU/DAHUJHV8KIU/-1/0/0039-2952624293083359363.jpg?X-Amz-Algorithm=AWS4-HMAC-SHA256&X-Amz-Credential=AKIAQYCGKMUH5AO7UJ26%2F20260903%2Fus-east-1%2Fs3%2Faws4_request&X-Amz-Date=20260903T135252Z&X-Amz-Expires=7932&X-Amz-Signature=0cdb1237cddf4c1eb033b54bff04e8e7783658590ae67fad08cd416d12d02ae8&X-Amz-SignedHeaders=host%3Bx-amz-expected-bucket-owner&response-expires=Thu%2C%2003%20Sep%202026%2016%3A05%3A04%20GMT
CAPRICORN_SCORPIO	Desktop	Warm_Parchment	https://export-download.canva.com/V8KIU/DAHUJHV8KIU/-1/0/0040-2952624293083359363.jpg?X-Amz-Algorithm=AWS4-HMAC-SHA256&X-Amz-Credential=AKIAQYCGKMUH5AO7UJ26%2F20260902%2Fus-east-1%2Fs3%2Faws4_request&X-Amz-Date=20260902T200114Z&X-Amz-Expires=71726&X-Amz-Signature=c1f16df991e46e935c41f3297b57b8e90b5e295c490d03286b959e837c105a8a&X-Amz-SignedHeaders=host%3Bx-amz-expected-bucket-owner&response-expires=Thu%2C%2003%20Sep%202026%2015%3A56%3A40%20GMT
CAPRICORN_TAURUS	Desktop	Warm_Parchment	https://export-download.canva.com/V8KIU/DAHUJHV8KIU/-1/0/0041-2952624293083359363.jpg?X-Amz-Algorithm=AWS4-HMAC-SHA256&X-Amz-Credential=AKIAQYCGKMUH5AO7UJ26%2F20260902%2Fus-east-1%2Fs3%2Faws4_request&X-Amz-Date=20260902T211604Z&X-Amz-Expires=68180&X-Amz-Signature=1362768bad3d169bd7bb65c93e9c04a99c3b07e5cf5a109e35f434f63ac928d3&X-Amz-SignedHeaders=host%3Bx-amz-expected-bucket-owner&response-expires=Thu%2C%2003%20Sep%202026%2016%3A12%3A24%20GMT
CAPRICORN_VIRGO	Desktop	Warm_Parchment	https://export-download.canva.com/V8KIU/DAHUJHV8KIU/-1/0/0042-2952624293083359363.jpg?X-Amz-Algorithm=AWS4-HMAC-SHA256&X-Amz-Credential=AKIAQYCGKMUH5AO7UJ26%2F20260902%2Fus-east-1%2Fs3%2Faws4_request&X-Amz-Date=20260902T200120Z&X-Amz-Expires=70386&X-Amz-Signature=c71879e39e79721f61c9ff5e64e1abb88412734c96df045f4328df0caedc798c&X-Amz-SignedHeaders=host%3Bx-amz-expected-bucket-owner&response-expires=Thu%2C%2003%20Sep%202026%2015%3A34%3A26%20GMT
GEMINI_GEMINI	Desktop	Warm_Parchment	https://export-download.canva.com/V8KIU/DAHUJHV8KIU/-1/0/0043-2952624293083359363.jpg?X-Amz-Algorithm=AWS4-HMAC-SHA256&X-Amz-Credential=AKIAQYCGKMUH5AO7UJ26%2F20260903%2Fus-east-1%2Fs3%2Faws4_request&X-Amz-Date=20260903T044633Z&X-Amz-Expires=40672&X-Amz-Signature=c7ab3dc61b71b43e342d1058a2b25ef6ebb67e28e6997d78aa4aa3dd7f32d605&X-Amz-SignedHeaders=host%3Bx-amz-expected-bucket-owner&response-expires=Thu%2C%2003%20Sep%202026%2016%3A04%3A25%20GMT
GEMINI_LEO	Desktop	Warm_Parchment	https://export-download.canva.com/V8KIU/DAHUJHV8KIU/-1/0/0044-2952624293083359363.jpg?X-Amz-Algorithm=AWS4-HMAC-SHA256&X-Amz-Credential=AKIAQYCGKMUH5AO7UJ26%2F20260903%2Fus-east-1%2Fs3%2Faws4_request&X-Amz-Date=20260903T005716Z&X-Amz-Expires=55572&X-Amz-Signature=945f621332de1452f8c99af0042b06b0c9758046fcb74301aaa82ac3dd76e6a1&X-Amz-SignedHeaders=host%3Bx-amz-expected-bucket-owner&response-expires=Thu%2C%2003%20Sep%202026%2016%3A23%3A28%20GMT
GEMINI_LIBRA	Desktop	Warm_Parchment	https://export-download.canva.com/V8KIU/DAHUJHV8KIU/-1/0/0045-2952624293083359363.jpg?X-Amz-Algorithm=AWS4-HMAC-SHA256&X-Amz-Credential=AKIAQYCGKMUH5AO7UJ26%2F20260902%2Fus-east-1%2Fs3%2Faws4_request&X-Amz-Date=20260902T213113Z&X-Amz-Expires=66500&X-Amz-Signature=fff64d4e24e922b32bba9efcdf29fdba79cf8eafd611ab7a72dc8dbb1eaa348b&X-Amz-SignedHeaders=host%3Bx-amz-expected-bucket-owner&response-expires=Thu%2C%2003%20Sep%202026%2015%3A59%3A33%20GMT
GEMINI_PISCES	Desktop	Warm_Parchment	https://export-download.canva.com/V8KIU/DAHUJHV8KIU/-1/0/0046-2952624293083359363.jpg?X-Amz-Algorithm=AWS4-HMAC-SHA256&X-Amz-Credential=AKIAQYCGKMUH5AO7UJ26%2F20260903%2Fus-east-1%2Fs3%2Faws4_request&X-Amz-Date=20260903T082446Z&X-Amz-Expires=28053&X-Amz-Signature=3f9ef686291f5f88b378b669913dee63f6502cafa9259ae3dd36fc21a2391c26&X-Amz-SignedHeaders=host%3Bx-amz-expected-bucket-owner&response-expires=Thu%2C%2003%20Sep%202026%2016%3A12%3A19%20GMT
GEMINI_SAGITTARIUS	Desktop	Warm_Parchment	https://export-download.canva.com/V8KIU/DAHUJHV8KIU/-1/0/0047-2952624293083359363.jpg?X-Amz-Algorithm=AWS4-HMAC-SHA256&X-Amz-Credential=AKIAQYCGKMUH5AO7UJ26%2F20260903%2Fus-east-1%2Fs3%2Faws4_request&X-Amz-Date=20260903T011257Z&X-Amz-Expires=51395&X-Amz-Signature=6569b0d92a38b7abaae9ec36d8c66aba324b71a41bcb951c600069a1458b1da4&X-Amz-SignedHeaders=host%3Bx-amz-expected-bucket-owner&response-expires=Thu%2C%2003%20Sep%202026%2015%3A29%3A32%20GMT
GEMINI_SCORPIO	Desktop	Warm_Parchment	https://export-download.canva.com/V8KIU/DAHUJHV8KIU/-1/0/0048-2952624293083359363.jpg?X-Amz-Algorithm=AWS4-HMAC-SHA256&X-Amz-Credential=AKIAQYCGKMUH5AO7UJ26%2F20260902%2Fus-east-1%2Fs3%2Faws4_request&X-Amz-Date=20260902T212803Z&X-Amz-Expires=66172&X-Amz-Signature=357650a86380b790464e2cbfecef6c6c012811d5ef92c815969403b69e8054a0&X-Amz-SignedHeaders=host%3Bx-amz-expected-bucket-owner&response-expires=Thu%2C%2003%20Sep%202026%2015%3A50%3A55%20GMT
GEMINI_TAURUS	Desktop	Warm_Parchment	https://export-download.canva.com/V8KIU/DAHUJHV8KIU/-1/0/0049-2952624293083359363.jpg?X-Amz-Algorithm=AWS4-HMAC-SHA256&X-Amz-Credential=AKIAQYCGKMUH5AO7UJ26%2F20260903%2Fus-east-1%2Fs3%2Faws4_request&X-Amz-Date=20260903T130106Z&X-Amz-Expires=9522&X-Amz-Signature=d87f5a2af65a25917eefd26f4cce5dbc64f82a840f044100c22516dcee8a0e97&X-Amz-SignedHeaders=host%3Bx-amz-expected-bucket-owner&response-expires=Thu%2C%2003%20Sep%202026%2015%3A39%3A48%20GMT
GEMINI_VIRGO	Desktop	Warm_Parchment	https://export-download.canva.com/V8KIU/DAHUJHV8KIU/-1/0/0050-2952624293083359363.jpg?X-Amz-Algorithm=AWS4-HMAC-SHA256&X-Amz-Credential=AKIAQYCGKMUH5AO7UJ26%2F20260903%2Fus-east-1%2Fs3%2Faws4_request&X-Amz-Date=20260903T024421Z&X-Amz-Expires=46460&X-Amz-Signature=2fb0479f0eba0bfad7592664d0e764b27dc3cefee5acb3ce10fc27d2775cf38c&X-Amz-SignedHeaders=host%3Bx-amz-expected-bucket-owner&response-expires=Thu%2C%2003%20Sep%202026%2015%3A38%3A41%20GMT
LEO_LEO	Desktop	Warm_Parchment	https://export-download.canva.com/V8KIU/DAHUJHV8KIU/-1/0/0051-2952624293083359363.jpg?X-Amz-Algorithm=AWS4-HMAC-SHA256&X-Amz-Credential=AKIAQYCGKMUH5AO7UJ26%2F20260902%2Fus-east-1%2Fs3%2Faws4_request&X-Amz-Date=20260902T221214Z&X-Amz-Expires=63632&X-Amz-Signature=998c06251e66c4320f503caedbdb38c6ea932ee004d9be1aac626adaae544f7c&X-Amz-SignedHeaders=host%3Bx-amz-expected-bucket-owner&response-expires=Thu%2C%2003%20Sep%202026%2015%3A52%3A46%20GMT
LEO_LIBRA	Desktop	Warm_Parchment	https://export-download.canva.com/V8KIU/DAHUJHV8KIU/-1/0/0052-2952624293083359363.jpg?X-Amz-Algorithm=AWS4-HMAC-SHA256&X-Amz-Credential=AKIAQYCGKMUH5AO7UJ26%2F20260902%2Fus-east-1%2Fs3%2Faws4_request&X-Amz-Date=20260902T170949Z&X-Amz-Expires=80264&X-Amz-Signature=e0414c49e4182e8d316b07084d9ec7ba1f75f8aa1eb9b183b1681e846398e7bf&X-Amz-SignedHeaders=host%3Bx-amz-expected-bucket-owner&response-expires=Thu%2C%2003%20Sep%202026%2015%3A27%3A33%20GMT
LEO_PISCES	Desktop	Warm_Parchment	https://export-download.canva.com/V8KIU/DAHUJHV8KIU/-1/0/0053-2952624293083359363.jpg?X-Amz-Algorithm=AWS4-HMAC-SHA256&X-Amz-Credential=AKIAQYCGKMUH5AO7UJ26%2F20260903%2Fus-east-1%2Fs3%2Faws4_request&X-Amz-Date=20260903T053450Z&X-Amz-Expires=36239&X-Amz-Signature=fafef77ac4a9eae3749d536f24e45aa6b2acd8ccd2811fec7f339c5c3fffc91b&X-Amz-SignedHeaders=host%3Bx-amz-expected-bucket-owner&response-expires=Thu%2C%2003%20Sep%202026%2015%3A38%3A49%20GMT
LEO_SAGITTARIUS	Desktop	Warm_Parchment	https://export-download.canva.com/V8KIU/DAHUJHV8KIU/-1/0/0054-2952624293083359363.jpg?X-Amz-Algorithm=AWS4-HMAC-SHA256&X-Amz-Credential=AKIAQYCGKMUH5AO7UJ26%2F20260903%2Fus-east-1%2Fs3%2Faws4_request&X-Amz-Date=20260903T021625Z&X-Amz-Expires=49894&X-Amz-Signature=218215d6df9cae21e7e2ccaa186e7ebae5d6a1f3aa9177c5836cf91c7cda1480&X-Amz-SignedHeaders=host%3Bx-amz-expected-bucket-owner&response-expires=Thu%2C%2003%20Sep%202026%2016%3A07%3A59%20GMT
LEO_SCORPIO	Desktop	Warm_Parchment	https://export-download.canva.com/V8KIU/DAHUJHV8KIU/-1/0/0055-2952624293083359363.jpg?X-Amz-Algorithm=AWS4-HMAC-SHA256&X-Amz-Credential=AKIAQYCGKMUH5AO7UJ26%2F20260903%2Fus-east-1%2Fs3%2Faws4_request&X-Amz-Date=20260903T101116Z&X-Amz-Expires=19902&X-Amz-Signature=8492aa2d2e12a9d1629c783e2bd2a2ce2b19ca88550ffd64becb16c831214ca9&X-Amz-SignedHeaders=host%3Bx-amz-expected-bucket-owner&response-expires=Thu%2C%2003%20Sep%202026%2015%3A42%3A58%20GMT
LEO_TAURUS	Desktop	Warm_Parchment	https://export-download.canva.com/V8KIU/DAHUJHV8KIU/-1/0/0056-2952624293083359363.jpg?X-Amz-Algorithm=AWS4-HMAC-SHA256&X-Amz-Credential=AKIAQYCGKMUH5AO7UJ26%2F20260903%2Fus-east-1%2Fs3%2Faws4_request&X-Amz-Date=20260903T110203Z&X-Amz-Expires=18181&X-Amz-Signature=c49d8e88f591464df91924004e7e651f44352ab0e10ff2f49bafada66f84606c&X-Amz-SignedHeaders=host%3Bx-amz-expected-bucket-owner&response-expires=Thu%2C%2003%20Sep%202026%2016%3A05%3A04%20GMT
LEO_VIRGO	Desktop	Warm_Parchment	https://export-download.canva.com/V8KIU/DAHUJHV8KIU/-1/0/0057-2952624293083359363.jpg?X-Amz-Algorithm=AWS4-HMAC-SHA256&X-Amz-Credential=AKIAQYCGKMUH5AO7UJ26%2F20260903%2Fus-east-1%2Fs3%2Faws4_request&X-Amz-Date=20260903T074525Z&X-Amz-Expires=28958&X-Amz-Signature=60e5f335ea35633e3412fd9d3dcc5c987d69d6302d8f7eee981375fcd19db878&X-Amz-SignedHeaders=host%3Bx-amz-expected-bucket-owner&response-expires=Thu%2C%2003%20Sep%202026%2015%3A48%3A03%20GMT
LIBRA_LIBRA	Desktop	Warm_Parchment	https://export-download.canva.com/V8KIU/DAHUJHV8KIU/-1/0/0058-2952624293083359363.jpg?X-Amz-Algorithm=AWS4-HMAC-SHA256&X-Amz-Credential=AKIAQYCGKMUH5AO7UJ26%2F20260903%2Fus-east-1%2Fs3%2Faws4_request&X-Amz-Date=20260903T074826Z&X-Amz-Expires=28732&X-Amz-Signature=2350c69469090c13effd1b060ba40b4cc92a4e602ec81e96b3c410ac2ee0d923&X-Amz-SignedHeaders=host%3Bx-amz-expected-bucket-owner&response-expires=Thu%2C%2003%20Sep%202026%2015%3A47%3A18%20GMT
LIBRA_PISCES	Desktop	Warm_Parchment	https://export-download.canva.com/V8KIU/DAHUJHV8KIU/-1/0/0059-2952624293083359363.jpg?X-Amz-Algorithm=AWS4-HMAC-SHA256&X-Amz-Credential=AKIAQYCGKMUH5AO7UJ26%2F20260903%2Fus-east-1%2Fs3%2Faws4_request&X-Amz-Date=20260903T021844Z&X-Amz-Expires=47666&X-Amz-Signature=63332f145379e119eff1af07c67f0e1cf29ac38a962bbae89a8552c197a3cce5&X-Amz-SignedHeaders=host%3Bx-amz-expected-bucket-owner&response-expires=Thu%2C%2003%20Sep%202026%2015%3A33%3A10%20GMT
LIBRA_SAGITTARIUS	Desktop	Warm_Parchment	https://export-download.canva.com/V8KIU/DAHUJHV8KIU/-1/0/0060-2952624293083359363.jpg?X-Amz-Algorithm=AWS4-HMAC-SHA256&X-Amz-Credential=AKIAQYCGKMUH5AO7UJ26%2F20260903%2Fus-east-1%2Fs3%2Faws4_request&X-Amz-Date=20260903T111441Z&X-Amz-Expires=15712&X-Amz-Signature=0d2b8813f3a3b1a742db3c44407943a817c73f96fa7505808522a8c6ec537229&X-Amz-SignedHeaders=host%3Bx-amz-expected-bucket-owner&response-expires=Thu%2C%2003%20Sep%202026%2015%3A36%3A33%20GMT
LIBRA_SCORPIO	Desktop	Warm_Parchment	https://export-download.canva.com/V8KIU/DAHUJHV8KIU/-1/0/0061-2952624293083359363.jpg?X-Amz-Algorithm=AWS4-HMAC-SHA256&X-Amz-Credential=AKIAQYCGKMUH5AO7UJ26%2F20260902%2Fus-east-1%2Fs3%2Faws4_request&X-Amz-Date=20260902T145405Z&X-Amz-Expires=90102&X-Amz-Signature=91d46e7cfaf6006f60584a41937327b38671f19f9a9557364450f692da9aea09&X-Amz-SignedHeaders=host%3Bx-amz-expected-bucket-owner&response-expires=Thu%2C%2003%20Sep%202026%2015%3A55%3A47%20GMT
LIBRA_TAURUS	Desktop	Warm_Parchment	https://export-download.canva.com/V8KIU/DAHUJHV8KIU/-1/0/0062-2952624293083359363.jpg?X-Amz-Algorithm=AWS4-HMAC-SHA256&X-Amz-Credential=AKIAQYCGKMUH5AO7UJ26%2F20260902%2Fus-east-1%2Fs3%2Faws4_request&X-Amz-Date=20260902T190208Z&X-Amz-Expires=73855&X-Amz-Signature=a8735244787ba5b076f95616df242b3ea5e9ef3cb005a30a3ea9d8b6b735f491&X-Amz-SignedHeaders=host%3Bx-amz-expected-bucket-owner&response-expires=Thu%2C%2003%20Sep%202026%2015%3A33%3A03%20GMT
LIBRA_VIRGO	Desktop	Warm_Parchment	https://export-download.canva.com/V8KIU/DAHUJHV8KIU/-1/0/0063-2952624293083359363.jpg?X-Amz-Algorithm=AWS4-HMAC-SHA256&X-Amz-Credential=AKIAQYCGKMUH5AO7UJ26%2F20260903%2Fus-east-1%2Fs3%2Faws4_request&X-Amz-Date=20260903T005021Z&X-Amz-Expires=55674&X-Amz-Signature=1bdeba0432978f8df008d158a4f5082336bdde6f00dc2c6fe73fea25f8c0b682&X-Amz-SignedHeaders=host%3Bx-amz-expected-bucket-owner&response-expires=Thu%2C%2003%20Sep%202026%2016%3A18%3A15%20GMT
PISCES_PISCES	Desktop	Warm_Parchment	https://export-download.canva.com/V8KIU/DAHUJHV8KIU/-1/0/0064-2952624293083359363.jpg?X-Amz-Algorithm=AWS4-HMAC-SHA256&X-Amz-Credential=AKIAQYCGKMUH5AO7UJ26%2F20260903%2Fus-east-1%2Fs3%2Faws4_request&X-Amz-Date=20260903T121218Z&X-Amz-Expires=13074&X-Amz-Signature=d527ef1ab7ec5b88939466b0b79c919ee4e1b4682de9a848078e092c20ef3004&X-Amz-SignedHeaders=host%3Bx-amz-expected-bucket-owner&response-expires=Thu%2C%2003%20Sep%202026%2015%3A50%3A12%20GMT
PISCES_SAGITTARIUS	Desktop	Warm_Parchment	https://export-download.canva.com/V8KIU/DAHUJHV8KIU/-1/0/0065-2952624293083359363.jpg?X-Amz-Algorithm=AWS4-HMAC-SHA256&X-Amz-Credential=AKIAQYCGKMUH5AO7UJ26%2F20260903%2Fus-east-1%2Fs3%2Faws4_request&X-Amz-Date=20260903T000819Z&X-Amz-Expires=58276&X-Amz-Signature=510ca654035b76c1cbe61f4a3253075329585bc3016aba7df4b7382b188e8d0b&X-Amz-SignedHeaders=host%3Bx-amz-expected-bucket-owner&response-expires=Thu%2C%2003%20Sep%202026%2016%3A19%3A35%20GMT
PISCES_SCORPIO	Desktop	Warm_Parchment	https://export-download.canva.com/V8KIU/DAHUJHV8KIU/-1/0/0066-2952624293083359363.jpg?X-Amz-Algorithm=AWS4-HMAC-SHA256&X-Amz-Credential=AKIAQYCGKMUH5AO7UJ26%2F20260902%2Fus-east-1%2Fs3%2Faws4_request&X-Amz-Date=20260902T162922Z&X-Amz-Expires=85443&X-Amz-Signature=d8bbff5567bed41354347dece82db5c59f2677bb82c6149fe3c29542ee837ceb&X-Amz-SignedHeaders=host%3Bx-amz-expected-bucket-owner&response-expires=Thu%2C%2003%20Sep%202026%2016%3A13%3A25%20GMT
PISCES_TAURUS	Desktop	Warm_Parchment	https://export-download.canva.com/V8KIU/DAHUJHV8KIU/-1/0/0067-2952624293083359363.jpg?X-Amz-Algorithm=AWS4-HMAC-SHA256&X-Amz-Credential=AKIAQYCGKMUH5AO7UJ26%2F20260902%2Fus-east-1%2Fs3%2Faws4_request&X-Amz-Date=20260902T221148Z&X-Amz-Expires=63225&X-Amz-Signature=9021a741d7dacf831eaa0adb729c7a4a3535536c0d91d4daff4f1041d8eb4a9f&X-Amz-SignedHeaders=host%3Bx-amz-expected-bucket-owner&response-expires=Thu%2C%2003%20Sep%202026%2015%3A45%3A33%20GMT
PISCES_VIRGO	Desktop	Warm_Parchment	https://export-download.canva.com/V8KIU/DAHUJHV8KIU/-1/0/0068-2952624293083359363.jpg?X-Amz-Algorithm=AWS4-HMAC-SHA256&X-Amz-Credential=AKIAQYCGKMUH5AO7UJ26%2F20260903%2Fus-east-1%2Fs3%2Faws4_request&X-Amz-Date=20260903T013036Z&X-Amz-Expires=50349&X-Amz-Signature=dcaa235a3c1469eae4d4cf1d5ef9af7da161fa18498e013696c23849341bdf48&X-Amz-SignedHeaders=host%3Bx-amz-expected-bucket-owner&response-expires=Thu%2C%2003%20Sep%202026%2015%3A29%3A45%20GMT
SAGITTARIUS_SAGITTARIUS	Desktop	Warm_Parchment	https://export-download.canva.com/V8KIU/DAHUJHV8KIU/-1/0/0069-2952624293083359363.jpg?X-Amz-Algorithm=AWS4-HMAC-SHA256&X-Amz-Credential=AKIAQYCGKMUH5AO7UJ26%2F20260903%2Fus-east-1%2Fs3%2Faws4_request&X-Amz-Date=20260903T061154Z&X-Amz-Expires=34235&X-Amz-Signature=70b552eacd492019c7a5152a2650ba88c9e74ebc1b2e240fee75fcfb2f1454d1&X-Amz-SignedHeaders=host%3Bx-amz-expected-bucket-owner&response-expires=Thu%2C%2003%20Sep%202026%2015%3A42%3A29%20GMT
SAGITTARIUS_SCORPIO	Desktop	Warm_Parchment	https://export-download.canva.com/V8KIU/DAHUJHV8KIU/-1/0/0070-2952624293083359363.jpg?X-Amz-Algorithm=AWS4-HMAC-SHA256&X-Amz-Credential=AKIAQYCGKMUH5AO7UJ26%2F20260903%2Fus-east-1%2Fs3%2Faws4_request&X-Amz-Date=20260903T044652Z&X-Amz-Expires=39740&X-Amz-Signature=6039b8a96cf8855ad84b7f5ac763df3a8bb43f2353a2df490e303c1e4bd46fa1&X-Amz-SignedHeaders=host%3Bx-amz-expected-bucket-owner&response-expires=Thu%2C%2003%20Sep%202026%2015%3A49%3A12%20GMT
SAGITTARIUS_TAURUS	Desktop	Warm_Parchment	https://export-download.canva.com/V8KIU/DAHUJHV8KIU/-1/0/0071-2952624293083359363.jpg?X-Amz-Algorithm=AWS4-HMAC-SHA256&X-Amz-Credential=AKIAQYCGKMUH5AO7UJ26%2F20260903%2Fus-east-1%2Fs3%2Faws4_request&X-Amz-Date=20260903T092131Z&X-Amz-Expires=23537&X-Amz-Signature=ae10e7a625f88fae50e53df0cd9802bb7ca5939433401d0ad3c1cdb26dff1375&X-Amz-SignedHeaders=host%3Bx-amz-expected-bucket-owner&response-expires=Thu%2C%2003%20Sep%202026%2015%3A53%3A48%20GMT
SAGITTARIUS_VIRGO	Desktop	Warm_Parchment	https://export-download.canva.com/V8KIU/DAHUJHV8KIU/-1/0/0072-2952624293083359363.jpg?X-Amz-Algorithm=AWS4-HMAC-SHA256&X-Amz-Credential=AKIAQYCGKMUH5AO7UJ26%2F20260903%2Fus-east-1%2Fs3%2Faws4_request&X-Amz-Date=20260903T025218Z&X-Amz-Expires=48436&X-Amz-Signature=6a0a790de56d55b97fe2c1b74dd9c2618e0c625bcbb9774187b7e5361161923b&X-Amz-SignedHeaders=host%3Bx-amz-expected-bucket-owner&response-expires=Thu%2C%2003%20Sep%202026%2016%3A19%3A34%20GMT
SCORPIO_SCORPIO	Desktop	Warm_Parchment	https://export-download.canva.com/V8KIU/DAHUJHV8KIU/-1/0/0073-2952624293083359363.jpg?X-Amz-Algorithm=AWS4-HMAC-SHA256&X-Amz-Credential=AKIAQYCGKMUH5AO7UJ26%2F20260902%2Fus-east-1%2Fs3%2Faws4_request&X-Amz-Date=20260902T223439Z&X-Amz-Expires=62684&X-Amz-Signature=e76ac074cb556ace969e0eff5ee1715fcce16835894d1f715839b790bb597113&X-Amz-SignedHeaders=host%3Bx-amz-expected-bucket-owner&response-expires=Thu%2C%2003%20Sep%202026%2015%3A59%3A23%20GMT
SCORPIO_TAURUS	Desktop	Warm_Parchment	https://export-download.canva.com/V8KIU/DAHUJHV8KIU/-1/0/0074-2952624293083359363.jpg?X-Amz-Algorithm=AWS4-HMAC-SHA256&X-Amz-Credential=AKIAQYCGKMUH5AO7UJ26%2F20260902%2Fus-east-1%2Fs3%2Faws4_request&X-Amz-Date=20260902T165639Z&X-Amz-Expires=81376&X-Amz-Signature=ff1082259f43fdb115bd3071826461018d48b0530dc616d73a02f792ea888bf0&X-Amz-SignedHeaders=host%3Bx-amz-expected-bucket-owner&response-expires=Thu%2C%2003%20Sep%202026%2015%3A32%3A55%20GMT
SCORPIO_VIRGO	Desktop	Warm_Parchment	https://export-download.canva.com/V8KIU/DAHUJHV8KIU/-1/0/0075-2952624293083359363.jpg?X-Amz-Algorithm=AWS4-HMAC-SHA256&X-Amz-Credential=AKIAQYCGKMUH5AO7UJ26%2F20260903%2Fus-east-1%2Fs3%2Faws4_request&X-Amz-Date=20260903T073925Z&X-Amz-Expires=30596&X-Amz-Signature=ddc699c25e52b133dfdfd5d235fb1811a94fcb298dbf74e4dc85f3cdb7a85dee&X-Amz-SignedHeaders=host%3Bx-amz-expected-bucket-owner&response-expires=Thu%2C%2003%20Sep%202026%2016%3A09%3A21%20GMT
TAURUS_TAURUS	Desktop	Warm_Parchment	https://export-download.canva.com/V8KIU/DAHUJHV8KIU/-1/0/0076-2952624293083359363.jpg?X-Amz-Algorithm=AWS4-HMAC-SHA256&X-Amz-Credential=AKIAQYCGKMUH5AO7UJ26%2F20260903%2Fus-east-1%2Fs3%2Faws4_request&X-Amz-Date=20260903T090717Z&X-Amz-Expires=26096&X-Amz-Signature=678bf3f500beb63073cc42e6831f45a7c61708d8212c4d7b6f841a1513428313&X-Amz-SignedHeaders=host%3Bx-amz-expected-bucket-owner&response-expires=Thu%2C%2003%20Sep%202026%2016%3A22%3A13%20GMT
TAURUS_VIRGO	Desktop	Warm_Parchment	https://export-download.canva.com/V8KIU/DAHUJHV8KIU/-1/0/0077-2952624293083359363.jpg?X-Amz-Algorithm=AWS4-HMAC-SHA256&X-Amz-Credential=AKIAQYCGKMUH5AO7UJ26%2F20260903%2Fus-east-1%2Fs3%2Faws4_request&X-Amz-Date=20260903T044834Z&X-Amz-Expires=40832&X-Amz-Signature=0c5600fa7488074a90187d09ea5ccea3796db30ea4c5f7b50b11a2efb5e185fe&X-Amz-SignedHeaders=host%3Bx-amz-expected-bucket-owner&response-expires=Thu%2C%2003%20Sep%202026%2016%3A09%3A06%20GMT
VIRGO_VIRGO	Desktop	Warm_Parchment	https://export-download.canva.com/V8KIU/DAHUJHV8KIU/-1/0/0078-2952624293083359363.jpg?X-Amz-Algorithm=AWS4-HMAC-SHA256&X-Amz-Credential=AKIAQYCGKMUH5AO7UJ26%2F20260902%2Fus-east-1%2Fs3%2Faws4_request&X-Amz-Date=20260902T155554Z&X-Amz-Expires=84916&X-Amz-Signature=fe02da2aaae85d63d46ab644a211cc4ba50d04915e96fedd31cdbf8f819aa60c&X-Amz-SignedHeaders=host%3Bx-amz-expected-bucket-owner&response-expires=Thu%2C%2003%20Sep%202026%2015%3A31%3A10%20GMT
AQUARIUS_AQUARIUS	Watch	Warm_Parchment	https://export-download.canva.com/OZZFc/DAHUJKOZZFc/-1/0/0001-6467683799693591525.jpg?X-Amz-Algorithm=AWS4-HMAC-SHA256&X-Amz-Credential=AKIAQYCGKMUH5AO7UJ26%2F20260902%2Fus-east-1%2Fs3%2Faws4_request&X-Amz-Date=20260902T231932Z&X-Amz-Expires=60808&X-Amz-Signature=373c70bb99a997507d4c6e907458982e72917edcd5ea962654389f8f1941160b&X-Amz-SignedHeaders=host%3Bx-amz-expected-bucket-owner&response-expires=Thu%2C%2003%20Sep%202026%2016%3A13%3A00%20GMT
AQUARIUS_ARIES	Watch	Warm_Parchment	https://export-download.canva.com/OZZFc/DAHUJKOZZFc/-1/0/0002-6467683799693591525.jpg?X-Amz-Algorithm=AWS4-HMAC-SHA256&X-Amz-Credential=AKIAQYCGKMUH5AO7UJ26%2F20260903%2Fus-east-1%2Fs3%2Faws4_request&X-Amz-Date=20260903T101714Z&X-Amz-Expires=20181&X-Amz-Signature=3d13e1b35c2a339c2c1d914116b54a1cd5c6a722217f478bbb78845f54cd4305&X-Amz-SignedHeaders=host%3Bx-amz-expected-bucket-owner&response-expires=Thu%2C%2003%20Sep%202026%2015%3A53%3A35%20GMT
AQUARIUS_CANCER	Watch	Warm_Parchment	https://export-download.canva.com/OZZFc/DAHUJKOZZFc/-1/0/0003-6467683799693591525.jpg?X-Amz-Algorithm=AWS4-HMAC-SHA256&X-Amz-Credential=AKIAQYCGKMUH5AO7UJ26%2F20260902%2Fus-east-1%2Fs3%2Faws4_request&X-Amz-Date=20260902T161833Z&X-Amz-Expires=86515&X-Amz-Signature=12097413955abcf46159b62d2b82499ae572bcb09b309cb4d481624cbe8d6b6b&X-Amz-SignedHeaders=host%3Bx-amz-expected-bucket-owner&response-expires=Thu%2C%2003%20Sep%202026%2016%3A20%3A28%20GMT
AQUARIUS_CAPRICORN	Watch	Warm_Parchment	https://export-download.canva.com/OZZFc/DAHUJKOZZFc/-1/0/0004-6467683799693591525.jpg?X-Amz-Algorithm=AWS4-HMAC-SHA256&X-Amz-Credential=AKIAQYCGKMUH5AO7UJ26%2F20260903%2Fus-east-1%2Fs3%2Faws4_request&X-Amz-Date=20260903T110954Z&X-Amz-Expires=18563&X-Amz-Signature=0de71d6c023b722b7e77c93166f7d03e9a379c8db01d01761d3a6a498146c670&X-Amz-SignedHeaders=host%3Bx-amz-expected-bucket-owner&response-expires=Thu%2C%2003%20Sep%202026%2016%3A19%3A17%20GMT
AQUARIUS_GEMINI	Watch	Warm_Parchment	https://export-download.canva.com/OZZFc/DAHUJKOZZFc/-1/0/0005-6467683799693591525.jpg?X-Amz-Algorithm=AWS4-HMAC-SHA256&X-Amz-Credential=AKIAQYCGKMUH5AO7UJ26%2F20260903%2Fus-east-1%2Fs3%2Faws4_request&X-Amz-Date=20260903T020121Z&X-Amz-Expires=50024&X-Amz-Signature=730d772582f079026676bad6a5d879cc216d906bfab4607c2ac82e0401890024&X-Amz-SignedHeaders=host%3Bx-amz-expected-bucket-owner&response-expires=Thu%2C%2003%20Sep%202026%2015%3A55%3A05%20GMT
AQUARIUS_LEO	Watch	Warm_Parchment	https://export-download.canva.com/OZZFc/DAHUJKOZZFc/-1/0/0006-6467683799693591525.jpg?X-Amz-Algorithm=AWS4-HMAC-SHA256&X-Amz-Credential=AKIAQYCGKMUH5AO7UJ26%2F20260903%2Fus-east-1%2Fs3%2Faws4_request&X-Amz-Date=20260903T001043Z&X-Amz-Expires=55638&X-Amz-Signature=34cb14105523928b82ac86e998ed1c484f15277f652c446e4a0ee05591b2df05&X-Amz-SignedHeaders=host%3Bx-amz-expected-bucket-owner&response-expires=Thu%2C%2003%20Sep%202026%2015%3A38%3A01%20GMT
AQUARIUS_LIBRA	Watch	Warm_Parchment	https://export-download.canva.com/OZZFc/DAHUJKOZZFc/-1/0/0007-6467683799693591525.jpg?X-Amz-Algorithm=AWS4-HMAC-SHA256&X-Amz-Credential=AKIAQYCGKMUH5AO7UJ26%2F20260903%2Fus-east-1%2Fs3%2Faws4_request&X-Amz-Date=20260903T090119Z&X-Amz-Expires=23990&X-Amz-Signature=ea6b7feca689d444ac503b412421c961f7dcc6b4ff8ddd030efdcd337486d8fa&X-Amz-SignedHeaders=host%3Bx-amz-expected-bucket-owner&response-expires=Thu%2C%2003%20Sep%202026%2015%3A41%3A09%20GMT
AQUARIUS_PISCES	Watch	Warm_Parchment	https://export-download.canva.com/OZZFc/DAHUJKOZZFc/-1/0/0008-6467683799693591525.jpg?X-Amz-Algorithm=AWS4-HMAC-SHA256&X-Amz-Credential=AKIAQYCGKMUH5AO7UJ26%2F20260902%2Fus-east-1%2Fs3%2Faws4_request&X-Amz-Date=20260902T160943Z&X-Amz-Expires=84196&X-Amz-Signature=7a099def3622b7fc2fbf130547b6d51f57d1b38c14ea6f41f6792b9945e4c6cc&X-Amz-SignedHeaders=host%3Bx-amz-expected-bucket-owner&response-expires=Thu%2C%2003%20Sep%202026%2015%3A32%3A59%20GMT
AQUARIUS_SAGITTARIUS	Watch	Warm_Parchment	https://export-download.canva.com/OZZFc/DAHUJKOZZFc/-1/0/0009-6467683799693591525.jpg?X-Amz-Algorithm=AWS4-HMAC-SHA256&X-Amz-Credential=AKIAQYCGKMUH5AO7UJ26%2F20260903%2Fus-east-1%2Fs3%2Faws4_request&X-Amz-Date=20260903T052841Z&X-Amz-Expires=39182&X-Amz-Signature=a101eb79a91280635e805c5eb57fd73bd0908fcc6475c8adad2e7dd542b9081a&X-Amz-SignedHeaders=host%3Bx-amz-expected-bucket-owner&response-expires=Thu%2C%2003%20Sep%202026%2016%3A21%3A43%20GMT
AQUARIUS_SCORPIO	Watch	Warm_Parchment	https://export-download.canva.com/OZZFc/DAHUJKOZZFc/-1/0/0010-6467683799693591525.jpg?X-Amz-Algorithm=AWS4-HMAC-SHA256&X-Amz-Credential=AKIAQYCGKMUH5AO7UJ26%2F20260902%2Fus-east-1%2Fs3%2Faws4_request&X-Amz-Date=20260902T191247Z&X-Amz-Expires=73670&X-Amz-Signature=30eb187deefffda8f350f9c6f7c0aa1f3e21a452f97b9fe60ef006a090a52466&X-Amz-SignedHeaders=host%3Bx-amz-expected-bucket-owner&response-expires=Thu%2C%2003%20Sep%202026%2015%3A40%3A37%20GMT
AQUARIUS_TAURUS	Watch	Warm_Parchment	https://export-download.canva.com/OZZFc/DAHUJKOZZFc/-1/0/0011-6467683799693591525.jpg?X-Amz-Algorithm=AWS4-HMAC-SHA256&X-Amz-Credential=AKIAQYCGKMUH5AO7UJ26%2F20260903%2Fus-east-1%2Fs3%2Faws4_request&X-Amz-Date=20260903T024607Z&X-Amz-Expires=46499&X-Amz-Signature=40cac0bcc3d2b4bc7de5ee740d4b06719f2ec5c32ed2d293fedd4c00cc2722d1&X-Amz-SignedHeaders=host%3Bx-amz-expected-bucket-owner&response-expires=Thu%2C%2003%20Sep%202026%2015%3A41%3A06%20GMT
AQUARIUS_VIRGO	Watch	Warm_Parchment	https://export-download.canva.com/OZZFc/DAHUJKOZZFc/-1/0/0012-6467683799693591525.jpg?X-Amz-Algorithm=AWS4-HMAC-SHA256&X-Amz-Credential=AKIAQYCGKMUH5AO7UJ26%2F20260903%2Fus-east-1%2Fs3%2Faws4_request&X-Amz-Date=20260903T020125Z&X-Amz-Expires=51212&X-Amz-Signature=73e79f0078aa668c7bfc486d9be5932888b867902128f551d68370df0e4b19fd&X-Amz-SignedHeaders=host%3Bx-amz-expected-bucket-owner&response-expires=Thu%2C%2003%20Sep%202026%2016%3A14%3A57%20GMT
ARIES_ARIES	Watch	Warm_Parchment	https://export-download.canva.com/OZZFc/DAHUJKOZZFc/-1/0/0013-6467683799693591525.jpg?X-Amz-Algorithm=AWS4-HMAC-SHA256&X-Amz-Credential=AKIAQYCGKMUH5AO7UJ26%2F20260903%2Fus-east-1%2Fs3%2Faws4_request&X-Amz-Date=20260903T123135Z&X-Amz-Expires=14042&X-Amz-Signature=adae1163f4976b16ec502dab3bcd4f5d45037e373236602a190a0d18b4025cc3&X-Amz-SignedHeaders=host%3Bx-amz-expected-bucket-owner&response-expires=Thu%2C%2003%20Sep%202026%2016%3A25%3A37%20GMT
ARIES_CANCER	Watch	Warm_Parchment	https://export-download.canva.com/OZZFc/DAHUJKOZZFc/-1/0/0014-6467683799693591525.jpg?X-Amz-Algorithm=AWS4-HMAC-SHA256&X-Amz-Credential=AKIAQYCGKMUH5AO7UJ26%2F20260903%2Fus-east-1%2Fs3%2Faws4_request&X-Amz-Date=20260903T080839Z&X-Amz-Expires=27474&X-Amz-Signature=1a843a044e2b7ef1f4d0ff82e5c2a5ab1c2100ee7dd7d8c482dd7ce6a5e182aa&X-Amz-SignedHeaders=host%3Bx-amz-expected-bucket-owner&response-expires=Thu%2C%2003%20Sep%202026%2015%3A46%3A33%20GMT
ARIES_CAPRICORN	Watch	Warm_Parchment	https://export-download.canva.com/OZZFc/DAHUJKOZZFc/-1/0/0015-6467683799693591525.jpg?X-Amz-Algorithm=AWS4-HMAC-SHA256&X-Amz-Credential=AKIAQYCGKMUH5AO7UJ26%2F20260902%2Fus-east-1%2Fs3%2Faws4_request&X-Amz-Date=20260902T212306Z&X-Amz-Expires=65521&X-Amz-Signature=64e04b1053223d82437fa82585b59ef6ce04ab6ef8010ddab13e7665ddf40558&X-Amz-SignedHeaders=host%3Bx-amz-expected-bucket-owner&response-expires=Thu%2C%2003%20Sep%202026%2015%3A35%3A07%20GMT
ARIES_GEMINI	Watch	Warm_Parchment	https://export-download.canva.com/OZZFc/DAHUJKOZZFc/-1/0/0016-6467683799693591525.jpg?X-Amz-Algorithm=AWS4-HMAC-SHA256&X-Amz-Credential=AKIAQYCGKMUH5AO7UJ26%2F20260902%2Fus-east-1%2Fs3%2Faws4_request&X-Amz-Date=20260902T192043Z&X-Amz-Expires=72987&X-Amz-Signature=4d328321505f8ddca3c309d90e832332e43249af68db1122ee6730ef6d9832ef&X-Amz-SignedHeaders=host%3Bx-amz-expected-bucket-owner&response-expires=Thu%2C%2003%20Sep%202026%2015%3A37%3A10%20GMT
ARIES_LEO	Watch	Warm_Parchment	https://export-download.canva.com/OZZFc/DAHUJKOZZFc/-1/0/0017-6467683799693591525.jpg?X-Amz-Algorithm=AWS4-HMAC-SHA256&X-Amz-Credential=AKIAQYCGKMUH5AO7UJ26%2F20260902%2Fus-east-1%2Fs3%2Faws4_request&X-Amz-Date=20260902T210527Z&X-Amz-Expires=69513&X-Amz-Signature=82639a48fab288f19e5339fd69e985b9809105fa49a46b8dac357fd42e5b71ad&X-Amz-SignedHeaders=host%3Bx-amz-expected-bucket-owner&response-expires=Thu%2C%2003%20Sep%202026%2016%3A24%3A00%20GMT
ARIES_LIBRA	Watch	Warm_Parchment	https://export-download.canva.com/OZZFc/DAHUJKOZZFc/-1/0/0018-6467683799693591525.jpg?X-Amz-Algorithm=AWS4-HMAC-SHA256&X-Amz-Credential=AKIAQYCGKMUH5AO7UJ26%2F20260903%2Fus-east-1%2Fs3%2Faws4_request&X-Amz-Date=20260903T094316Z&X-Amz-Expires=22034&X-Amz-Signature=6e435268399796d05510148574d7687e55817ca595ae2e9fe4be84eb7f03cdb1&X-Amz-SignedHeaders=host%3Bx-amz-expected-bucket-owner&response-expires=Thu%2C%2003%20Sep%202026%2015%3A50%3A30%20GMT
ARIES_PISCES	Watch	Warm_Parchment	https://export-download.canva.com/OZZFc/DAHUJKOZZFc/-1/0/0019-6467683799693591525.jpg?X-Amz-Algorithm=AWS4-HMAC-SHA256&X-Amz-Credential=AKIAQYCGKMUH5AO7UJ26%2F20260903%2Fus-east-1%2Fs3%2Faws4_request&X-Amz-Date=20260903T003250Z&X-Amz-Expires=56114&X-Amz-Signature=f290ed751852db131bb8967439cf9f83fe46a3561e10a16b1ad814e94d79fb22&X-Amz-SignedHeaders=host%3Bx-amz-expected-bucket-owner&response-expires=Thu%2C%2003%20Sep%202026%2016%3A08%3A04%20GMT
ARIES_SAGITTARIUS	Watch	Warm_Parchment	https://export-download.canva.com/OZZFc/DAHUJKOZZFc/-1/0/0020-6467683799693591525.jpg?X-Amz-Algorithm=AWS4-HMAC-SHA256&X-Amz-Credential=AKIAQYCGKMUH5AO7UJ26%2F20260903%2Fus-east-1%2Fs3%2Faws4_request&X-Amz-Date=20260903T062547Z&X-Amz-Expires=33545&X-Amz-Signature=7fd35248f04e309a662167d40d3c5c0b1797d1677e3752e51f04951da0a41546&X-Amz-SignedHeaders=host%3Bx-amz-expected-bucket-owner&response-expires=Thu%2C%2003%20Sep%202026%2015%3A44%3A52%20GMT
ARIES_SCORPIO	Watch	Warm_Parchment	https://export-download.canva.com/OZZFc/DAHUJKOZZFc/-1/0/0021-6467683799693591525.jpg?X-Amz-Algorithm=AWS4-HMAC-SHA256&X-Amz-Credential=AKIAQYCGKMUH5AO7UJ26%2F20260902%2Fus-east-1%2Fs3%2Faws4_request&X-Amz-Date=20260902T192420Z&X-Amz-Expires=74000&X-Amz-Signature=283041a31ffb44b2b2c45b0352ee747d8ec9c94bc3193f2374fc2f212a4cfff1&X-Amz-SignedHeaders=host%3Bx-amz-expected-bucket-owner&response-expires=Thu%2C%2003%20Sep%202026%2015%3A57%3A40%20GMT
ARIES_TAURUS	Watch	Warm_Parchment	https://export-download.canva.com/OZZFc/DAHUJKOZZFc/-1/0/0022-6467683799693591525.jpg?X-Amz-Algorithm=AWS4-HMAC-SHA256&X-Amz-Credential=AKIAQYCGKMUH5AO7UJ26%2F20260903%2Fus-east-1%2Fs3%2Faws4_request&X-Amz-Date=20260903T134638Z&X-Amz-Expires=7182&X-Amz-Signature=325f1de1b79b9cbc970118e0d75f33d8309b9e39a5e7401e35bbe34929557bab&X-Amz-SignedHeaders=host%3Bx-amz-expected-bucket-owner&response-expires=Thu%2C%2003%20Sep%202026%2015%3A46%3A20%20GMT
ARIES_VIGRO	Watch	Warm_Parchment	https://export-download.canva.com/OZZFc/DAHUJKOZZFc/-1/0/0023-6467683799693591525.jpg?X-Amz-Algorithm=AWS4-HMAC-SHA256&X-Amz-Credential=AKIAQYCGKMUH5AO7UJ26%2F20260902%2Fus-east-1%2Fs3%2Faws4_request&X-Amz-Date=20260902T212452Z&X-Amz-Expires=65523&X-Amz-Signature=68b3eef2e531c223ad631ac1dd51d3b5061d72cb1a023f012fb700957b95b6b8&X-Amz-SignedHeaders=host%3Bx-amz-expected-bucket-owner&response-expires=Thu%2C%2003%20Sep%202026%2015%3A36%3A55%20GMT
CANCER_CANCER	Watch	Warm_Parchment	https://export-download.canva.com/OZZFc/DAHUJKOZZFc/-1/0/0024-6467683799693591525.jpg?X-Amz-Algorithm=AWS4-HMAC-SHA256&X-Amz-Credential=AKIAQYCGKMUH5AO7UJ26%2F20260902%2Fus-east-1%2Fs3%2Faws4_request&X-Amz-Date=20260902T222046Z&X-Amz-Expires=62754&X-Amz-Signature=f665d04b355c2f6900b4f936b73fffc6f026c2831b2a05ab7ea0aea2f3598fa3&X-Amz-SignedHeaders=host%3Bx-amz-expected-bucket-owner&response-expires=Thu%2C%2003%20Sep%202026%2015%3A46%3A40%20GMT
CANCER_CAPRICORN	Watch	Warm_Parchment	https://export-download.canva.com/OZZFc/DAHUJKOZZFc/-1/0/0025-6467683799693591525.jpg?X-Amz-Algorithm=AWS4-HMAC-SHA256&X-Amz-Credential=AKIAQYCGKMUH5AO7UJ26%2F20260903%2Fus-east-1%2Fs3%2Faws4_request&X-Amz-Date=20260903T131224Z&X-Amz-Expires=9448&X-Amz-Signature=461584e649e83e3c8e71eabc3ac6ed7e0fe8d98aefaa955bd9ceb0d25317ae42&X-Amz-SignedHeaders=host%3Bx-amz-expected-bucket-owner&response-expires=Thu%2C%2003%20Sep%202026%2015%3A49%3A52%20GMT
CANCER_GEMINI	Watch	Warm_Parchment	https://export-download.canva.com/OZZFc/DAHUJKOZZFc/-1/0/0026-6467683799693591525.jpg?X-Amz-Algorithm=AWS4-HMAC-SHA256&X-Amz-Credential=AKIAQYCGKMUH5AO7UJ26%2F20260903%2Fus-east-1%2Fs3%2Faws4_request&X-Amz-Date=20260903T034629Z&X-Amz-Expires=43294&X-Amz-Signature=b8759f61a3ccee8d39392f3fc1d57385d7f98de1cc7e748332cb46b199f627a4&X-Amz-SignedHeaders=host%3Bx-amz-expected-bucket-owner&response-expires=Thu%2C%2003%20Sep%202026%2015%3A48%3A03%20GMT
CANCER_LEO	Watch	Warm_Parchment	https://export-download.canva.com/OZZFc/DAHUJKOZZFc/-1/0/0027-6467683799693591525.jpg?X-Amz-Algorithm=AWS4-HMAC-SHA256&X-Amz-Credential=AKIAQYCGKMUH5AO7UJ26%2F20260902%2Fus-east-1%2Fs3%2Faws4_request&X-Amz-Date=20260902T191312Z&X-Amz-Expires=76012&X-Amz-Signature=5552fc7b7ac31ab4deaf8d563fcdefa384e1e4ce3d30aabb7d4a6e67d52d0f67&X-Amz-SignedHeaders=host%3Bx-amz-expected-bucket-owner&response-expires=Thu%2C%2003%20Sep%202026%2016%3A20%3A04%20GMT
CANCER_LIBRA	Watch	Warm_Parchment	https://export-download.canva.com/OZZFc/DAHUJKOZZFc/-1/0/0028-6467683799693591525.jpg?X-Amz-Algorithm=AWS4-HMAC-SHA256&X-Amz-Credential=AKIAQYCGKMUH5AO7UJ26%2F20260903%2Fus-east-1%2Fs3%2Faws4_request&X-Amz-Date=20260903T024012Z&X-Amz-Expires=49380&X-Amz-Signature=ca87ee77887d817dec78c1d8a4a8efb72979bf989210da605223b0dfa30ed10e&X-Amz-SignedHeaders=host%3Bx-amz-expected-bucket-owner&response-expires=Thu%2C%2003%20Sep%202026%2016%3A23%3A12%20GMT
CANCER_PISCES	Watch	Warm_Parchment	https://export-download.canva.com/OZZFc/DAHUJKOZZFc/-1/0/0029-6467683799693591525.jpg?X-Amz-Algorithm=AWS4-HMAC-SHA256&X-Amz-Credential=AKIAQYCGKMUH5AO7UJ26%2F20260903%2Fus-east-1%2Fs3%2Faws4_request&X-Amz-Date=20260903T030531Z&X-Amz-Expires=46097&X-Amz-Signature=d62b1b52aa7caa7d8f0da9eb2c1c02f99540f2f2e4cf17fa5e1f64d38d8faf09&X-Amz-SignedHeaders=host%3Bx-amz-expected-bucket-owner&response-expires=Thu%2C%2003%20Sep%202026%2015%3A53%3A48%20GMT
CANCER_SAGITTARIUS	Watch	Warm_Parchment	https://export-download.canva.com/OZZFc/DAHUJKOZZFc/-1/0/0030-6467683799693591525.jpg?X-Amz-Algorithm=AWS4-HMAC-SHA256&X-Amz-Credential=AKIAQYCGKMUH5AO7UJ26%2F20260902%2Fus-east-1%2Fs3%2Faws4_request&X-Amz-Date=20260902T155826Z&X-Amz-Expires=85985&X-Amz-Signature=ca5458e675bf8c844014e724aa08fcdbf6c7651bb87db08200d548635c07374d&X-Amz-SignedHeaders=host%3Bx-amz-expected-bucket-owner&response-expires=Thu%2C%2003%20Sep%202026%2015%3A51%3A31%20GMT
CANCER_SCORPIO	Watch	Warm_Parchment	https://export-download.canva.com/OZZFc/DAHUJKOZZFc/-1/0/0031-6467683799693591525.jpg?X-Amz-Algorithm=AWS4-HMAC-SHA256&X-Amz-Credential=AKIAQYCGKMUH5AO7UJ26%2F20260903%2Fus-east-1%2Fs3%2Faws4_request&X-Amz-Date=20260903T092146Z&X-Amz-Expires=22869&X-Amz-Signature=2a1b8352037a9d17a0c0c89280414c1fc764785dbe0e36b1d10dcc83293864e3&X-Amz-SignedHeaders=host%3Bx-amz-expected-bucket-owner&response-expires=Thu%2C%2003%20Sep%202026%2015%3A42%3A55%20GMT
CANCER_TAURUS	Watch	Warm_Parchment	https://export-download.canva.com/OZZFc/DAHUJKOZZFc/-1/0/0032-6467683799693591525.jpg?X-Amz-Algorithm=AWS4-HMAC-SHA256&X-Amz-Credential=AKIAQYCGKMUH5AO7UJ26%2F20260902%2Fus-east-1%2Fs3%2Faws4_request&X-Amz-Date=20260902T170619Z&X-Amz-Expires=83213&X-Amz-Signature=79fd59cca1366390bf2a63804659bd84620f0ef23768975a6cc4ce324f8e8d8d&X-Amz-SignedHeaders=host%3Bx-amz-expected-bucket-owner&response-expires=Thu%2C%2003%20Sep%202026%2016%3A13%3A12%20GMT
CANCER_VIRGO	Watch	Warm_Parchment	https://export-download.canva.com/OZZFc/DAHUJKOZZFc/-1/0/0033-6467683799693591525.jpg?X-Amz-Algorithm=AWS4-HMAC-SHA256&X-Amz-Credential=AKIAQYCGKMUH5AO7UJ26%2F20260902%2Fus-east-1%2Fs3%2Faws4_request&X-Amz-Date=20260902T155519Z&X-Amz-Expires=85401&X-Amz-Signature=74d9a5839e7a73938f60892cb6a358e8c057fe5732ae6b0734ea1c120c62e364&X-Amz-SignedHeaders=host%3Bx-amz-expected-bucket-owner&response-expires=Thu%2C%2003%20Sep%202026%2015%3A38%3A40%20GMT
CAPRICORN_CAPRICORN	Watch	Warm_Parchment	https://export-download.canva.com/OZZFc/DAHUJKOZZFc/-1/0/0034-6467683799693591525.jpg?X-Amz-Algorithm=AWS4-HMAC-SHA256&X-Amz-Credential=AKIAQYCGKMUH5AO7UJ26%2F20260903%2Fus-east-1%2Fs3%2Faws4_request&X-Amz-Date=20260903T072415Z&X-Amz-Expires=31429&X-Amz-Signature=e9edd71c559f0bb70da447282830f1a2599bc4b42a840e289c09462dbe1715c4&X-Amz-SignedHeaders=host%3Bx-amz-expected-bucket-owner&response-expires=Thu%2C%2003%20Sep%202026%2016%3A08%3A04%20GMT
CAPRICORN_GEMINI	Watch	Warm_Parchment	https://export-download.canva.com/OZZFc/DAHUJKOZZFc/-1/0/0035-6467683799693591525.jpg?X-Amz-Algorithm=AWS4-HMAC-SHA256&X-Amz-Credential=AKIAQYCGKMUH5AO7UJ26%2F20260903%2Fus-east-1%2Fs3%2Faws4_request&X-Amz-Date=20260903T141851Z&X-Amz-Expires=7356&X-Amz-Signature=66d404438f7f77e58c0ac2f8232428315781393d4331a7fe638a85bce065cf54&X-Amz-SignedHeaders=host%3Bx-amz-expected-bucket-owner&response-expires=Thu%2C%2003%20Sep%202026%2016%3A21%3A27%20GMT
CAPRICORN_LEO	Watch	Warm_Parchment	https://export-download.canva.com/OZZFc/DAHUJKOZZFc/-1/0/0036-6467683799693591525.jpg?X-Amz-Algorithm=AWS4-HMAC-SHA256&X-Amz-Credential=AKIAQYCGKMUH5AO7UJ26%2F20260903%2Fus-east-1%2Fs3%2Faws4_request&X-Amz-Date=20260903T004146Z&X-Amz-Expires=54861&X-Amz-Signature=9eba89ac280e7075d3d0ea6a7b544151ae01e734053bfaa8048b425e0e279eeb&X-Amz-SignedHeaders=host%3Bx-amz-expected-bucket-owner&response-expires=Thu%2C%2003%20Sep%202026%2015%3A56%3A07%20GMT
CAPRICORN_LIBRA	Watch	Warm_Parchment	https://export-download.canva.com/OZZFc/DAHUJKOZZFc/-1/0/0037-6467683799693591525.jpg?X-Amz-Algorithm=AWS4-HMAC-SHA256&X-Amz-Credential=AKIAQYCGKMUH5AO7UJ26%2F20260902%2Fus-east-1%2Fs3%2Faws4_request&X-Amz-Date=20260902T225624Z&X-Amz-Expires=59721&X-Amz-Signature=1f7325084761a3d5f4bb2b45d9ebe935cfb68d1d4ed1a5fb6a5b6837445af5a7&X-Amz-SignedHeaders=host%3Bx-amz-expected-bucket-owner&response-expires=Thu%2C%2003%20Sep%202026%2015%3A31%3A45%20GMT
CAPRICORN_PISCES	Watch	Warm_Parchment	https://export-download.canva.com/OZZFc/DAHUJKOZZFc/-1/0/0038-6467683799693591525.jpg?X-Amz-Algorithm=AWS4-HMAC-SHA256&X-Amz-Credential=AKIAQYCGKMUH5AO7UJ26%2F20260902%2Fus-east-1%2Fs3%2Faws4_request&X-Amz-Date=20260902T170255Z&X-Amz-Expires=83578&X-Amz-Signature=163c2f66d2fab2b017604e82f535805f34df0f37b91aa09950089a69732596ca&X-Amz-SignedHeaders=host%3Bx-amz-expected-bucket-owner&response-expires=Thu%2C%2003%20Sep%202026%2016%3A15%3A53%20GMT
CAPRICORN_SAGITTARIUS	Watch	Warm_Parchment	https://export-download.canva.com/OZZFc/DAHUJKOZZFc/-1/0/0039-6467683799693591525.jpg?X-Amz-Algorithm=AWS4-HMAC-SHA256&X-Amz-Credential=AKIAQYCGKMUH5AO7UJ26%2F20260902%2Fus-east-1%2Fs3%2Faws4_request&X-Amz-Date=20260902T233626Z&X-Amz-Expires=59757&X-Amz-Signature=13b138d137955b30ece5d7879496a3a2db9618c3afcc8d2e2a65d9a86936a048&X-Amz-SignedHeaders=host%3Bx-amz-expected-bucket-owner&response-expires=Thu%2C%2003%20Sep%202026%2016%3A12%3A23%20GMT
CAPRICORN_SCORPIO	Watch	Warm_Parchment	https://export-download.canva.com/OZZFc/DAHUJKOZZFc/-1/0/0040-6467683799693591525.jpg?X-Amz-Algorithm=AWS4-HMAC-SHA256&X-Amz-Credential=AKIAQYCGKMUH5AO7UJ26%2F20260902%2Fus-east-1%2Fs3%2Faws4_request&X-Amz-Date=20260902T164934Z&X-Amz-Expires=81766&X-Amz-Signature=7d25a3ac4b4d9dc437db6f764cb16b3e7b1d53abf59264ff9cb8f62b38c30dbf&X-Amz-SignedHeaders=host%3Bx-amz-expected-bucket-owner&response-expires=Thu%2C%2003%20Sep%202026%2015%3A32%3A20%20GMT
CAPRICORN_TAURUS	Watch	Warm_Parchment	https://export-download.canva.com/OZZFc/DAHUJKOZZFc/-1/0/0041-6467683799693591525.jpg?X-Amz-Algorithm=AWS4-HMAC-SHA256&X-Amz-Credential=AKIAQYCGKMUH5AO7UJ26%2F20260903%2Fus-east-1%2Fs3%2Faws4_request&X-Amz-Date=20260903T113141Z&X-Amz-Expires=17537&X-Amz-Signature=a6960a3665ce4b8e55aead148b8e61134d1d9496ff9ab8c27dbc05c268fefff3&X-Amz-SignedHeaders=host%3Bx-amz-expected-bucket-owner&response-expires=Thu%2C%2003%20Sep%202026%2016%3A23%3A58%20GMT
CAPRICORN_VIRGO	Watch	Warm_Parchment	https://export-download.canva.com/OZZFc/DAHUJKOZZFc/-1/0/0042-6467683799693591525.jpg?X-Amz-Algorithm=AWS4-HMAC-SHA256&X-Amz-Credential=AKIAQYCGKMUH5AO7UJ26%2F20260902%2Fus-east-1%2Fs3%2Faws4_request&X-Amz-Date=20260902T232507Z&X-Amz-Expires=57723&X-Amz-Signature=2a746f23def5ab41ff67403c8b6928a34b893240dbd7b05ee137f660824629d7&X-Amz-SignedHeaders=host%3Bx-amz-expected-bucket-owner&response-expires=Thu%2C%2003%20Sep%202026%2015%3A27%3A10%20GMT
GEMINI_GEMINI	Watch	Warm_Parchment	https://export-download.canva.com/OZZFc/DAHUJKOZZFc/-1/0/0043-6467683799693591525.jpg?X-Amz-Algorithm=AWS4-HMAC-SHA256&X-Amz-Credential=AKIAQYCGKMUH5AO7UJ26%2F20260903%2Fus-east-1%2Fs3%2Faws4_request&X-Amz-Date=20260903T055729Z&X-Amz-Expires=34397&X-Amz-Signature=29f3e3611566d3a8885feabab605f265d2ce5bff637478bc19f56f3557dcbb34&X-Amz-SignedHeaders=host%3Bx-amz-expected-bucket-owner&response-expires=Thu%2C%2003%20Sep%202026%2015%3A30%3A46%20GMT
GEMINI_LEO	Watch	Warm_Parchment	https://export-download.canva.com/OZZFc/DAHUJKOZZFc/-1/0/0044-6467683799693591525.jpg?X-Amz-Algorithm=AWS4-HMAC-SHA256&X-Amz-Credential=AKIAQYCGKMUH5AO7UJ26%2F20260902%2Fus-east-1%2Fs3%2Faws4_request&X-Amz-Date=20260902T231617Z&X-Amz-Expires=58764&X-Amz-Signature=953c74b53ab53897f2d9cfbf706a975d60c5f1e3a41e31537df1b42f6be5c3f3&X-Amz-SignedHeaders=host%3Bx-amz-expected-bucket-owner&response-expires=Thu%2C%2003%20Sep%202026%2015%3A35%3A41%20GMT
GEMINI_LIBRA	Watch	Warm_Parchment	https://export-download.canva.com/OZZFc/DAHUJKOZZFc/-1/0/0045-6467683799693591525.jpg?X-Amz-Algorithm=AWS4-HMAC-SHA256&X-Amz-Credential=AKIAQYCGKMUH5AO7UJ26%2F20260903%2Fus-east-1%2Fs3%2Faws4_request&X-Amz-Date=20260903T061601Z&X-Amz-Expires=35322&X-Amz-Signature=f681d973e0c2fb2a7e7897fc9dd2546fa960542d8afebe5925809223f5acf870&X-Amz-SignedHeaders=host%3Bx-amz-expected-bucket-owner&response-expires=Thu%2C%2003%20Sep%202026%2016%3A04%3A43%20GMT
GEMINI_PISCES	Watch	Warm_Parchment	https://export-download.canva.com/OZZFc/DAHUJKOZZFc/-1/0/0046-6467683799693591525.jpg?X-Amz-Algorithm=AWS4-HMAC-SHA256&X-Amz-Credential=AKIAQYCGKMUH5AO7UJ26%2F20260903%2Fus-east-1%2Fs3%2Faws4_request&X-Amz-Date=20260903T044407Z&X-Amz-Expires=38888&X-Amz-Signature=0cda1ddebb52b61ee4e235feff6faaf103f6720a56b794eb0a4ddab18425c701&X-Amz-SignedHeaders=host%3Bx-amz-expected-bucket-owner&response-expires=Thu%2C%2003%20Sep%202026%2015%3A32%3A15%20GMT
GEMINI_SAGITTARIUS	Watch	Warm_Parchment	https://export-download.canva.com/OZZFc/DAHUJKOZZFc/-1/0/0047-6467683799693591525.jpg?X-Amz-Algorithm=AWS4-HMAC-SHA256&X-Amz-Credential=AKIAQYCGKMUH5AO7UJ26%2F20260902%2Fus-east-1%2Fs3%2Faws4_request&X-Amz-Date=20260902T192904Z&X-Amz-Expires=72179&X-Amz-Signature=27a3dbd6907bf6fcb0558402a35c42719485f48bf94d7142bbbeeb82f50ae8d9&X-Amz-SignedHeaders=host%3Bx-amz-expected-bucket-owner&response-expires=Thu%2C%2003%20Sep%202026%2015%3A32%3A03%20GMT
GEMINI_SCORPIO	Watch	Warm_Parchment	https://export-download.canva.com/OZZFc/DAHUJKOZZFc/-1/0/0048-6467683799693591525.jpg?X-Amz-Algorithm=AWS4-HMAC-SHA256&X-Amz-Credential=AKIAQYCGKMUH5AO7UJ26%2F20260902%2Fus-east-1%2Fs3%2Faws4_request&X-Amz-Date=20260902T194149Z&X-Amz-Expires=74181&X-Amz-Signature=a4099894d7ab1d8605ecdb38e2334022a6715e52c9e32fa470d9f4c268dc4273&X-Amz-SignedHeaders=host%3Bx-amz-expected-bucket-owner&response-expires=Thu%2C%2003%20Sep%202026%2016%3A18%3A10%20GMT
GEMINI_TAURUS	Watch	Warm_Parchment	https://export-download.canva.com/OZZFc/DAHUJKOZZFc/-1/0/0049-6467683799693591525.jpg?X-Amz-Algorithm=AWS4-HMAC-SHA256&X-Amz-Credential=AKIAQYCGKMUH5AO7UJ26%2F20260902%2Fus-east-1%2Fs3%2Faws4_request&X-Amz-Date=20260902T180738Z&X-Amz-Expires=78789&X-Amz-Signature=c98a3813f4e7264802d130d6591cafbd581b7cf9b2b51496eaf51a9af9ee8365&X-Amz-SignedHeaders=host%3Bx-amz-expected-bucket-owner&response-expires=Thu%2C%2003%20Sep%202026%2016%3A00%3A47%20GMT
GEMINI_VIRGO	Watch	Warm_Parchment	https://export-download.canva.com/OZZFc/DAHUJKOZZFc/-1/0/0050-6467683799693591525.jpg?X-Amz-Algorithm=AWS4-HMAC-SHA256&X-Amz-Credential=AKIAQYCGKMUH5AO7UJ26%2F20260903%2Fus-east-1%2Fs3%2Faws4_request&X-Amz-Date=20260903T070008Z&X-Amz-Expires=33044&X-Amz-Signature=8871610e2e1cd26277331897f734171bcacca334026a00d5e28c6770a9d4a0ed&X-Amz-SignedHeaders=host%3Bx-amz-expected-bucket-owner&response-expires=Thu%2C%2003%20Sep%202026%2016%3A10%3A52%20GMT
LEO_LEO	Watch	Warm_Parchment	https://export-download.canva.com/OZZFc/DAHUJKOZZFc/-1/0/0051-6467683799693591525.jpg?X-Amz-Algorithm=AWS4-HMAC-SHA256&X-Amz-Credential=AKIAQYCGKMUH5AO7UJ26%2F20260903%2Fus-east-1%2Fs3%2Faws4_request&X-Amz-Date=20260903T090851Z&X-Amz-Expires=23720&X-Amz-Signature=4d50ea061f45bdee0e927a391430b322d6cc78a4b06a25cb08c7a844f2159a0d&X-Amz-SignedHeaders=host%3Bx-amz-expected-bucket-owner&response-expires=Thu%2C%2003%20Sep%202026%2015%3A44%3A11%20GMT
LEO_LIBRA	Watch	Warm_Parchment	https://export-download.canva.com/OZZFc/DAHUJKOZZFc/-1/0/0052-6467683799693591525.jpg?X-Amz-Algorithm=AWS4-HMAC-SHA256&X-Amz-Credential=AKIAQYCGKMUH5AO7UJ26%2F20260903%2Fus-east-1%2Fs3%2Faws4_request&X-Amz-Date=20260903T004055Z&X-Amz-Expires=54828&X-Amz-Signature=648321b2e9f13e7bee799b7361d1216b7ca72e64fe54ca022eb2fb5f088018d9&X-Amz-SignedHeaders=host%3Bx-amz-expected-bucket-owner&response-expires=Thu%2C%2003%20Sep%202026%2015%3A54%3A43%20GMT
LEO_PISCES	Watch	Warm_Parchment	https://export-download.canva.com/OZZFc/DAHUJKOZZFc/-1/0/0053-6467683799693591525.jpg?X-Amz-Algorithm=AWS4-HMAC-SHA256&X-Amz-Credential=AKIAQYCGKMUH5AO7UJ26%2F20260903%2Fus-east-1%2Fs3%2Faws4_request&X-Amz-Date=20260903T120826Z&X-Amz-Expires=12364&X-Amz-Signature=c52ddd36bbcbbed8ceca0596df97db6c9f8d84c2b1d53d65fd8eb5bf5dae99b7&X-Amz-SignedHeaders=host%3Bx-amz-expected-bucket-owner&response-expires=Thu%2C%2003%20Sep%202026%2015%3A34%3A30%20GMT
LEO_SAGITTARIUS	Watch	Warm_Parchment	https://export-download.canva.com/OZZFc/DAHUJKOZZFc/-1/0/0054-6467683799693591525.jpg?X-Amz-Algorithm=AWS4-HMAC-SHA256&X-Amz-Credential=AKIAQYCGKMUH5AO7UJ26%2F20260903%2Fus-east-1%2Fs3%2Faws4_request&X-Amz-Date=20260903T041658Z&X-Amz-Expires=43595&X-Amz-Signature=1cb0a062dd23fecb2489656c9a81f3a484fb8afce4f957d00f11843ad0c2aa9b&X-Amz-SignedHeaders=host%3Bx-amz-expected-bucket-owner&response-expires=Thu%2C%2003%20Sep%202026%2016%3A23%3A33%20GMT
LEO_SCORPIO	Watch	Warm_Parchment	https://export-download.canva.com/OZZFc/DAHUJKOZZFc/-1/0/0055-6467683799693591525.jpg?X-Amz-Algorithm=AWS4-HMAC-SHA256&X-Amz-Credential=AKIAQYCGKMUH5AO7UJ26%2F20260903%2Fus-east-1%2Fs3%2Faws4_request&X-Amz-Date=20260903T121757Z&X-Amz-Expires=11317&X-Amz-Signature=e5725dc78c9211a774db90ffd423387bbe1e9968acc0cd3c69869104187a83d9&X-Amz-SignedHeaders=host%3Bx-amz-expected-bucket-owner&response-expires=Thu%2C%2003%20Sep%202026%2015%3A26%3A34%20GMT
LEO_TAURUS	Watch	Warm_Parchment	https://export-download.canva.com/OZZFc/DAHUJKOZZFc/-1/0/0056-6467683799693591525.jpg?X-Amz-Algorithm=AWS4-HMAC-SHA256&X-Amz-Credential=AKIAQYCGKMUH5AO7UJ26%2F20260902%2Fus-east-1%2Fs3%2Faws4_request&X-Amz-Date=20260902T160953Z&X-Amz-Expires=86058&X-Amz-Signature=b7a900588d6a36032fcf37562c4ffaf23912eab4dee504cc3899d0ef2c17326f&X-Amz-SignedHeaders=host%3Bx-amz-expected-bucket-owner&response-expires=Thu%2C%2003%20Sep%202026%2016%3A04%3A11%20GMT
LEO_VIRGO	Watch	Warm_Parchment	https://export-download.canva.com/OZZFc/DAHUJKOZZFc/-1/0/0057-6467683799693591525.jpg?X-Amz-Algorithm=AWS4-HMAC-SHA256&X-Amz-Credential=AKIAQYCGKMUH5AO7UJ26%2F20260902%2Fus-east-1%2Fs3%2Faws4_request&X-Amz-Date=20260902T213210Z&X-Amz-Expires=65046&X-Amz-Signature=31181d76c4dc247b2de818d9fbdb10d6fe4956cc3353c5ba4330343e3a366545&X-Amz-SignedHeaders=host%3Bx-amz-expected-bucket-owner&response-expires=Thu%2C%2003%20Sep%202026%2015%3A36%3A16%20GMT
LIBRA_LIBRA	Watch	Warm_Parchment	https://export-download.canva.com/OZZFc/DAHUJKOZZFc/-1/0/0058-6467683799693591525.jpg?X-Amz-Algorithm=AWS4-HMAC-SHA256&X-Amz-Credential=AKIAQYCGKMUH5AO7UJ26%2F20260902%2Fus-east-1%2Fs3%2Faws4_request&X-Amz-Date=20260902T212816Z&X-Amz-Expires=64851&X-Amz-Signature=088aca2c685591564ca59d302f7eda7ba56034734f58dcb5fbde5068f39ff00a&X-Amz-SignedHeaders=host%3Bx-amz-expected-bucket-owner&response-expires=Thu%2C%2003%20Sep%202026%2015%3A29%3A07%20GMT
LIBRA_PISCES	Watch	Warm_Parchment	https://export-download.canva.com/OZZFc/DAHUJKOZZFc/-1/0/0059-6467683799693591525.jpg?X-Amz-Algorithm=AWS4-HMAC-SHA256&X-Amz-Credential=AKIAQYCGKMUH5AO7UJ26%2F20260903%2Fus-east-1%2Fs3%2Faws4_request&X-Amz-Date=20260903T051042Z&X-Amz-Expires=40266&X-Amz-Signature=d889c575d3e33faa46594e8abebc944ecb55234bac4de79ceace58a19c99db34&X-Amz-SignedHeaders=host%3Bx-amz-expected-bucket-owner&response-expires=Thu%2C%2003%20Sep%202026%2016%3A21%3A48%20GMT
LIBRA_SAGITTARIUS	Watch	Warm_Parchment	https://export-download.canva.com/OZZFc/DAHUJKOZZFc/-1/0/0060-6467683799693591525.jpg?X-Amz-Algorithm=AWS4-HMAC-SHA256&X-Amz-Credential=AKIAQYCGKMUH5AO7UJ26%2F20260902%2Fus-east-1%2Fs3%2Faws4_request&X-Amz-Date=20260902T150858Z&X-Amz-Expires=89099&X-Amz-Signature=e4ca56e03d9d1a900e50d61fab4170f8008b7c72bfad964beeca66f5069f44c4&X-Amz-SignedHeaders=host%3Bx-amz-expected-bucket-owner&response-expires=Thu%2C%2003%20Sep%202026%2015%3A53%3A57%20GMT
LIBRA_SCORPIO	Watch	Warm_Parchment	https://export-download.canva.com/OZZFc/DAHUJKOZZFc/-1/0/0061-6467683799693591525.jpg?X-Amz-Algorithm=AWS4-HMAC-SHA256&X-Amz-Credential=AKIAQYCGKMUH5AO7UJ26%2F20260902%2Fus-east-1%2Fs3%2Faws4_request&X-Amz-Date=20260902T204820Z&X-Amz-Expires=70322&X-Amz-Signature=61e640e32b8c75be99c54074abcf75c8c7684ef6871697ea39edd528b9ce0bd3&X-Amz-SignedHeaders=host%3Bx-amz-expected-bucket-owner&response-expires=Thu%2C%2003%20Sep%202026%2016%3A20%3A22%20GMT
LIBRA_TAURUS	Watch	Warm_Parchment	https://export-download.canva.com/OZZFc/DAHUJKOZZFc/-1/0/0062-6467683799693591525.jpg?X-Amz-Algorithm=AWS4-HMAC-SHA256&X-Amz-Credential=AKIAQYCGKMUH5AO7UJ26%2F20260903%2Fus-east-1%2Fs3%2Faws4_request&X-Amz-Date=20260903T060139Z&X-Amz-Expires=36188&X-Amz-Signature=fa80a73215492c0eab6a59af9a72fc9917fb3cee494e7f4adeb8ce72019d68f6&X-Amz-SignedHeaders=host%3Bx-amz-expected-bucket-owner&response-expires=Thu%2C%2003%20Sep%202026%2016%3A04%3A47%20GMT
LIBRA_VIRGO	Watch	Warm_Parchment	https://export-download.canva.com/OZZFc/DAHUJKOZZFc/-1/0/0063-6467683799693591525.jpg?X-Amz-Algorithm=AWS4-HMAC-SHA256&X-Amz-Credential=AKIAQYCGKMUH5AO7UJ26%2F20260902%2Fus-east-1%2Fs3%2Faws4_request&X-Amz-Date=20260902T155724Z&X-Amz-Expires=88103&X-Amz-Signature=dcab3712a5483bff5f331a61950b836eda17ba21d8804fb41a618175cb508b51&X-Amz-SignedHeaders=host%3Bx-amz-expected-bucket-owner&response-expires=Thu%2C%2003%20Sep%202026%2016%3A25%3A47%20GMT
PISCES_PISCES	Watch	Warm_Parchment	https://export-download.canva.com/OZZFc/DAHUJKOZZFc/-1/0/0064-6467683799693591525.jpg?X-Amz-Algorithm=AWS4-HMAC-SHA256&X-Amz-Credential=AKIAQYCGKMUH5AO7UJ26%2F20260902%2Fus-east-1%2Fs3%2Faws4_request&X-Amz-Date=20260902T150040Z&X-Amz-Expires=89575&X-Amz-Signature=61006a7b9ef1477bf25f13b8792637d8041130e318d1b9ed934c050459fe8ecc&X-Amz-SignedHeaders=host%3Bx-amz-expected-bucket-owner&response-expires=Thu%2C%2003%20Sep%202026%2015%3A53%3A35%20GMT
PISCES_SAGITTARIUS	Watch	Warm_Parchment	https://export-download.canva.com/OZZFc/DAHUJKOZZFc/-1/0/0065-6467683799693591525.jpg?X-Amz-Algorithm=AWS4-HMAC-SHA256&X-Amz-Credential=AKIAQYCGKMUH5AO7UJ26%2F20260902%2Fus-east-1%2Fs3%2Faws4_request&X-Amz-Date=20260902T192515Z&X-Amz-Expires=73077&X-Amz-Signature=35ddfe2d95ab93fc36383a00d998aa8ed52be631df38b42a1e464993e8fe8e97&X-Amz-SignedHeaders=host%3Bx-amz-expected-bucket-owner&response-expires=Thu%2C%2003%20Sep%202026%2015%3A43%3A12%20GMT
PISCES_SCORPIO	Watch	Warm_Parchment	https://export-download.canva.com/OZZFc/DAHUJKOZZFc/-1/0/0066-6467683799693591525.jpg?X-Amz-Algorithm=AWS4-HMAC-SHA256&X-Amz-Credential=AKIAQYCGKMUH5AO7UJ26%2F20260902%2Fus-east-1%2Fs3%2Faws4_request&X-Amz-Date=20260902T184316Z&X-Amz-Expires=75923&X-Amz-Signature=6d744b42e174cf0dd4e802029117971a6547057c38f2ffb39b166e72f6879ce5&X-Amz-SignedHeaders=host%3Bx-amz-expected-bucket-owner&response-expires=Thu%2C%2003%20Sep%202026%2015%3A48%3A39%20GMT
PISCES_TAURUS	Watch	Warm_Parchment	https://export-download.canva.com/OZZFc/DAHUJKOZZFc/-1/0/0067-6467683799693591525.jpg?X-Amz-Algorithm=AWS4-HMAC-SHA256&X-Amz-Credential=AKIAQYCGKMUH5AO7UJ26%2F20260902%2Fus-east-1%2Fs3%2Faws4_request&X-Amz-Date=20260902T160754Z&X-Amz-Expires=85331&X-Amz-Signature=29ef40257a9212149a550a2fd0512c4e61329ac04f72b79afecc44462bd5f26f&X-Amz-SignedHeaders=host%3Bx-amz-expected-bucket-owner&response-expires=Thu%2C%2003%20Sep%202026%2015%3A50%3A05%20GMT
PISCES_VIRGO	Watch	Warm_Parchment	https://export-download.canva.com/OZZFc/DAHUJKOZZFc/-1/0/0068-6467683799693591525.jpg?X-Amz-Algorithm=AWS4-HMAC-SHA256&X-Amz-Credential=AKIAQYCGKMUH5AO7UJ26%2F20260902%2Fus-east-1%2Fs3%2Faws4_request&X-Amz-Date=20260902T235958Z&X-Amz-Expires=56442&X-Amz-Signature=fbe0749a6b95c5a01e872ee3312a3eac5172110e2d32f2bae6c97588adc4461b&X-Amz-SignedHeaders=host%3Bx-amz-expected-bucket-owner&response-expires=Thu%2C%2003%20Sep%202026%2015%3A40%3A40%20GMT
SAGITTARIUS_SAGITTARIUS	Watch	Warm_Parchment	https://export-download.canva.com/OZZFc/DAHUJKOZZFc/-1/0/0069-6467683799693591525.jpg?X-Amz-Algorithm=AWS4-HMAC-SHA256&X-Amz-Credential=AKIAQYCGKMUH5AO7UJ26%2F20260902%2Fus-east-1%2Fs3%2Faws4_request&X-Amz-Date=20260902T153241Z&X-Amz-Expires=87526&X-Amz-Signature=7b604439af4839cfb26e16038bdad42cf2581827941665818f1b58da0f1c0405&X-Amz-SignedHeaders=host%3Bx-amz-expected-bucket-owner&response-expires=Thu%2C%2003%20Sep%202026%2015%3A51%3A27%20GMT
SAGITTARIUS_SCORPIO	Watch	Warm_Parchment	https://export-download.canva.com/OZZFc/DAHUJKOZZFc/-1/0/0070-6467683799693591525.jpg?X-Amz-Algorithm=AWS4-HMAC-SHA256&X-Amz-Credential=AKIAQYCGKMUH5AO7UJ26%2F20260902%2Fus-east-1%2Fs3%2Faws4_request&X-Amz-Date=20260902T190420Z&X-Amz-Expires=76157&X-Amz-Signature=ed3917fded4ce160e2b159275ee39365490f8028e7a17ae068b40fc9fdfed99f&X-Amz-SignedHeaders=host%3Bx-amz-expected-bucket-owner&response-expires=Thu%2C%2003%20Sep%202026%2016%3A13%3A37%20GMT
SAGITTARIUS_TAURUS	Watch	Warm_Parchment	https://export-download.canva.com/OZZFc/DAHUJKOZZFc/-1/0/0071-6467683799693591525.jpg?X-Amz-Algorithm=AWS4-HMAC-SHA256&X-Amz-Credential=AKIAQYCGKMUH5AO7UJ26%2F20260903%2Fus-east-1%2Fs3%2Faws4_request&X-Amz-Date=20260903T065056Z&X-Amz-Expires=33154&X-Amz-Signature=eb4c3dc0b2b0e44c5b73d8ed449a506c7dc83dc24c9ef4ede7a754e33de3a9fe&X-Amz-SignedHeaders=host%3Bx-amz-expected-bucket-owner&response-expires=Thu%2C%2003%20Sep%202026%2016%3A03%3A30%20GMT
SAGITTARIUS_VIRGO	Watch	Warm_Parchment	https://export-download.canva.com/OZZFc/DAHUJKOZZFc/-1/0/0072-6467683799693591525.jpg?X-Amz-Algorithm=AWS4-HMAC-SHA256&X-Amz-Credential=AKIAQYCGKMUH5AO7UJ26%2F20260903%2Fus-east-1%2Fs3%2Faws4_request&X-Amz-Date=20260903T050024Z&X-Amz-Expires=38110&X-Amz-Signature=b0205e13d68ad9c33081821d47ddbf64b6c5b966368f44fff74e9cb34f7f2bf0&X-Amz-SignedHeaders=host%3Bx-amz-expected-bucket-owner&response-expires=Thu%2C%2003%20Sep%202026%2015%3A35%3A34%20GMT
SCORPIO_SCORPIO	Watch	Warm_Parchment	https://export-download.canva.com/OZZFc/DAHUJKOZZFc/-1/0/0073-6467683799693591525.jpg?X-Amz-Algorithm=AWS4-HMAC-SHA256&X-Amz-Credential=AKIAQYCGKMUH5AO7UJ26%2F20260903%2Fus-east-1%2Fs3%2Faws4_request&X-Amz-Date=20260903T094142Z&X-Amz-Expires=24179&X-Amz-Signature=364224949c9932c0dc9ef6f4550d0435372e40fac1637ba0fdda51f6bbc602b1&X-Amz-SignedHeaders=host%3Bx-amz-expected-bucket-owner&response-expires=Thu%2C%2003%20Sep%202026%2016%3A24%3A41%20GMT
SCORPIO_TAURUS	Watch	Warm_Parchment	https://export-download.canva.com/OZZFc/DAHUJKOZZFc/-1/0/0074-6467683799693591525.jpg?X-Amz-Algorithm=AWS4-HMAC-SHA256&X-Amz-Credential=AKIAQYCGKMUH5AO7UJ26%2F20260903%2Fus-east-1%2Fs3%2Faws4_request&X-Amz-Date=20260903T125104Z&X-Amz-Expires=10494&X-Amz-Signature=5dca6dff8793e7e75dd208db1140228b070c9fc613ca1a335160c31771861726&X-Amz-SignedHeaders=host%3Bx-amz-expected-bucket-owner&response-expires=Thu%2C%2003%20Sep%202026%2015%3A45%3A58%20GMT
SCORPIO_VIRGO	Watch	Warm_Parchment	https://export-download.canva.com/OZZFc/DAHUJKOZZFc/-1/0/0075-6467683799693591525.jpg?X-Amz-Algorithm=AWS4-HMAC-SHA256&X-Amz-Credential=AKIAQYCGKMUH5AO7UJ26%2F20260902%2Fus-east-1%2Fs3%2Faws4_request&X-Amz-Date=20260902T201502Z&X-Amz-Expires=71450&X-Amz-Signature=c657009bdc6b15061502f98bafcc9fc9368ad63db8917289e341c7e3b5f15293&X-Amz-SignedHeaders=host%3Bx-amz-expected-bucket-owner&response-expires=Thu%2C%2003%20Sep%202026%2016%3A05%3A52%20GMT
TAURUS_TAURUS	Watch	Warm_Parchment	https://export-download.canva.com/OZZFc/DAHUJKOZZFc/-1/0/0076-6467683799693591525.jpg?X-Amz-Algorithm=AWS4-HMAC-SHA256&X-Amz-Credential=AKIAQYCGKMUH5AO7UJ26%2F20260902%2Fus-east-1%2Fs3%2Faws4_request&X-Amz-Date=20260902T235508Z&X-Amz-Expires=57482&X-Amz-Signature=e2a05295bec531d1cd0440515c88d09e182fc722e60c2da1ca37956cf9dd1214&X-Amz-SignedHeaders=host%3Bx-amz-expected-bucket-owner&response-expires=Thu%2C%2003%20Sep%202026%2015%3A53%3A10%20GMT
TAURUS_VIRGO	Watch	Warm_Parchment	https://export-download.canva.com/OZZFc/DAHUJKOZZFc/-1/0/0077-6467683799693591525.jpg?X-Amz-Algorithm=AWS4-HMAC-SHA256&X-Amz-Credential=AKIAQYCGKMUH5AO7UJ26%2F20260903%2Fus-east-1%2Fs3%2Faws4_request&X-Amz-Date=20260903T063342Z&X-Amz-Expires=33561&X-Amz-Signature=fbcdeb3b36c72982f16eb23e2d2bb8e0c8f5afefa7208487291602afbd1be935&X-Amz-SignedHeaders=host%3Bx-amz-expected-bucket-owner&response-expires=Thu%2C%2003%20Sep%202026%2015%3A53%3A03%20GMT
VIRGO_VIRGO	Watch	Warm_Parchment	https://export-download.canva.com/OZZFc/DAHUJKOZZFc/-1/0/0078-6467683799693591525.jpg?X-Amz-Algorithm=AWS4-HMAC-SHA256&X-Amz-Credential=AKIAQYCGKMUH5AO7UJ26%2F20260903%2Fus-east-1%2Fs3%2Faws4_request&X-Amz-Date=20260903T111444Z&X-Amz-Expires=16500&X-Amz-Signature=66ec00285c249ab37f1e9f83b2adccc85a8b6e0e7c8ae36290152b8051e1661e&X-Amz-SignedHeaders=host%3Bx-amz-expected-bucket-owner&response-expires=Thu%2C%2003%20Sep%202026%2015%3A49%3A44%20GMT
AQUARIUS_AQUARIUS	Phone	Champagne_Ivory	https://export-download.canva.com/4e9Ag/DAHUJO4e9Ag/-1/0/0001-1130918245294854608.jpg?X-Amz-Algorithm=AWS4-HMAC-SHA256&X-Amz-Credential=AKIAQYCGKMUH5AO7UJ26%2F20260903%2Fus-east-1%2Fs3%2Faws4_request&X-Amz-Date=20260903T103823Z&X-Amz-Expires=18764&X-Amz-Signature=6b22f87453b71725d402c8ed6e6d96f4e76794838f74cccec7ba0ab9a972afeb&X-Amz-SignedHeaders=host%3Bx-amz-expected-bucket-owner&response-expires=Thu%2C%2003%20Sep%202026%2015%3A51%3A07%20GMT
AQUARIUS_ARIES	Phone	Champagne_Ivory	https://export-download.canva.com/4e9Ag/DAHUJO4e9Ag/-1/0/0002-1130918245294854608.jpg?X-Amz-Algorithm=AWS4-HMAC-SHA256&X-Amz-Credential=AKIAQYCGKMUH5AO7UJ26%2F20260903%2Fus-east-1%2Fs3%2Faws4_request&X-Amz-Date=20260903T073957Z&X-Amz-Expires=30864&X-Amz-Signature=9a1ae0c8b14e6ead74ff38559ec763158306ef45d99c94f0bedd73c8801803f8&X-Amz-SignedHeaders=host%3Bx-amz-expected-bucket-owner&response-expires=Thu%2C%2003%20Sep%202026%2016%3A14%3A21%20GMT
AQUARIUS_CANCER	Phone	Champagne_Ivory	https://export-download.canva.com/4e9Ag/DAHUJO4e9Ag/-1/0/0003-1130918245294854608.jpg?X-Amz-Algorithm=AWS4-HMAC-SHA256&X-Amz-Credential=AKIAQYCGKMUH5AO7UJ26%2F20260903%2Fus-east-1%2Fs3%2Faws4_request&X-Amz-Date=20260903T061707Z&X-Amz-Expires=34354&X-Amz-Signature=c25162fb2b7b99d0fe71aafcef12ee218ada67e6fb856953057e7b17881eda6e&X-Amz-SignedHeaders=host%3Bx-amz-expected-bucket-owner&response-expires=Thu%2C%2003%20Sep%202026%2015%3A49%3A41%20GMT
AQUARIUS_CAPRICORN	Phone	Champagne_Ivory	https://export-download.canva.com/4e9Ag/DAHUJO4e9Ag/-1/0/0004-1130918245294854608.jpg?X-Amz-Algorithm=AWS4-HMAC-SHA256&X-Amz-Credential=AKIAQYCGKMUH5AO7UJ26%2F20260903%2Fus-east-1%2Fs3%2Faws4_request&X-Amz-Date=20260903T041743Z&X-Amz-Expires=42530&X-Amz-Signature=91385b6293562fb3142848110abd47a66c4323fc9e09c83c688e502b87a8d6ac&X-Amz-SignedHeaders=host%3Bx-amz-expected-bucket-owner&response-expires=Thu%2C%2003%20Sep%202026%2016%3A06%3A33%20GMT
AQUARIUS_GEMINI	Phone	Champagne_Ivory	https://export-download.canva.com/4e9Ag/DAHUJO4e9Ag/-1/0/0005-1130918245294854608.jpg?X-Amz-Algorithm=AWS4-HMAC-SHA256&X-Amz-Credential=AKIAQYCGKMUH5AO7UJ26%2F20260902%2Fus-east-1%2Fs3%2Faws4_request&X-Amz-Date=20260902T183512Z&X-Amz-Expires=76841&X-Amz-Signature=cfb4b78ae046a93429a4f77607fae709f3af7be8c36eacfd245497717139d359&X-Amz-SignedHeaders=host%3Bx-amz-expected-bucket-owner&response-expires=Thu%2C%2003%20Sep%202026%2015%3A55%3A53%20GMT
AQUARIUS_LEO	Phone	Champagne_Ivory	https://export-download.canva.com/4e9Ag/DAHUJO4e9Ag/-1/0/0006-1130918245294854608.jpg?X-Amz-Algorithm=AWS4-HMAC-SHA256&X-Amz-Credential=AKIAQYCGKMUH5AO7UJ26%2F20260903%2Fus-east-1%2Fs3%2Faws4_request&X-Amz-Date=20260903T100357Z&X-Amz-Expires=22386&X-Amz-Signature=6b43559a7866f4753901494aabec63fb24a5abb4aecb76bd4dbca7a3005e11db&X-Amz-SignedHeaders=host%3Bx-amz-expected-bucket-owner&response-expires=Thu%2C%2003%20Sep%202026%2016%3A17%3A03%20GMT
AQUARIUS_LIBRA	Phone	Champagne_Ivory	https://export-download.canva.com/4e9Ag/DAHUJO4e9Ag/-1/0/0007-1130918245294854608.jpg?X-Amz-Algorithm=AWS4-HMAC-SHA256&X-Amz-Credential=AKIAQYCGKMUH5AO7UJ26%2F20260902%2Fus-east-1%2Fs3%2Faws4_request&X-Amz-Date=20260902T151100Z&X-Amz-Expires=90247&X-Amz-Signature=acc5c91ce5cba2e34c83f2d88f74e38935d4601bb1d530b3093ed71fc4b18bc0&X-Amz-SignedHeaders=host%3Bx-amz-expected-bucket-owner&response-expires=Thu%2C%2003%20Sep%202026%2016%3A15%3A07%20GMT
AQUARIUS_PISCES	Phone	Champagne_Ivory	https://export-download.canva.com/4e9Ag/DAHUJO4e9Ag/-1/0/0008-1130918245294854608.jpg?X-Amz-Algorithm=AWS4-HMAC-SHA256&X-Amz-Credential=AKIAQYCGKMUH5AO7UJ26%2F20260902%2Fus-east-1%2Fs3%2Faws4_request&X-Amz-Date=20260902T233645Z&X-Amz-Expires=57869&X-Amz-Signature=69b1da50b9e92a04858401ad4f9e95c1518063d9d86bdd58b616860ec3c91b8b&X-Amz-SignedHeaders=host%3Bx-amz-expected-bucket-owner&response-expires=Thu%2C%2003%20Sep%202026%2015%3A41%3A14%20GMT
AQUARIUS_SAGITTARIUS	Phone	Champagne_Ivory	https://export-download.canva.com/4e9Ag/DAHUJO4e9Ag/-1/0/0009-1130918245294854608.jpg?X-Amz-Algorithm=AWS4-HMAC-SHA256&X-Amz-Credential=AKIAQYCGKMUH5AO7UJ26%2F20260902%2Fus-east-1%2Fs3%2Faws4_request&X-Amz-Date=20260902T203553Z&X-Amz-Expires=69451&X-Amz-Signature=da258c38328418012628389021deda38462534cc7df7dac3913d0d03865786a7&X-Amz-SignedHeaders=host%3Bx-amz-expected-bucket-owner&response-expires=Thu%2C%2003%20Sep%202026%2015%3A53%3A24%20GMT
AQUARIUS_SCORPIO	Phone	Champagne_Ivory	https://export-download.canva.com/4e9Ag/DAHUJO4e9Ag/-1/0/0010-1130918245294854608.jpg?X-Amz-Algorithm=AWS4-HMAC-SHA256&X-Amz-Credential=AKIAQYCGKMUH5AO7UJ26%2F20260903%2Fus-east-1%2Fs3%2Faws4_request&X-Amz-Date=20260903T104746Z&X-Amz-Expires=18297&X-Amz-Signature=422ada89aac40d1f0e4f1ce0e72e2cdabab5ce117e1baf2b238e624e63205b4f&X-Amz-SignedHeaders=host%3Bx-amz-expected-bucket-owner&response-expires=Thu%2C%2003%20Sep%202026%2015%3A52%3A43%20GMT
AQUARIUS_TAURUS	Phone	Champagne_Ivory	https://export-download.canva.com/4e9Ag/DAHUJO4e9Ag/-1/0/0011-1130918245294854608.jpg?X-Amz-Algorithm=AWS4-HMAC-SHA256&X-Amz-Credential=AKIAQYCGKMUH5AO7UJ26%2F20260903%2Fus-east-1%2Fs3%2Faws4_request&X-Amz-Date=20260903T095619Z&X-Amz-Expires=22962&X-Amz-Signature=cafa6d08745926dbe36d6ecb4719a2bad2ef4139c71e8aa9bfe8e15116667b84&X-Amz-SignedHeaders=host%3Bx-amz-expected-bucket-owner&response-expires=Thu%2C%2003%20Sep%202026%2016%3A19%3A01%20GMT
AQUARIUS_VIRGO	Phone	Champagne_Ivory	https://export-download.canva.com/4e9Ag/DAHUJO4e9Ag/-1/0/0012-1130918245294854608.jpg?X-Amz-Algorithm=AWS4-HMAC-SHA256&X-Amz-Credential=AKIAQYCGKMUH5AO7UJ26%2F20260902%2Fus-east-1%2Fs3%2Faws4_request&X-Amz-Date=20260902T231322Z&X-Amz-Expires=62723&X-Amz-Signature=bfeae2700ea3fa45b7e79e0bd4760f2af849a43ff05445e9aa93c1068d0d0a50&X-Amz-SignedHeaders=host%3Bx-amz-expected-bucket-owner&response-expires=Thu%2C%2003%20Sep%202026%2016%3A38%3A45%20GMT
ARIES_ARIES	Phone	Champagne_Ivory	https://export-download.canva.com/4e9Ag/DAHUJO4e9Ag/-1/0/0013-1130918245294854608.jpg?X-Amz-Algorithm=AWS4-HMAC-SHA256&X-Amz-Credential=AKIAQYCGKMUH5AO7UJ26%2F20260902%2Fus-east-1%2Fs3%2Faws4_request&X-Amz-Date=20260902T211903Z&X-Amz-Expires=69548&X-Amz-Signature=857a9f1e09224b00b74d93079d1cb4652ff54360de87dd007e4890644c62c71e&X-Amz-SignedHeaders=host%3Bx-amz-expected-bucket-owner&response-expires=Thu%2C%2003%20Sep%202026%2016%3A38%3A11%20GMT
ARIES_CANCER	Phone	Champagne_Ivory	https://export-download.canva.com/4e9Ag/DAHUJO4e9Ag/-1/0/0014-1130918245294854608.jpg?X-Amz-Algorithm=AWS4-HMAC-SHA256&X-Amz-Credential=AKIAQYCGKMUH5AO7UJ26%2F20260903%2Fus-east-1%2Fs3%2Faws4_request&X-Amz-Date=20260903T032639Z&X-Amz-Expires=44760&X-Amz-Signature=6298af70ce2868314e9cf762e1b38fc69339d906e0a1d0cb276aa625f5b68600&X-Amz-SignedHeaders=host%3Bx-amz-expected-bucket-owner&response-expires=Thu%2C%2003%20Sep%202026%2015%3A52%3A39%20GMT
ARIES_CAPRICORN	Phone	Champagne_Ivory	https://export-download.canva.com/4e9Ag/DAHUJO4e9Ag/-1/0/0015-1130918245294854608.jpg?X-Amz-Algorithm=AWS4-HMAC-SHA256&X-Amz-Credential=AKIAQYCGKMUH5AO7UJ26%2F20260902%2Fus-east-1%2Fs3%2Faws4_request&X-Amz-Date=20260902T174510Z&X-Amz-Expires=82094&X-Amz-Signature=77cd9a7e6b26e6f490fc1528e48933525868f339dbe9f2019c4f31e5cf7857a9&X-Amz-SignedHeaders=host%3Bx-amz-expected-bucket-owner&response-expires=Thu%2C%2003%20Sep%202026%2016%3A33%3A24%20GMT
ARIES_GEMINI	Phone	Champagne_Ivory	https://export-download.canva.com/4e9Ag/DAHUJO4e9Ag/-1/0/0016-1130918245294854608.jpg?X-Amz-Algorithm=AWS4-HMAC-SHA256&X-Amz-Credential=AKIAQYCGKMUH5AO7UJ26%2F20260903%2Fus-east-1%2Fs3%2Faws4_request&X-Amz-Date=20260903T034128Z&X-Amz-Expires=45168&X-Amz-Signature=37ef187dc27b356fd43256f3f9a8fa5addd630956362b21f23968352402844aa&X-Amz-SignedHeaders=host%3Bx-amz-expected-bucket-owner&response-expires=Thu%2C%2003%20Sep%202026%2016%3A14%3A16%20GMT
ARIES_LEO	Phone	Champagne_Ivory	https://export-download.canva.com/4e9Ag/DAHUJO4e9Ag/-1/0/0017-1130918245294854608.jpg?X-Amz-Algorithm=AWS4-HMAC-SHA256&X-Amz-Credential=AKIAQYCGKMUH5AO7UJ26%2F20260902%2Fus-east-1%2Fs3%2Faws4_request&X-Amz-Date=20260902T153905Z&X-Amz-Expires=88520&X-Amz-Signature=b035610f3adab6ab992f30bf03c3c229fa0acf79dea808a051e7597556870680&X-Amz-SignedHeaders=host%3Bx-amz-expected-bucket-owner&response-expires=Thu%2C%2003%20Sep%202026%2016%3A14%3A25%20GMT
ARIES_LIBRA	Phone	Champagne_Ivory	https://export-download.canva.com/4e9Ag/DAHUJO4e9Ag/-1/0/0018-1130918245294854608.jpg?X-Amz-Algorithm=AWS4-HMAC-SHA256&X-Amz-Credential=AKIAQYCGKMUH5AO7UJ26%2F20260903%2Fus-east-1%2Fs3%2Faws4_request&X-Amz-Date=20260903T122749Z&X-Amz-Expires=12062&X-Amz-Signature=42a70605f03e23a70e5a9eaf5c2fd9e89cf11991f983ec8fcbae302be3cfb410&X-Amz-SignedHeaders=host%3Bx-amz-expected-bucket-owner&response-expires=Thu%2C%2003%20Sep%202026%2015%3A48%3A51%20GMT
ARIES_PISCES	Phone	Champagne_Ivory	https://export-download.canva.com/4e9Ag/DAHUJO4e9Ag/-1/0/0019-1130918245294854608.jpg?X-Amz-Algorithm=AWS4-HMAC-SHA256&X-Amz-Credential=AKIAQYCGKMUH5AO7UJ26%2F20260903%2Fus-east-1%2Fs3%2Faws4_request&X-Amz-Date=20260903T012612Z&X-Amz-Expires=52123&X-Amz-Signature=cb40623f60d3b212cede7d677128ca758ce63814c50090538c7eaaf6a966529d&X-Amz-SignedHeaders=host%3Bx-amz-expected-bucket-owner&response-expires=Thu%2C%2003%20Sep%202026%2015%3A54%3A55%20GMT
ARIES_SAGITTARIUS	Phone	Champagne_Ivory	https://export-download.canva.com/4e9Ag/DAHUJO4e9Ag/-1/0/0020-1130918245294854608.jpg?X-Amz-Algorithm=AWS4-HMAC-SHA256&X-Amz-Credential=AKIAQYCGKMUH5AO7UJ26%2F20260902%2Fus-east-1%2Fs3%2Faws4_request&X-Amz-Date=20260902T182144Z&X-Amz-Expires=77877&X-Amz-Signature=b09bc3e6aa4d1b324c6dacc2026e03a9f96dcb110504e3af48112d7ea75dd47a&X-Amz-SignedHeaders=host%3Bx-amz-expected-bucket-owner&response-expires=Thu%2C%2003%20Sep%202026%2015%3A59%3A41%20GMT
ARIES_SCORPIO	Phone	Champagne_Ivory	https://export-download.canva.com/4e9Ag/DAHUJO4e9Ag/-1/0/0021-1130918245294854608.jpg?X-Amz-Algorithm=AWS4-HMAC-SHA256&X-Amz-Credential=AKIAQYCGKMUH5AO7UJ26%2F20260903%2Fus-east-1%2Fs3%2Faws4_request&X-Amz-Date=20260903T121647Z&X-Amz-Expires=14449&X-Amz-Signature=20036bb9f55317f7f6822136c8bd252b281affa499a1c055b577aa6245305a25&X-Amz-SignedHeaders=host%3Bx-amz-expected-bucket-owner&response-expires=Thu%2C%2003%20Sep%202026%2016%3A17%3A36%20GMT
ARIES_TAURUS	Phone	Champagne_Ivory	https://export-download.canva.com/4e9Ag/DAHUJO4e9Ag/-1/0/0022-1130918245294854608.jpg?X-Amz-Algorithm=AWS4-HMAC-SHA256&X-Amz-Credential=AKIAQYCGKMUH5AO7UJ26%2F20260902%2Fus-east-1%2Fs3%2Faws4_request&X-Amz-Date=20260902T220205Z&X-Amz-Expires=63423&X-Amz-Signature=bd61791bc8ec897bca8b58c54246bb27e65b552b1d7b6b3d29c8056422108030&X-Amz-SignedHeaders=host%3Bx-amz-expected-bucket-owner&response-expires=Thu%2C%2003%20Sep%202026%2015%3A39%3A08%20GMT
ARIES_VIGRO	Phone	Champagne_Ivory	https://export-download.canva.com/4e9Ag/DAHUJO4e9Ag/-1/0/0023-1130918245294854608.jpg?X-Amz-Algorithm=AWS4-HMAC-SHA256&X-Amz-Credential=AKIAQYCGKMUH5AO7UJ26%2F20260902%2Fus-east-1%2Fs3%2Faws4_request&X-Amz-Date=20260902T224118Z&X-Amz-Expires=62418&X-Amz-Signature=d84ffb445a18e23358b829aa655c4ff676c1c2d6fcad5a5daa55245f5875beb0&X-Amz-SignedHeaders=host%3Bx-amz-expected-bucket-owner&response-expires=Thu%2C%2003%20Sep%202026%2016%3A01%3A36%20GMT
CANCER_CANCER	Phone	Champagne_Ivory	https://export-download.canva.com/4e9Ag/DAHUJO4e9Ag/-1/0/0024-1130918245294854608.jpg?X-Amz-Algorithm=AWS4-HMAC-SHA256&X-Amz-Credential=AKIAQYCGKMUH5AO7UJ26%2F20260903%2Fus-east-1%2Fs3%2Faws4_request&X-Amz-Date=20260903T022316Z&X-Amz-Expires=48788&X-Amz-Signature=7caed6147d4dc9dac54f57be7fb0465a9eeae91b50127572badc3ef7928fd353&X-Amz-SignedHeaders=host%3Bx-amz-expected-bucket-owner&response-expires=Thu%2C%2003%20Sep%202026%2015%3A56%3A24%20GMT
CANCER_CAPRICORN	Phone	Champagne_Ivory	https://export-download.canva.com/4e9Ag/DAHUJO4e9Ag/-1/0/0025-1130918245294854608.jpg?X-Amz-Algorithm=AWS4-HMAC-SHA256&X-Amz-Credential=AKIAQYCGKMUH5AO7UJ26%2F20260902%2Fus-east-1%2Fs3%2Faws4_request&X-Amz-Date=20260902T165909Z&X-Amz-Expires=82466&X-Amz-Signature=cfddc7b665d45d8bdec75d307e502974414ebcce2df6ba3d93f38526005e1e4d&X-Amz-SignedHeaders=host%3Bx-amz-expected-bucket-owner&response-expires=Thu%2C%2003%20Sep%202026%2015%3A53%3A35%20GMT
CANCER_GEMINI	Phone	Champagne_Ivory	https://export-download.canva.com/4e9Ag/DAHUJO4e9Ag/-1/0/0026-1130918245294854608.jpg?X-Amz-Algorithm=AWS4-HMAC-SHA256&X-Amz-Credential=AKIAQYCGKMUH5AO7UJ26%2F20260902%2Fus-east-1%2Fs3%2Faws4_request&X-Amz-Date=20260902T225137Z&X-Amz-Expires=61368&X-Amz-Signature=51bc5a600edf41bcecb9cb5941ef674e591ac9319cf261537330460349390de7&X-Amz-SignedHeaders=host%3Bx-amz-expected-bucket-owner&response-expires=Thu%2C%2003%20Sep%202026%2015%3A54%3A25%20GMT
CANCER_LEO	Phone	Champagne_Ivory	https://export-download.canva.com/4e9Ag/DAHUJO4e9Ag/-1/0/0027-1130918245294854608.jpg?X-Amz-Algorithm=AWS4-HMAC-SHA256&X-Amz-Credential=AKIAQYCGKMUH5AO7UJ26%2F20260903%2Fus-east-1%2Fs3%2Faws4_request&X-Amz-Date=20260903T060516Z&X-Amz-Expires=35303&X-Amz-Signature=a5c9590794c8e9f43b9f670335b8dbe86d1a0bebdc156110d9a12e4102a03543&X-Amz-SignedHeaders=host%3Bx-amz-expected-bucket-owner&response-expires=Thu%2C%2003%20Sep%202026%2015%3A53%3A39%20GMT
CANCER_LIBRA	Phone	Champagne_Ivory	https://export-download.canva.com/4e9Ag/DAHUJO4e9Ag/-1/0/0028-1130918245294854608.jpg?X-Amz-Algorithm=AWS4-HMAC-SHA256&X-Amz-Credential=AKIAQYCGKMUH5AO7UJ26%2F20260903%2Fus-east-1%2Fs3%2Faws4_request&X-Amz-Date=20260903T050112Z&X-Amz-Expires=39360&X-Amz-Signature=21574c9c15b62105b9f8e3e045f747bfd776ecc9466b86943c78c8350ca3e4ae&X-Amz-SignedHeaders=host%3Bx-amz-expected-bucket-owner&response-expires=Thu%2C%2003%20Sep%202026%2015%3A57%3A12%20GMT
CANCER_PISCES	Phone	Champagne_Ivory	https://export-download.canva.com/4e9Ag/DAHUJO4e9Ag/-1/0/0029-1130918245294854608.jpg?X-Amz-Algorithm=AWS4-HMAC-SHA256&X-Amz-Credential=AKIAQYCGKMUH5AO7UJ26%2F20260902%2Fus-east-1%2Fs3%2Faws4_request&X-Amz-Date=20260902T180350Z&X-Amz-Expires=77998&X-Amz-Signature=ee583b9f0efea855c949eb5f0dd48d9382681b1574595354ac945839f604f05d&X-Amz-SignedHeaders=host%3Bx-amz-expected-bucket-owner&response-expires=Thu%2C%2003%20Sep%202026%2015%3A43%3A48%20GMT
CANCER_SAGITTARIUS	Phone	Champagne_Ivory	https://export-download.canva.com/4e9Ag/DAHUJO4e9Ag/-1/0/0030-1130918245294854608.jpg?X-Amz-Algorithm=AWS4-HMAC-SHA256&X-Amz-Credential=AKIAQYCGKMUH5AO7UJ26%2F20260903%2Fus-east-1%2Fs3%2Faws4_request&X-Amz-Date=20260903T030343Z&X-Amz-Expires=47838&X-Amz-Signature=fbe4ef7febb91877a99e826406647763244accdcfab254564ae62fddbb989609&X-Amz-SignedHeaders=host%3Bx-amz-expected-bucket-owner&response-expires=Thu%2C%2003%20Sep%202026%2016%3A21%3A01%20GMT
CANCER_SCORPIO	Phone	Champagne_Ivory	https://export-download.canva.com/4e9Ag/DAHUJO4e9Ag/-1/0/0031-1130918245294854608.jpg?X-Amz-Algorithm=AWS4-HMAC-SHA256&X-Amz-Credential=AKIAQYCGKMUH5AO7UJ26%2F20260903%2Fus-east-1%2Fs3%2Faws4_request&X-Amz-Date=20260903T012428Z&X-Amz-Expires=53176&X-Amz-Signature=de8d2096090ff14605331ec3099a973d9bc878c26a029cf224a6bdb4f4dd62b9&X-Amz-SignedHeaders=host%3Bx-amz-expected-bucket-owner&response-expires=Thu%2C%2003%20Sep%202026%2016%3A10%3A44%20GMT
CANCER_TAURUS	Phone	Champagne_Ivory	https://export-download.canva.com/4e9Ag/DAHUJO4e9Ag/-1/0/0032-1130918245294854608.jpg?X-Amz-Algorithm=AWS4-HMAC-SHA256&X-Amz-Credential=AKIAQYCGKMUH5AO7UJ26%2F20260903%2Fus-east-1%2Fs3%2Faws4_request&X-Amz-Date=20260903T055242Z&X-Amz-Expires=35191&X-Amz-Signature=39e27c6b05f43aee6a0ff026c461c4eeeb36ea7c3327f118f2d39ab3bd64a33a&X-Amz-SignedHeaders=host%3Bx-amz-expected-bucket-owner&response-expires=Thu%2C%2003%20Sep%202026%2015%3A39%3A13%20GMT
CANCER_VIRGO	Phone	Champagne_Ivory	https://export-download.canva.com/4e9Ag/DAHUJO4e9Ag/-1/0/0033-1130918245294854608.jpg?X-Amz-Algorithm=AWS4-HMAC-SHA256&X-Amz-Credential=AKIAQYCGKMUH5AO7UJ26%2F20260903%2Fus-east-1%2Fs3%2Faws4_request&X-Amz-Date=20260903T100319Z&X-Amz-Expires=20629&X-Amz-Signature=41142f6a264add6ec0857d0fb0f1b346368b6d6d331b6df1014a7de9ba9e73d3&X-Amz-SignedHeaders=host%3Bx-amz-expected-bucket-owner&response-expires=Thu%2C%2003%20Sep%202026%2015%3A47%3A08%20GMT
CAPRICORN_CAPRICORN	Phone	Champagne_Ivory	https://export-download.canva.com/4e9Ag/DAHUJO4e9Ag/-1/0/0034-1130918245294854608.jpg?X-Amz-Algorithm=AWS4-HMAC-SHA256&X-Amz-Credential=AKIAQYCGKMUH5AO7UJ26%2F20260903%2Fus-east-1%2Fs3%2Faws4_request&X-Amz-Date=20260903T031440Z&X-Amz-Expires=45185&X-Amz-Signature=c916f32ddc06ef574fa3c817dea943fac625975a6a593e08cdd0099dc2766508&X-Amz-SignedHeaders=host%3Bx-amz-expected-bucket-owner&response-expires=Thu%2C%2003%20Sep%202026%2015%3A47%3A45%20GMT
CAPRICORN_GEMINI	Phone	Champagne_Ivory	https://export-download.canva.com/4e9Ag/DAHUJO4e9Ag/-1/0/0035-1130918245294854608.jpg?X-Amz-Algorithm=AWS4-HMAC-SHA256&X-Amz-Credential=AKIAQYCGKMUH5AO7UJ26%2F20260903%2Fus-east-1%2Fs3%2Faws4_request&X-Amz-Date=20260903T114810Z&X-Amz-Expires=16252&X-Amz-Signature=7ced1fc0fbf76a7c98a24e3fcf8c8fa6a13e2d88c5fdd5995b4357e163d2f0f4&X-Amz-SignedHeaders=host%3Bx-amz-expected-bucket-owner&response-expires=Thu%2C%2003%20Sep%202026%2016%3A19%3A02%20GMT
CAPRICORN_LEO	Phone	Champagne_Ivory	https://export-download.canva.com/4e9Ag/DAHUJO4e9Ag/-1/0/0036-1130918245294854608.jpg?X-Amz-Algorithm=AWS4-HMAC-SHA256&X-Amz-Credential=AKIAQYCGKMUH5AO7UJ26%2F20260902%2Fus-east-1%2Fs3%2Faws4_request&X-Amz-Date=20260902T214506Z&X-Amz-Expires=66939&X-Amz-Signature=7465ab697d68c1f80b92796afc5108cfc846aee8005c9ea765ec3be19b22627f&X-Amz-SignedHeaders=host%3Bx-amz-expected-bucket-owner&response-expires=Thu%2C%2003%20Sep%202026%2016%3A20%3A45%20GMT
CAPRICORN_LIBRA	Phone	Champagne_Ivory	https://export-download.canva.com/4e9Ag/DAHUJO4e9Ag/-1/0/0037-1130918245294854608.jpg?X-Amz-Algorithm=AWS4-HMAC-SHA256&X-Amz-Credential=AKIAQYCGKMUH5AO7UJ26%2F20260903%2Fus-east-1%2Fs3%2Faws4_request&X-Amz-Date=20260903T124904Z&X-Amz-Expires=12041&X-Amz-Signature=1815a6196b0bf8ee97f1948ae9e1033f76f17faf409e6ffc4666648ba617ac7b&X-Amz-SignedHeaders=host%3Bx-amz-expected-bucket-owner&response-expires=Thu%2C%2003%20Sep%202026%2016%3A09%3A45%20GMT
CAPRICORN_PISCES	Phone	Champagne_Ivory	https://export-download.canva.com/4e9Ag/DAHUJO4e9Ag/-1/0/0038-1130918245294854608.jpg?X-Amz-Algorithm=AWS4-HMAC-SHA256&X-Amz-Credential=AKIAQYCGKMUH5AO7UJ26%2F20260902%2Fus-east-1%2Fs3%2Faws4_request&X-Amz-Date=20260902T222841Z&X-Amz-Expires=64648&X-Amz-Signature=bbe37d61ef99d4eaa90e82006acdfe06e081fab8fbe67bafa848f12683b319fd&X-Amz-SignedHeaders=host%3Bx-amz-expected-bucket-owner&response-expires=Thu%2C%2003%20Sep%202026%2016%3A26%3A09%20GMT
CAPRICORN_SAGITTARIUS	Phone	Champagne_Ivory	https://export-download.canva.com/4e9Ag/DAHUJO4e9Ag/-1/0/0039-1130918245294854608.jpg?X-Amz-Algorithm=AWS4-HMAC-SHA256&X-Amz-Credential=AKIAQYCGKMUH5AO7UJ26%2F20260903%2Fus-east-1%2Fs3%2Faws4_request&X-Amz-Date=20260903T013048Z&X-Amz-Expires=51384&X-Amz-Signature=06e6025ac46881cb9b9dfabd746abcac4aa0ecf73cb08931ec3418e9d6150e1a&X-Amz-SignedHeaders=host%3Bx-amz-expected-bucket-owner&response-expires=Thu%2C%2003%20Sep%202026%2015%3A47%3A12%20GMT
CAPRICORN_SCORPIO	Phone	Champagne_Ivory	https://export-download.canva.com/4e9Ag/DAHUJO4e9Ag/-1/0/0040-1130918245294854608.jpg?X-Amz-Algorithm=AWS4-HMAC-SHA256&X-Amz-Credential=AKIAQYCGKMUH5AO7UJ26%2F20260903%2Fus-east-1%2Fs3%2Faws4_request&X-Amz-Date=20260903T095350Z&X-Amz-Expires=24222&X-Amz-Signature=8ef8486363cafa252c4cef5f7f68eb3f86ea8f22e790af65dc70cdf785592d99&X-Amz-SignedHeaders=host%3Bx-amz-expected-bucket-owner&response-expires=Thu%2C%2003%20Sep%202026%2016%3A37%3A32%20GMT
CAPRICORN_TAURUS	Phone	Champagne_Ivory	https://export-download.canva.com/4e9Ag/DAHUJO4e9Ag/-1/0/0041-1130918245294854608.jpg?X-Amz-Algorithm=AWS4-HMAC-SHA256&X-Amz-Credential=AKIAQYCGKMUH5AO7UJ26%2F20260903%2Fus-east-1%2Fs3%2Faws4_request&X-Amz-Date=20260903T111111Z&X-Amz-Expires=18545&X-Amz-Signature=0bcb8d9794f2dbc1c06d43154a369b3a0544697e050cefaa214700e22f9a93e7&X-Amz-SignedHeaders=host%3Bx-amz-expected-bucket-owner&response-expires=Thu%2C%2003%20Sep%202026%2016%3A20%3A16%20GMT
CAPRICORN_VIRGO	Phone	Champagne_Ivory	https://export-download.canva.com/4e9Ag/DAHUJO4e9Ag/-1/0/0042-1130918245294854608.jpg?X-Amz-Algorithm=AWS4-HMAC-SHA256&X-Amz-Credential=AKIAQYCGKMUH5AO7UJ26%2F20260902%2Fus-east-1%2Fs3%2Faws4_request&X-Amz-Date=20260902T171519Z&X-Amz-Expires=82680&X-Amz-Signature=19fc7afe42ff87d2086a6953eaf01354c8748e3ae79f8553910cc64ece4f45dd&X-Amz-SignedHeaders=host%3Bx-amz-expected-bucket-owner&response-expires=Thu%2C%2003%20Sep%202026%2016%3A13%3A19%20GMT
GEMINI_GEMINI	Phone	Champagne_Ivory	https://export-download.canva.com/4e9Ag/DAHUJO4e9Ag/-1/0/0043-1130918245294854608.jpg?X-Amz-Algorithm=AWS4-HMAC-SHA256&X-Amz-Credential=AKIAQYCGKMUH5AO7UJ26%2F20260902%2Fus-east-1%2Fs3%2Faws4_request&X-Amz-Date=20260902T225908Z&X-Amz-Expires=60665&X-Amz-Signature=ba5613ce31433b2d56d990aff7b723c54d593788abe38f075b1c823f533d39c3&X-Amz-SignedHeaders=host%3Bx-amz-expected-bucket-owner&response-expires=Thu%2C%2003%20Sep%202026%2015%3A50%3A13%20GMT
GEMINI_LEO	Phone	Champagne_Ivory	https://export-download.canva.com/4e9Ag/DAHUJO4e9Ag/-1/0/0044-1130918245294854608.jpg?X-Amz-Algorithm=AWS4-HMAC-SHA256&X-Amz-Credential=AKIAQYCGKMUH5AO7UJ26%2F20260903%2Fus-east-1%2Fs3%2Faws4_request&X-Amz-Date=20260903T120555Z&X-Amz-Expires=14221&X-Amz-Signature=495bc0acb9fb60b7ea7601ee83708fdc0f1ff3b430c438654c50a861b592dc7c&X-Amz-SignedHeaders=host%3Bx-amz-expected-bucket-owner&response-expires=Thu%2C%2003%20Sep%202026%2016%3A02%3A56%20GMT
GEMINI_LIBRA	Phone	Champagne_Ivory	https://export-download.canva.com/4e9Ag/DAHUJO4e9Ag/-1/0/0045-1130918245294854608.jpg?X-Amz-Algorithm=AWS4-HMAC-SHA256&X-Amz-Credential=AKIAQYCGKMUH5AO7UJ26%2F20260902%2Fus-east-1%2Fs3%2Faws4_request&X-Amz-Date=20260902T172452Z&X-Amz-Expires=81844&X-Amz-Signature=549d98a6cdd57d5bbe049f49ac12605f668612c4391bf0f709324eef3ffa3abd&X-Amz-SignedHeaders=host%3Bx-amz-expected-bucket-owner&response-expires=Thu%2C%2003%20Sep%202026%2016%3A08%3A56%20GMT
GEMINI_PISCES	Phone	Champagne_Ivory	https://export-download.canva.com/4e9Ag/DAHUJO4e9Ag/-1/0/0046-1130918245294854608.jpg?X-Amz-Algorithm=AWS4-HMAC-SHA256&X-Amz-Credential=AKIAQYCGKMUH5AO7UJ26%2F20260903%2Fus-east-1%2Fs3%2Faws4_request&X-Amz-Date=20260903T071308Z&X-Amz-Expires=31956&X-Amz-Signature=2cde43270950af5385f7b7e8dbc8d083d03e57c585e76d0e56b6d25caae1ef2f&X-Amz-SignedHeaders=host%3Bx-amz-expected-bucket-owner&response-expires=Thu%2C%2003%20Sep%202026%2016%3A05%3A44%20GMT
GEMINI_SAGITTARIUS	Phone	Champagne_Ivory	https://export-download.canva.com/4e9Ag/DAHUJO4e9Ag/-1/0/0047-1130918245294854608.jpg?X-Amz-Algorithm=AWS4-HMAC-SHA256&X-Amz-Credential=AKIAQYCGKMUH5AO7UJ26%2F20260902%2Fus-east-1%2Fs3%2Faws4_request&X-Amz-Date=20260902T231509Z&X-Amz-Expires=60199&X-Amz-Signature=6c3da0e1cfe2860d2e504c1848db04f4d446677d6dcd7b06c2548cabea8f51d5&X-Amz-SignedHeaders=host%3Bx-amz-expected-bucket-owner&response-expires=Thu%2C%2003%20Sep%202026%2015%3A58%3A28%20GMT
GEMINI_SCORPIO	Phone	Champagne_Ivory	https://export-download.canva.com/4e9Ag/DAHUJO4e9Ag/-1/0/0048-1130918245294854608.jpg?X-Amz-Algorithm=AWS4-HMAC-SHA256&X-Amz-Credential=AKIAQYCGKMUH5AO7UJ26%2F20260903%2Fus-east-1%2Fs3%2Faws4_request&X-Amz-Date=20260903T103657Z&X-Amz-Expires=20889&X-Amz-Signature=fa5f2b0eb600584106eb4e72d7046d273406f76a01ff51eefb155edb6ef6f63d&X-Amz-SignedHeaders=host%3Bx-amz-expected-bucket-owner&response-expires=Thu%2C%2003%20Sep%202026%2016%3A25%3A06%20GMT
GEMINI_TAURUS	Phone	Champagne_Ivory	https://export-download.canva.com/4e9Ag/DAHUJO4e9Ag/-1/0/0049-1130918245294854608.jpg?X-Amz-Algorithm=AWS4-HMAC-SHA256&X-Amz-Credential=AKIAQYCGKMUH5AO7UJ26%2F20260902%2Fus-east-1%2Fs3%2Faws4_request&X-Amz-Date=20260902T181654Z&X-Amz-Expires=77459&X-Amz-Signature=8393c1ebd3b79406bedfce0b34d51aeb3b003c0d3b9766e247d2e92f1b59354f&X-Amz-SignedHeaders=host%3Bx-amz-expected-bucket-owner&response-expires=Thu%2C%2003%20Sep%202026%2015%3A47%3A53%20GMT
GEMINI_VIRGO	Phone	Champagne_Ivory	https://export-download.canva.com/4e9Ag/DAHUJO4e9Ag/-1/0/0050-1130918245294854608.jpg?X-Amz-Algorithm=AWS4-HMAC-SHA256&X-Amz-Credential=AKIAQYCGKMUH5AO7UJ26%2F20260903%2Fus-east-1%2Fs3%2Faws4_request&X-Amz-Date=20260903T033940Z&X-Amz-Expires=45708&X-Amz-Signature=49137642da1f3c80cc1cba5d841ec201a3fded0a962b41371c3d96e53950f286&X-Amz-SignedHeaders=host%3Bx-amz-expected-bucket-owner&response-expires=Thu%2C%2003%20Sep%202026%2016%3A21%3A28%20GMT
LEO_LEO	Phone	Champagne_Ivory	https://export-download.canva.com/4e9Ag/DAHUJO4e9Ag/-1/0/0051-1130918245294854608.jpg?X-Amz-Algorithm=AWS4-HMAC-SHA256&X-Amz-Credential=AKIAQYCGKMUH5AO7UJ26%2F20260902%2Fus-east-1%2Fs3%2Faws4_request&X-Amz-Date=20260902T162556Z&X-Amz-Expires=86219&X-Amz-Signature=defb4a3f9ad93dc70013b6b8658eacf613a932505631f9a92638a10fefbadf1b&X-Amz-SignedHeaders=host%3Bx-amz-expected-bucket-owner&response-expires=Thu%2C%2003%20Sep%202026%2016%3A22%3A55%20GMT
LEO_LIBRA	Phone	Champagne_Ivory	https://export-download.canva.com/4e9Ag/DAHUJO4e9Ag/-1/0/0052-1130918245294854608.jpg?X-Amz-Algorithm=AWS4-HMAC-SHA256&X-Amz-Credential=AKIAQYCGKMUH5AO7UJ26%2F20260902%2Fus-east-1%2Fs3%2Faws4_request&X-Amz-Date=20260902T220704Z&X-Amz-Expires=63458&X-Amz-Signature=e6c9302da10684267dfd6468a997b74a2959e0d90ea79487d88c713757be3508&X-Amz-SignedHeaders=host%3Bx-amz-expected-bucket-owner&response-expires=Thu%2C%2003%20Sep%202026%2015%3A44%3A42%20GMT
LEO_PISCES	Phone	Champagne_Ivory	https://export-download.canva.com/4e9Ag/DAHUJO4e9Ag/-1/0/0053-1130918245294854608.jpg?X-Amz-Algorithm=AWS4-HMAC-SHA256&X-Amz-Credential=AKIAQYCGKMUH5AO7UJ26%2F20260903%2Fus-east-1%2Fs3%2Faws4_request&X-Amz-Date=20260903T060200Z&X-Amz-Expires=37771&X-Amz-Signature=bc23f44b035a489c4177255c484de85fae3c92dd2bb3fc9836fb90282205a467&X-Amz-SignedHeaders=host%3Bx-amz-expected-bucket-owner&response-expires=Thu%2C%2003%20Sep%202026%2016%3A31%3A31%20GMT
LEO_SAGITTARIUS	Phone	Champagne_Ivory	https://export-download.canva.com/4e9Ag/DAHUJO4e9Ag/-1/0/0054-1130918245294854608.jpg?X-Amz-Algorithm=AWS4-HMAC-SHA256&X-Amz-Credential=AKIAQYCGKMUH5AO7UJ26%2F20260902%2Fus-east-1%2Fs3%2Faws4_request&X-Amz-Date=20260902T215435Z&X-Amz-Expires=65204&X-Amz-Signature=ff4da00d74b90eba8ea69abb9936f8b774c0519a051c8595d1fa274a2371b8d8&X-Amz-SignedHeaders=host%3Bx-amz-expected-bucket-owner&response-expires=Thu%2C%2003%20Sep%202026%2016%3A01%3A19%20GMT
LEO_SCORPIO	Phone	Champagne_Ivory	https://export-download.canva.com/4e9Ag/DAHUJO4e9Ag/-1/0/0055-1130918245294854608.jpg?X-Amz-Algorithm=AWS4-HMAC-SHA256&X-Amz-Credential=AKIAQYCGKMUH5AO7UJ26%2F20260903%2Fus-east-1%2Fs3%2Faws4_request&X-Amz-Date=20260903T100354Z&X-Amz-Expires=21485&X-Amz-Signature=f383a9136a4f083c5b30a8056d4795e1633ce292a2c295515526ac92963ffb0d&X-Amz-SignedHeaders=host%3Bx-amz-expected-bucket-owner&response-expires=Thu%2C%2003%20Sep%202026%2016%3A01%3A59%20GMT
LEO_TAURUS	Phone	Champagne_Ivory	https://export-download.canva.com/4e9Ag/DAHUJO4e9Ag/-1/0/0056-1130918245294854608.jpg?X-Amz-Algorithm=AWS4-HMAC-SHA256&X-Amz-Credential=AKIAQYCGKMUH5AO7UJ26%2F20260903%2Fus-east-1%2Fs3%2Faws4_request&X-Amz-Date=20260903T122300Z&X-Amz-Expires=14308&X-Amz-Signature=198086533c3ee466272beb46ad3ebaf5ae5b3140c4f82fcf5f67cab5ca4b87e9&X-Amz-SignedHeaders=host%3Bx-amz-expected-bucket-owner&response-expires=Thu%2C%2003%20Sep%202026%2016%3A21%3A28%20GMT
LEO_VIRGO	Phone	Champagne_Ivory	https://export-download.canva.com/4e9Ag/DAHUJO4e9Ag/-1/0/0057-1130918245294854608.jpg?X-Amz-Algorithm=AWS4-HMAC-SHA256&X-Amz-Credential=AKIAQYCGKMUH5AO7UJ26%2F20260903%2Fus-east-1%2Fs3%2Faws4_request&X-Amz-Date=20260903T120727Z&X-Amz-Expires=15351&X-Amz-Signature=6fe41c0b1d728e5fd824efac2cec0f25f36eefecc5ceeffecc44c44f788518a9&X-Amz-SignedHeaders=host%3Bx-amz-expected-bucket-owner&response-expires=Thu%2C%2003%20Sep%202026%2016%3A23%3A18%20GMT
LIBRA_LIBRA	Phone	Champagne_Ivory	https://export-download.canva.com/4e9Ag/DAHUJO4e9Ag/-1/0/0058-1130918245294854608.jpg?X-Amz-Algorithm=AWS4-HMAC-SHA256&X-Amz-Credential=AKIAQYCGKMUH5AO7UJ26%2F20260902%2Fus-east-1%2Fs3%2Faws4_request&X-Amz-Date=20260902T171041Z&X-Amz-Expires=83037&X-Amz-Signature=f6cf11a76cdc8cd5e5962111be4d40471e62065c8876d353d1e520817cbc97df&X-Amz-SignedHeaders=host%3Bx-amz-expected-bucket-owner&response-expires=Thu%2C%2003%20Sep%202026%2016%3A14%3A38%20GMT
LIBRA_PISCES	Phone	Champagne_Ivory	https://export-download.canva.com/4e9Ag/DAHUJO4e9Ag/-1/0/0059-1130918245294854608.jpg?X-Amz-Algorithm=AWS4-HMAC-SHA256&X-Amz-Credential=AKIAQYCGKMUH5AO7UJ26%2F20260902%2Fus-east-1%2Fs3%2Faws4_request&X-Amz-Date=20260902T194806Z&X-Amz-Expires=72166&X-Amz-Signature=5d2c8efae2e008895ed87548b2bdc235e244f48ab62e0bb0d5da489cb3e3821d&X-Amz-SignedHeaders=host%3Bx-amz-expected-bucket-owner&response-expires=Thu%2C%2003%20Sep%202026%2015%3A50%3A52%20GMT
LIBRA_SAGITTARIUS	Phone	Champagne_Ivory	https://export-download.canva.com/4e9Ag/DAHUJO4e9Ag/-1/0/0060-1130918245294854608.jpg?X-Amz-Algorithm=AWS4-HMAC-SHA256&X-Amz-Credential=AKIAQYCGKMUH5AO7UJ26%2F20260903%2Fus-east-1%2Fs3%2Faws4_request&X-Amz-Date=20260903T130253Z&X-Amz-Expires=11290&X-Amz-Signature=b28cc78c832499857ecdfc968ef24649ef7dea087c19081c4e44ffd5442f6e25&X-Amz-SignedHeaders=host%3Bx-amz-expected-bucket-owner&response-expires=Thu%2C%2003%20Sep%202026%2016%3A11%3A03%20GMT
LIBRA_SCORPIO	Phone	Champagne_Ivory	https://export-download.canva.com/4e9Ag/DAHUJO4e9Ag/-1/0/0061-1130918245294854608.jpg?X-Amz-Algorithm=AWS4-HMAC-SHA256&X-Amz-Credential=AKIAQYCGKMUH5AO7UJ26%2F20260903%2Fus-east-1%2Fs3%2Faws4_request&X-Amz-Date=20260903T114242Z&X-Amz-Expires=14642&X-Amz-Signature=f7a38bfa20f0bdabce60077822ffc051e66ae65f57e9f2508eea82292738aa03&X-Amz-SignedHeaders=host%3Bx-amz-expected-bucket-owner&response-expires=Thu%2C%2003%20Sep%202026%2015%3A46%3A44%20GMT
LIBRA_TAURUS	Phone	Champagne_Ivory	https://export-download.canva.com/4e9Ag/DAHUJO4e9Ag/-1/0/0062-1130918245294854608.jpg?X-Amz-Algorithm=AWS4-HMAC-SHA256&X-Amz-Credential=AKIAQYCGKMUH5AO7UJ26%2F20260903%2Fus-east-1%2Fs3%2Faws4_request&X-Amz-Date=20260903T065804Z&X-Amz-Expires=32812&X-Amz-Signature=05f25b4a168e3fa13156d509f833f9274bccbd980e44ff0870185a02f5a05e50&X-Amz-SignedHeaders=host%3Bx-amz-expected-bucket-owner&response-expires=Thu%2C%2003%20Sep%202026%2016%3A04%3A56%20GMT
LIBRA_VIRGO	Phone	Champagne_Ivory	https://export-download.canva.com/4e9Ag/DAHUJO4e9Ag/-1/0/0063-1130918245294854608.jpg?X-Amz-Algorithm=AWS4-HMAC-SHA256&X-Amz-Credential=AKIAQYCGKMUH5AO7UJ26%2F20260903%2Fus-east-1%2Fs3%2Faws4_request&X-Amz-Date=20260903T040013Z&X-Amz-Expires=45483&X-Amz-Signature=6f27aec79bc74c88e4842141db90691a57d107f918f875018a50b77cacf3e8eb&X-Amz-SignedHeaders=host%3Bx-amz-expected-bucket-owner&response-expires=Thu%2C%2003%20Sep%202026%2016%3A38%3A16%20GMT
PISCES_PISCES	Phone	Champagne_Ivory	https://export-download.canva.com/4e9Ag/DAHUJO4e9Ag/-1/0/0064-1130918245294854608.jpg?X-Amz-Algorithm=AWS4-HMAC-SHA256&X-Amz-Credential=AKIAQYCGKMUH5AO7UJ26%2F20260903%2Fus-east-1%2Fs3%2Faws4_request&X-Amz-Date=20260903T120143Z&X-Amz-Expires=14514&X-Amz-Signature=09ec5217b45c7cfa0904e88abc737f45253cb07f14e445e76e77e4ff4bbc623f&X-Amz-SignedHeaders=host%3Bx-amz-expected-bucket-owner&response-expires=Thu%2C%2003%20Sep%202026%2016%3A03%3A37%20GMT
PISCES_SAGITTARIUS	Phone	Champagne_Ivory	https://export-download.canva.com/4e9Ag/DAHUJO4e9Ag/-1/0/0065-1130918245294854608.jpg?X-Amz-Algorithm=AWS4-HMAC-SHA256&X-Amz-Credential=AKIAQYCGKMUH5AO7UJ26%2F20260903%2Fus-east-1%2Fs3%2Faws4_request&X-Amz-Date=20260903T044148Z&X-Amz-Expires=39655&X-Amz-Signature=80150db6644d568af5c2fd5281cf57f071da43b689610efa23e9fec73a021146&X-Amz-SignedHeaders=host%3Bx-amz-expected-bucket-owner&response-expires=Thu%2C%2003%20Sep%202026%2015%3A42%3A43%20GMT
PISCES_SCORPIO	Phone	Champagne_Ivory	https://export-download.canva.com/4e9Ag/DAHUJO4e9Ag/-1/0/0066-1130918245294854608.jpg?X-Amz-Algorithm=AWS4-HMAC-SHA256&X-Amz-Credential=AKIAQYCGKMUH5AO7UJ26%2F20260902%2Fus-east-1%2Fs3%2Faws4_request&X-Amz-Date=20260902T232151Z&X-Amz-Expires=60152&X-Amz-Signature=5fb8a9ecac999b25b621b69cf33f49969c95eb3e9e1206da6169d9e454a47f4b&X-Amz-SignedHeaders=host%3Bx-amz-expected-bucket-owner&response-expires=Thu%2C%2003%20Sep%202026%2016%3A04%3A23%20GMT
PISCES_TAURUS	Phone	Champagne_Ivory	https://export-download.canva.com/4e9Ag/DAHUJO4e9Ag/-1/0/0067-1130918245294854608.jpg?X-Amz-Algorithm=AWS4-HMAC-SHA256&X-Amz-Credential=AKIAQYCGKMUH5AO7UJ26%2F20260903%2Fus-east-1%2Fs3%2Faws4_request&X-Amz-Date=20260903T024507Z&X-Amz-Expires=46522&X-Amz-Signature=43b2b2a9c707fc9f23fbfb601193a9f81fc5637b40fe75d11e5ce872565e8b07&X-Amz-SignedHeaders=host%3Bx-amz-expected-bucket-owner&response-expires=Thu%2C%2003%20Sep%202026%2015%3A40%3A29%20GMT
PISCES_VIRGO	Phone	Champagne_Ivory	https://export-download.canva.com/4e9Ag/DAHUJO4e9Ag/-1/0/0068-1130918245294854608.jpg?X-Amz-Algorithm=AWS4-HMAC-SHA256&X-Amz-Credential=AKIAQYCGKMUH5AO7UJ26%2F20260902%2Fus-east-1%2Fs3%2Faws4_request&X-Amz-Date=20260902T153721Z&X-Amz-Expires=87851&X-Amz-Signature=bc5ef128b2880d2965ef934fb47c5dae41ce79d7b8ab82cb75d6b7f8ad453258&X-Amz-SignedHeaders=host%3Bx-amz-expected-bucket-owner&response-expires=Thu%2C%2003%20Sep%202026%2016%3A01%3A32%20GMT
SAGITTARIUS_SAGITTARIUS	Phone	Champagne_Ivory	https://export-download.canva.com/4e9Ag/DAHUJO4e9Ag/-1/0/0069-1130918245294854608.jpg?X-Amz-Algorithm=AWS4-HMAC-SHA256&X-Amz-Credential=AKIAQYCGKMUH5AO7UJ26%2F20260902%2Fus-east-1%2Fs3%2Faws4_request&X-Amz-Date=20260902T190648Z&X-Amz-Expires=76028&X-Amz-Signature=c13dbb09691007801ec1c977163665547589a5abb712690ad865622aa34b8268&X-Amz-SignedHeaders=host%3Bx-amz-expected-bucket-owner&response-expires=Thu%2C%2003%20Sep%202026%2016%3A13%3A56%20GMT
SAGITTARIUS_SCORPIO	Phone	Champagne_Ivory	https://export-download.canva.com/4e9Ag/DAHUJO4e9Ag/-1/0/0070-1130918245294854608.jpg?X-Amz-Algorithm=AWS4-HMAC-SHA256&X-Amz-Credential=AKIAQYCGKMUH5AO7UJ26%2F20260903%2Fus-east-1%2Fs3%2Faws4_request&X-Amz-Date=20260903T115619Z&X-Amz-Expires=15012&X-Amz-Signature=b1181c6f0f4601be51030ddf62468e0401a3d0acda3e783d0fb80ba0014422c3&X-Amz-SignedHeaders=host%3Bx-amz-expected-bucket-owner&response-expires=Thu%2C%2003%20Sep%202026%2016%3A06%3A31%20GMT
SAGITTARIUS_TAURUS	Phone	Champagne_Ivory	https://export-download.canva.com/4e9Ag/DAHUJO4e9Ag/-1/0/0071-1130918245294854608.jpg?X-Amz-Algorithm=AWS4-HMAC-SHA256&X-Amz-Credential=AKIAQYCGKMUH5AO7UJ26%2F20260903%2Fus-east-1%2Fs3%2Faws4_request&X-Amz-Date=20260903T065204Z&X-Amz-Expires=31950&X-Amz-Signature=4083f5d2923dc1ae350ffb8cc6db361edd371f8e15fd79a93ed5c56e66142105&X-Amz-SignedHeaders=host%3Bx-amz-expected-bucket-owner&response-expires=Thu%2C%2003%20Sep%202026%2015%3A44%3A34%20GMT
SAGITTARIUS_VIRGO	Phone	Champagne_Ivory	https://export-download.canva.com/4e9Ag/DAHUJO4e9Ag/-1/0/0072-1130918245294854608.jpg?X-Amz-Algorithm=AWS4-HMAC-SHA256&X-Amz-Credential=AKIAQYCGKMUH5AO7UJ26%2F20260903%2Fus-east-1%2Fs3%2Faws4_request&X-Amz-Date=20260903T064219Z&X-Amz-Expires=34061&X-Amz-Signature=6104a7c44b6373aa909f1f4945acc93583ec0c877235b61a5afb39fcbc9190e8&X-Amz-SignedHeaders=host%3Bx-amz-expected-bucket-owner&response-expires=Thu%2C%2003%20Sep%202026%2016%3A10%3A00%20GMT
SCORPIO_SCORPIO	Phone	Champagne_Ivory	https://export-download.canva.com/4e9Ag/DAHUJO4e9Ag/-1/0/0073-1130918245294854608.jpg?X-Amz-Algorithm=AWS4-HMAC-SHA256&X-Amz-Credential=AKIAQYCGKMUH5AO7UJ26%2F20260902%2Fus-east-1%2Fs3%2Faws4_request&X-Amz-Date=20260902T174832Z&X-Amz-Expires=80345&X-Amz-Signature=e4a6c17ad5b3d753b1032520289e035532d7a42b0f883bbc376b049fc0aad824&X-Amz-SignedHeaders=host%3Bx-amz-expected-bucket-owner&response-expires=Thu%2C%2003%20Sep%202026%2016%3A07%3A37%20GMT
SCORPIO_TAURUS	Phone	Champagne_Ivory	https://export-download.canva.com/4e9Ag/DAHUJO4e9Ag/-1/0/0074-1130918245294854608.jpg?X-Amz-Algorithm=AWS4-HMAC-SHA256&X-Amz-Credential=AKIAQYCGKMUH5AO7UJ26%2F20260903%2Fus-east-1%2Fs3%2Faws4_request&X-Amz-Date=20260903T034504Z&X-Amz-Expires=45330&X-Amz-Signature=64d075c9c210ec6cc0fa0355d262aa44e2a7615ec3554613a7b65e297d597af0&X-Amz-SignedHeaders=host%3Bx-amz-expected-bucket-owner&response-expires=Thu%2C%2003%20Sep%202026%2016%3A20%3A34%20GMT
SCORPIO_VIRGO	Phone	Champagne_Ivory	https://export-download.canva.com/4e9Ag/DAHUJO4e9Ag/-1/0/0075-1130918245294854608.jpg?X-Amz-Algorithm=AWS4-HMAC-SHA256&X-Amz-Credential=AKIAQYCGKMUH5AO7UJ26%2F20260902%2Fus-east-1%2Fs3%2Faws4_request&X-Amz-Date=20260902T223904Z&X-Amz-Expires=63319&X-Amz-Signature=410e4e44b2b3d0bd9bae6775bcb497c0aab684560fcc521e78613b4ea9b8aea2&X-Amz-SignedHeaders=host%3Bx-amz-expected-bucket-owner&response-expires=Thu%2C%2003%20Sep%202026%2016%3A14%3A23%20GMT
TAURUS_TAURUS	Phone	Champagne_Ivory	https://export-download.canva.com/4e9Ag/DAHUJO4e9Ag/-1/0/0076-1130918245294854608.jpg?X-Amz-Algorithm=AWS4-HMAC-SHA256&X-Amz-Credential=AKIAQYCGKMUH5AO7UJ26%2F20260903%2Fus-east-1%2Fs3%2Faws4_request&X-Amz-Date=20260903T052024Z&X-Amz-Expires=38726&X-Amz-Signature=9cf4534200228cc62c18ca2b316aab787d93e67a6cbd5d6aaf3f8dba6780f0aa&X-Amz-SignedHeaders=host%3Bx-amz-expected-bucket-owner&response-expires=Thu%2C%2003%20Sep%202026%2016%3A05%3A50%20GMT
TAURUS_VIRGO	Phone	Champagne_Ivory	https://export-download.canva.com/4e9Ag/DAHUJO4e9Ag/-1/0/0077-1130918245294854608.jpg?X-Amz-Algorithm=AWS4-HMAC-SHA256&X-Amz-Credential=AKIAQYCGKMUH5AO7UJ26%2F20260902%2Fus-east-1%2Fs3%2Faws4_request&X-Amz-Date=20260902T154222Z&X-Amz-Expires=88347&X-Amz-Signature=3899caa16d892f28fc9d559f327cd239ed3f2a2e9575a80edc02b366e9f76c16&X-Amz-SignedHeaders=host%3Bx-amz-expected-bucket-owner&response-expires=Thu%2C%2003%20Sep%202026%2016%3A14%3A49%20GMT
VIRGO_VIRGO	Phone	Champagne_Ivory	https://export-download.canva.com/4e9Ag/DAHUJO4e9Ag/-1/0/0078-1130918245294854608.jpg?X-Amz-Algorithm=AWS4-HMAC-SHA256&X-Amz-Credential=AKIAQYCGKMUH5AO7UJ26%2F20260902%2Fus-east-1%2Fs3%2Faws4_request&X-Amz-Date=20260902T153941Z&X-Amz-Expires=88682&X-Amz-Signature=c6536ab8d417b7bd5cdb23c0b55239ba1c5e4419c806c1398f09d4c5ce9f3a32&X-Amz-SignedHeaders=host%3Bx-amz-expected-bucket-owner&response-expires=Thu%2C%2003%20Sep%202026%2016%3A17%3A43%20GMT
AQUARIUS_AQUARIUS	Tablet	Champagne_Ivory	https://export-download.canva.com/Y5QPA/DAHUJMY5QPA/-1/0/0001-2479746333540471294.jpg?X-Amz-Algorithm=AWS4-HMAC-SHA256&X-Amz-Credential=AKIAQYCGKMUH5AO7UJ26%2F20260903%2Fus-east-1%2Fs3%2Faws4_request&X-Amz-Date=20260903T040301Z&X-Amz-Expires=44728&X-Amz-Signature=624cc2c935e0b7aa23a001159091b5574ef84639fff2493c700acdbeab4a6285&X-Amz-SignedHeaders=host%3Bx-amz-expected-bucket-owner&response-expires=Thu%2C%2003%20Sep%202026%2016%3A28%3A29%20GMT
AQUARIUS_ARIES	Tablet	Champagne_Ivory	https://export-download.canva.com/Y5QPA/DAHUJMY5QPA/-1/0/0002-2479746333540471294.jpg?X-Amz-Algorithm=AWS4-HMAC-SHA256&X-Amz-Credential=AKIAQYCGKMUH5AO7UJ26%2F20260902%2Fus-east-1%2Fs3%2Faws4_request&X-Amz-Date=20260902T163919Z&X-Amz-Expires=84850&X-Amz-Signature=fa0145cae452084063ba34a159a3b58dc7280b66bceadb595369257a34c3f311&X-Amz-SignedHeaders=host%3Bx-amz-expected-bucket-owner&response-expires=Thu%2C%2003%20Sep%202026%2016%3A13%3A29%20GMT
AQUARIUS_CANCER	Tablet	Champagne_Ivory	https://export-download.canva.com/Y5QPA/DAHUJMY5QPA/-1/0/0003-2479746333540471294.jpg?X-Amz-Algorithm=AWS4-HMAC-SHA256&X-Amz-Credential=AKIAQYCGKMUH5AO7UJ26%2F20260902%2Fus-east-1%2Fs3%2Faws4_request&X-Amz-Date=20260902T164006Z&X-Amz-Expires=83819&X-Amz-Signature=b31282df35dab37b1b6df68676865e22e2656628c2b294d9b2902f0dd7c77628&X-Amz-SignedHeaders=host%3Bx-amz-expected-bucket-owner&response-expires=Thu%2C%2003%20Sep%202026%2015%3A57%3A05%20GMT
AQUARIUS_CAPRICORN	Tablet	Champagne_Ivory	https://export-download.canva.com/Y5QPA/DAHUJMY5QPA/-1/0/0004-2479746333540471294.jpg?X-Amz-Algorithm=AWS4-HMAC-SHA256&X-Amz-Credential=AKIAQYCGKMUH5AO7UJ26%2F20260903%2Fus-east-1%2Fs3%2Faws4_request&X-Amz-Date=20260903T013748Z&X-Amz-Expires=53912&X-Amz-Signature=bc5be9a2381824300d110aacd3f1edd22f3393458e8134c2d6b7db68dd4a7410&X-Amz-SignedHeaders=host%3Bx-amz-expected-bucket-owner&response-expires=Thu%2C%2003%20Sep%202026%2016%3A36%3A20%20GMT
AQUARIUS_GEMINI	Tablet	Champagne_Ivory	https://export-download.canva.com/Y5QPA/DAHUJMY5QPA/-1/0/0005-2479746333540471294.jpg?X-Amz-Algorithm=AWS4-HMAC-SHA256&X-Amz-Credential=AKIAQYCGKMUH5AO7UJ26%2F20260902%2Fus-east-1%2Fs3%2Faws4_request&X-Amz-Date=20260902T163659Z&X-Amz-Expires=85756&X-Amz-Signature=62cc15189acab6cd540c86156119bae0e61b7e793780f1829d2c01bb4129665a&X-Amz-SignedHeaders=host%3Bx-amz-expected-bucket-owner&response-expires=Thu%2C%2003%20Sep%202026%2016%3A26%3A15%20GMT
AQUARIUS_LEO	Tablet	Champagne_Ivory	https://export-download.canva.com/Y5QPA/DAHUJMY5QPA/-1/0/0006-2479746333540471294.jpg?X-Amz-Algorithm=AWS4-HMAC-SHA256&X-Amz-Credential=AKIAQYCGKMUH5AO7UJ26%2F20260903%2Fus-east-1%2Fs3%2Faws4_request&X-Amz-Date=20260903T012533Z&X-Amz-Expires=54579&X-Amz-Signature=c5476df0849f4b9c90ebd09ed7d57d01b3134ffe305f48c3b51c26a9491c9357&X-Amz-SignedHeaders=host%3Bx-amz-expected-bucket-owner&response-expires=Thu%2C%2003%20Sep%202026%2016%3A35%3A12%20GMT
AQUARIUS_LIBRA	Tablet	Champagne_Ivory	https://export-download.canva.com/Y5QPA/DAHUJMY5QPA/-1/0/0007-2479746333540471294.jpg?X-Amz-Algorithm=AWS4-HMAC-SHA256&X-Amz-Credential=AKIAQYCGKMUH5AO7UJ26%2F20260902%2Fus-east-1%2Fs3%2Faws4_request&X-Amz-Date=20260902T203645Z&X-Amz-Expires=69450&X-Amz-Signature=05f50f0353a95c064e83d5d78364f65be1969156994e6adffe45ca7624f6f993&X-Amz-SignedHeaders=host%3Bx-amz-expected-bucket-owner&response-expires=Thu%2C%2003%20Sep%202026%2015%3A54%3A15%20GMT
AQUARIUS_PISCES	Tablet	Champagne_Ivory	https://export-download.canva.com/Y5QPA/DAHUJMY5QPA/-1/0/0008-2479746333540471294.jpg?X-Amz-Algorithm=AWS4-HMAC-SHA256&X-Amz-Credential=AKIAQYCGKMUH5AO7UJ26%2F20260903%2Fus-east-1%2Fs3%2Faws4_request&X-Amz-Date=20260903T124124Z&X-Amz-Expires=12031&X-Amz-Signature=d53803148e09bcf828680a93aa86ce1790dc7c08c05e81a7582cf0940070d426&X-Amz-SignedHeaders=host%3Bx-amz-expected-bucket-owner&response-expires=Thu%2C%2003%20Sep%202026%2016%3A01%3A55%20GMT
AQUARIUS_SAGITTARIUS	Tablet	Champagne_Ivory	https://export-download.canva.com/Y5QPA/DAHUJMY5QPA/-1/0/0009-2479746333540471294.jpg?X-Amz-Algorithm=AWS4-HMAC-SHA256&X-Amz-Credential=AKIAQYCGKMUH5AO7UJ26%2F20260903%2Fus-east-1%2Fs3%2Faws4_request&X-Amz-Date=20260903T084940Z&X-Amz-Expires=26593&X-Amz-Signature=f7c14c31582c1050597baeee33f264c94b9a8e4bcb6559145544ba1d562c3931&X-Amz-SignedHeaders=host%3Bx-amz-expected-bucket-owner&response-expires=Thu%2C%2003%20Sep%202026%2016%3A12%3A53%20GMT
AQUARIUS_SCORPIO	Tablet	Champagne_Ivory	https://export-download.canva.com/Y5QPA/DAHUJMY5QPA/-1/0/0010-2479746333540471294.jpg?X-Amz-Algorithm=AWS4-HMAC-SHA256&X-Amz-Credential=AKIAQYCGKMUH5AO7UJ26%2F20260903%2Fus-east-1%2Fs3%2Faws4_request&X-Amz-Date=20260903T072721Z&X-Amz-Expires=30642&X-Amz-Signature=aec6302d11039b949083eaf74d8dd62b3ffb99e702000864dc8ec3f79aa998a9&X-Amz-SignedHeaders=host%3Bx-amz-expected-bucket-owner&response-expires=Thu%2C%2003%20Sep%202026%2015%3A58%3A03%20GMT
AQUARIUS_TAURUS	Tablet	Champagne_Ivory	https://export-download.canva.com/Y5QPA/DAHUJMY5QPA/-1/0/0011-2479746333540471294.jpg?X-Amz-Algorithm=AWS4-HMAC-SHA256&X-Amz-Credential=AKIAQYCGKMUH5AO7UJ26%2F20260902%2Fus-east-1%2Fs3%2Faws4_request&X-Amz-Date=20260902T223233Z&X-Amz-Expires=61697&X-Amz-Signature=2029f1ee9c48ca1dbccdcf1527d908683dde63843acd32409b3f48ed17663330&X-Amz-SignedHeaders=host%3Bx-amz-expected-bucket-owner&response-expires=Thu%2C%2003%20Sep%202026%2015%3A40%3A50%20GMT
AQUARIUS_VIRGO	Tablet	Champagne_Ivory	https://export-download.canva.com/Y5QPA/DAHUJMY5QPA/-1/0/0012-2479746333540471294.jpg?X-Amz-Algorithm=AWS4-HMAC-SHA256&X-Amz-Credential=AKIAQYCGKMUH5AO7UJ26%2F20260903%2Fus-east-1%2Fs3%2Faws4_request&X-Amz-Date=20260903T070552Z&X-Amz-Expires=32862&X-Amz-Signature=efaef6e62b058155a4b0eca4345bc989cec8f61579048658c22f1ce8ae214a83&X-Amz-SignedHeaders=host%3Bx-amz-expected-bucket-owner&response-expires=Thu%2C%2003%20Sep%202026%2016%3A13%3A34%20GMT
ARIES_ARIES	Tablet	Champagne_Ivory	https://export-download.canva.com/Y5QPA/DAHUJMY5QPA/-1/0/0013-2479746333540471294.jpg?X-Amz-Algorithm=AWS4-HMAC-SHA256&X-Amz-Credential=AKIAQYCGKMUH5AO7UJ26%2F20260902%2Fus-east-1%2Fs3%2Faws4_request&X-Amz-Date=20260902T235436Z&X-Amz-Expires=57476&X-Amz-Signature=749af26069d4478cc29238c309d31b4f3ff38ed77a55de31372a9c312e86d406&X-Amz-SignedHeaders=host%3Bx-amz-expected-bucket-owner&response-expires=Thu%2C%2003%20Sep%202026%2015%3A52%3A32%20GMT
ARIES_CANCER	Tablet	Champagne_Ivory	https://export-download.canva.com/Y5QPA/DAHUJMY5QPA/-1/0/0014-2479746333540471294.jpg?X-Amz-Algorithm=AWS4-HMAC-SHA256&X-Amz-Credential=AKIAQYCGKMUH5AO7UJ26%2F20260902%2Fus-east-1%2Fs3%2Faws4_request&X-Amz-Date=20260902T234536Z&X-Amz-Expires=59895&X-Amz-Signature=30565b886c0a8adc9f46abec85d7abfbaed386f37d6d0e95ea658f0059f4f3ea&X-Amz-SignedHeaders=host%3Bx-amz-expected-bucket-owner&response-expires=Thu%2C%2003%20Sep%202026%2016%3A23%3A51%20GMT
ARIES_CAPRICORN	Tablet	Champagne_Ivory	https://export-download.canva.com/Y5QPA/DAHUJMY5QPA/-1/0/0015-2479746333540471294.jpg?X-Amz-Algorithm=AWS4-HMAC-SHA256&X-Amz-Credential=AKIAQYCGKMUH5AO7UJ26%2F20260903%2Fus-east-1%2Fs3%2Faws4_request&X-Amz-Date=20260903T024456Z&X-Amz-Expires=48629&X-Amz-Signature=a2476eb5f4302e46873409733e7568845b2528e5ec14d5e3286dc2a6834de91f&X-Amz-SignedHeaders=host%3Bx-amz-expected-bucket-owner&response-expires=Thu%2C%2003%20Sep%202026%2016%3A15%3A25%20GMT
ARIES_GEMINI	Tablet	Champagne_Ivory	https://export-download.canva.com/Y5QPA/DAHUJMY5QPA/-1/0/0016-2479746333540471294.jpg?X-Amz-Algorithm=AWS4-HMAC-SHA256&X-Amz-Credential=AKIAQYCGKMUH5AO7UJ26%2F20260902%2Fus-east-1%2Fs3%2Faws4_request&X-Amz-Date=20260902T224203Z&X-Amz-Expires=63110&X-Amz-Signature=61c94a03ee6bc6952b04838380c6c094f6317ad57af6357f6975f6f0b0052ca5&X-Amz-SignedHeaders=host%3Bx-amz-expected-bucket-owner&response-expires=Thu%2C%2003%20Sep%202026%2016%3A13%3A53%20GMT
ARIES_LEO	Tablet	Champagne_Ivory	https://export-download.canva.com/Y5QPA/DAHUJMY5QPA/-1/0/0017-2479746333540471294.jpg?X-Amz-Algorithm=AWS4-HMAC-SHA256&X-Amz-Credential=AKIAQYCGKMUH5AO7UJ26%2F20260902%2Fus-east-1%2Fs3%2Faws4_request&X-Amz-Date=20260902T224653Z&X-Amz-Expires=63281&X-Amz-Signature=f7bf91e88ceb6a4992b3c90486aadb5712103940943e9654aad91ae44afffafe&X-Amz-SignedHeaders=host%3Bx-amz-expected-bucket-owner&response-expires=Thu%2C%2003%20Sep%202026%2016%3A21%3A34%20GMT
ARIES_LIBRA	Tablet	Champagne_Ivory	https://export-download.canva.com/Y5QPA/DAHUJMY5QPA/-1/0/0018-2479746333540471294.jpg?X-Amz-Algorithm=AWS4-HMAC-SHA256&X-Amz-Credential=AKIAQYCGKMUH5AO7UJ26%2F20260902%2Fus-east-1%2Fs3%2Faws4_request&X-Amz-Date=20260902T204827Z&X-Amz-Expires=70535&X-Amz-Signature=4cff6bce4389ae41c54e930ff606df56efe6aa7bd0af57ff36f125a948bb6d43&X-Amz-SignedHeaders=host%3Bx-amz-expected-bucket-owner&response-expires=Thu%2C%2003%20Sep%202026%2016%3A24%3A02%20GMT
ARIES_PISCES	Tablet	Champagne_Ivory	https://export-download.canva.com/Y5QPA/DAHUJMY5QPA/-1/0/0019-2479746333540471294.jpg?X-Amz-Algorithm=AWS4-HMAC-SHA256&X-Amz-Credential=AKIAQYCGKMUH5AO7UJ26%2F20260903%2Fus-east-1%2Fs3%2Faws4_request&X-Amz-Date=20260903T141702Z&X-Amz-Expires=8052&X-Amz-Signature=15bf7517152c1d6fae845d22e8e800cae420529caf346ff823c0db2c038c658a&X-Amz-SignedHeaders=host%3Bx-amz-expected-bucket-owner&response-expires=Thu%2C%2003%20Sep%202026%2016%3A31%3A14%20GMT
ARIES_SAGITTARIUS	Tablet	Champagne_Ivory	https://export-download.canva.com/Y5QPA/DAHUJMY5QPA/-1/0/0020-2479746333540471294.jpg?X-Amz-Algorithm=AWS4-HMAC-SHA256&X-Amz-Credential=AKIAQYCGKMUH5AO7UJ26%2F20260903%2Fus-east-1%2Fs3%2Faws4_request&X-Amz-Date=20260903T132932Z&X-Amz-Expires=10318&X-Amz-Signature=a229ab8800d6553e9291b5e4639951f2694c99df216398178d48580759b4eba8&X-Amz-SignedHeaders=host%3Bx-amz-expected-bucket-owner&response-expires=Thu%2C%2003%20Sep%202026%2016%3A21%3A30%20GMT
ARIES_SCORPIO	Tablet	Champagne_Ivory	https://export-download.canva.com/Y5QPA/DAHUJMY5QPA/-1/0/0021-2479746333540471294.jpg?X-Amz-Algorithm=AWS4-HMAC-SHA256&X-Amz-Credential=AKIAQYCGKMUH5AO7UJ26%2F20260903%2Fus-east-1%2Fs3%2Faws4_request&X-Amz-Date=20260903T023933Z&X-Amz-Expires=49940&X-Amz-Signature=aa4a82fc2c0a0635a82f4770042a8b3251d7c4aedff97b3c6fa6b27b26b8b9ad&X-Amz-SignedHeaders=host%3Bx-amz-expected-bucket-owner&response-expires=Thu%2C%2003%20Sep%202026%2016%3A31%3A53%20GMT
ARIES_TAURUS	Tablet	Champagne_Ivory	https://export-download.canva.com/Y5QPA/DAHUJMY5QPA/-1/0/0022-2479746333540471294.jpg?X-Amz-Algorithm=AWS4-HMAC-SHA256&X-Amz-Credential=AKIAQYCGKMUH5AO7UJ26%2F20260903%2Fus-east-1%2Fs3%2Faws4_request&X-Amz-Date=20260903T020704Z&X-Amz-Expires=50804&X-Amz-Signature=90d8ed85cd5fd4cb86a473dd275b442d32862406924d2ebe3d869bbb734e759b&X-Amz-SignedHeaders=host%3Bx-amz-expected-bucket-owner&response-expires=Thu%2C%2003%20Sep%202026%2016%3A13%3A48%20GMT
ARIES_VIGRO	Tablet	Champagne_Ivory	https://export-download.canva.com/Y5QPA/DAHUJMY5QPA/-1/0/0023-2479746333540471294.jpg?X-Amz-Algorithm=AWS4-HMAC-SHA256&X-Amz-Credential=AKIAQYCGKMUH5AO7UJ26%2F20260902%2Fus-east-1%2Fs3%2Faws4_request&X-Amz-Date=20260902T183850Z&X-Amz-Expires=76683&X-Amz-Signature=be5cd3b1437bc716999349921f2eb97b49fc36f813005b1f0954293d9bc876f1&X-Amz-SignedHeaders=host%3Bx-amz-expected-bucket-owner&response-expires=Thu%2C%2003%20Sep%202026%2015%3A56%3A53%20GMT
CANCER_CANCER	Tablet	Champagne_Ivory	https://export-download.canva.com/Y5QPA/DAHUJMY5QPA/-1/0/0024-2479746333540471294.jpg?X-Amz-Algorithm=AWS4-HMAC-SHA256&X-Amz-Credential=AKIAQYCGKMUH5AO7UJ26%2F20260902%2Fus-east-1%2Fs3%2Faws4_request&X-Amz-Date=20260902T224115Z&X-Amz-Expires=61695&X-Amz-Signature=984ad7956773013251b92a77cc583fad73ff8d41765af6a3bade8b73b415bde6&X-Amz-SignedHeaders=host%3Bx-amz-expected-bucket-owner&response-expires=Thu%2C%2003%20Sep%202026%2015%3A49%3A30%20GMT
CANCER_CAPRICORN	Tablet	Champagne_Ivory	https://export-download.canva.com/Y5QPA/DAHUJMY5QPA/-1/0/0025-2479746333540471294.jpg?X-Amz-Algorithm=AWS4-HMAC-SHA256&X-Amz-Credential=AKIAQYCGKMUH5AO7UJ26%2F20260902%2Fus-east-1%2Fs3%2Faws4_request&X-Amz-Date=20260902T225601Z&X-Amz-Expires=60341&X-Amz-Signature=dcde3acc161c2dac825bb4458ddf0f520b0f3f8c6eab12c4c2e547f5d18c1ce4&X-Amz-SignedHeaders=host%3Bx-amz-expected-bucket-owner&response-expires=Thu%2C%2003%20Sep%202026%2015%3A41%3A42%20GMT
CANCER_GEMINI	Tablet	Champagne_Ivory	https://export-download.canva.com/Y5QPA/DAHUJMY5QPA/-1/0/0026-2479746333540471294.jpg?X-Amz-Algorithm=AWS4-HMAC-SHA256&X-Amz-Credential=AKIAQYCGKMUH5AO7UJ26%2F20260903%2Fus-east-1%2Fs3%2Faws4_request&X-Amz-Date=20260903T095619Z&X-Amz-Expires=21304&X-Amz-Signature=72364e313737a1c8f5a8b4668d008dd30d4b3da660d86d9277f534808861a091&X-Amz-SignedHeaders=host%3Bx-amz-expected-bucket-owner&response-expires=Thu%2C%2003%20Sep%202026%2015%3A51%3A23%20GMT
CANCER_LEO	Tablet	Champagne_Ivory	https://export-download.canva.com/Y5QPA/DAHUJMY5QPA/-1/0/0027-2479746333540471294.jpg?X-Amz-Algorithm=AWS4-HMAC-SHA256&X-Amz-Credential=AKIAQYCGKMUH5AO7UJ26%2F20260902%2Fus-east-1%2Fs3%2Faws4_request&X-Amz-Date=20260902T171017Z&X-Amz-Expires=83024&X-Amz-Signature=009d6263897ba3b3bac3359c87cf247b2f9af487253ec5260ff77da9a2054ba6&X-Amz-SignedHeaders=host%3Bx-amz-expected-bucket-owner&response-expires=Thu%2C%2003%20Sep%202026%2016%3A14%3A01%20GMT
CANCER_LIBRA	Tablet	Champagne_Ivory	https://export-download.canva.com/Y5QPA/DAHUJMY5QPA/-1/0/0028-2479746333540471294.jpg?X-Amz-Algorithm=AWS4-HMAC-SHA256&X-Amz-Credential=AKIAQYCGKMUH5AO7UJ26%2F20260902%2Fus-east-1%2Fs3%2Faws4_request&X-Amz-Date=20260902T201535Z&X-Amz-Expires=70391&X-Amz-Signature=dbdd371a278a45382b456bf62eb9ba2ed155fabdf72c704d548d352a0cc7299a&X-Amz-SignedHeaders=host%3Bx-amz-expected-bucket-owner&response-expires=Thu%2C%2003%20Sep%202026%2015%3A48%3A46%20GMT
CANCER_PISCES	Tablet	Champagne_Ivory	https://export-download.canva.com/Y5QPA/DAHUJMY5QPA/-1/0/0029-2479746333540471294.jpg?X-Amz-Algorithm=AWS4-HMAC-SHA256&X-Amz-Credential=AKIAQYCGKMUH5AO7UJ26%2F20260903%2Fus-east-1%2Fs3%2Faws4_request&X-Amz-Date=20260903T114237Z&X-Amz-Expires=17134&X-Amz-Signature=2f7c88a31fc548afe81ec14debe1c6ad2ef1ec4694aa30b719deaa0df1312f46&X-Amz-SignedHeaders=host%3Bx-amz-expected-bucket-owner&response-expires=Thu%2C%2003%20Sep%202026%2016%3A28%3A11%20GMT
CANCER_SAGITTARIUS	Tablet	Champagne_Ivory	https://export-download.canva.com/Y5QPA/DAHUJMY5QPA/-1/0/0030-2479746333540471294.jpg?X-Amz-Algorithm=AWS4-HMAC-SHA256&X-Amz-Credential=AKIAQYCGKMUH5AO7UJ26%2F20260903%2Fus-east-1%2Fs3%2Faws4_request&X-Amz-Date=20260903T084433Z&X-Amz-Expires=25363&X-Amz-Signature=1945b3a45b62960a53b3d0e1e00f2613b149a9d884327cec954c488cc41d2609&X-Amz-SignedHeaders=host%3Bx-amz-expected-bucket-owner&response-expires=Thu%2C%2003%20Sep%202026%2015%3A47%3A16%20GMT
CANCER_SCORPIO	Tablet	Champagne_Ivory	https://export-download.canva.com/Y5QPA/DAHUJMY5QPA/-1/0/0031-2479746333540471294.jpg?X-Amz-Algorithm=AWS4-HMAC-SHA256&X-Amz-Credential=AKIAQYCGKMUH5AO7UJ26%2F20260903%2Fus-east-1%2Fs3%2Faws4_request&X-Amz-Date=20260903T070059Z&X-Amz-Expires=34237&X-Amz-Signature=804869cc33f09a643dc71eaf9142746ec784cd802db86a25143d2fd9a9ba7501&X-Amz-SignedHeaders=host%3Bx-amz-expected-bucket-owner&response-expires=Thu%2C%2003%20Sep%202026%2016%3A31%3A36%20GMT
CANCER_TAURUS	Tablet	Champagne_Ivory	https://export-download.canva.com/Y5QPA/DAHUJMY5QPA/-1/0/0032-2479746333540471294.jpg?X-Amz-Algorithm=AWS4-HMAC-SHA256&X-Amz-Credential=AKIAQYCGKMUH5AO7UJ26%2F20260902%2Fus-east-1%2Fs3%2Faws4_request&X-Amz-Date=20260902T173403Z&X-Amz-Expires=82681&X-Amz-Signature=b3312353ec03f0518d890ca1655580c08fecf924c46d616ffd0870edc55a93ee&X-Amz-SignedHeaders=host%3Bx-amz-expected-bucket-owner&response-expires=Thu%2C%2003%20Sep%202026%2016%3A32%3A04%20GMT
CANCER_VIRGO	Tablet	Champagne_Ivory	https://export-download.canva.com/Y5QPA/DAHUJMY5QPA/-1/0/0033-2479746333540471294.jpg?X-Amz-Algorithm=AWS4-HMAC-SHA256&X-Amz-Credential=AKIAQYCGKMUH5AO7UJ26%2F20260902%2Fus-east-1%2Fs3%2Faws4_request&X-Amz-Date=20260902T222349Z&X-Amz-Expires=63832&X-Amz-Signature=6842a9abc7d507d3dc09f3a84f65eabe42ad7bb93feac7308fa046b765f2467c&X-Amz-SignedHeaders=host%3Bx-amz-expected-bucket-owner&response-expires=Thu%2C%2003%20Sep%202026%2016%3A07%3A41%20GMT
CAPRICORN_CAPRICORN	Tablet	Champagne_Ivory	https://export-download.canva.com/Y5QPA/DAHUJMY5QPA/-1/0/0034-2479746333540471294.jpg?X-Amz-Algorithm=AWS4-HMAC-SHA256&X-Amz-Credential=AKIAQYCGKMUH5AO7UJ26%2F20260903%2Fus-east-1%2Fs3%2Faws4_request&X-Amz-Date=20260903T070035Z&X-Amz-Expires=31813&X-Amz-Signature=b82bf9c3fae09163dd86199714188e299342f82ae1ca2d41d061ab2d581e859d&X-Amz-SignedHeaders=host%3Bx-amz-expected-bucket-owner&response-expires=Thu%2C%2003%20Sep%202026%2015%3A50%3A48%20GMT
CAPRICORN_GEMINI	Tablet	Champagne_Ivory	https://export-download.canva.com/Y5QPA/DAHUJMY5QPA/-1/0/0035-2479746333540471294.jpg?X-Amz-Algorithm=AWS4-HMAC-SHA256&X-Amz-Credential=AKIAQYCGKMUH5AO7UJ26%2F20260903%2Fus-east-1%2Fs3%2Faws4_request&X-Amz-Date=20260903T071435Z&X-Amz-Expires=30397&X-Amz-Signature=f3515d0ea2aa6ab1278270e95fb68e348e498b967e26552538e8baab238f0abc&X-Amz-SignedHeaders=host%3Bx-amz-expected-bucket-owner&response-expires=Thu%2C%2003%20Sep%202026%2015%3A41%3A12%20GMT
CAPRICORN_LEO	Tablet	Champagne_Ivory	https://export-download.canva.com/Y5QPA/DAHUJMY5QPA/-1/0/0036-2479746333540471294.jpg?X-Amz-Algorithm=AWS4-HMAC-SHA256&X-Amz-Credential=AKIAQYCGKMUH5AO7UJ26%2F20260902%2Fus-east-1%2Fs3%2Faws4_request&X-Amz-Date=20260902T182310Z&X-Amz-Expires=77509&X-Amz-Signature=e3c5f31484c0ac61baf34e02bce8fcadaa2105679f59fbe6ef68d2718d1504d1&X-Amz-SignedHeaders=host%3Bx-amz-expected-bucket-owner&response-expires=Thu%2C%2003%20Sep%202026%2015%3A54%3A59%20GMT
CAPRICORN_LIBRA	Tablet	Champagne_Ivory	https://export-download.canva.com/Y5QPA/DAHUJMY5QPA/-1/0/0037-2479746333540471294.jpg?X-Amz-Algorithm=AWS4-HMAC-SHA256&X-Amz-Credential=AKIAQYCGKMUH5AO7UJ26%2F20260903%2Fus-east-1%2Fs3%2Faws4_request&X-Amz-Date=20260903T050330Z&X-Amz-Expires=38370&X-Amz-Signature=85b1b9b32f448ade43d4e1d4df43ae0554ccc98cb95d9f77f174cb7f3c7d4f76&X-Amz-SignedHeaders=host%3Bx-amz-expected-bucket-owner&response-expires=Thu%2C%2003%20Sep%202026%2015%3A43%3A00%20GMT
CAPRICORN_PISCES	Tablet	Champagne_Ivory	https://export-download.canva.com/Y5QPA/DAHUJMY5QPA/-1/0/0038-2479746333540471294.jpg?X-Amz-Algorithm=AWS4-HMAC-SHA256&X-Amz-Credential=AKIAQYCGKMUH5AO7UJ26%2F20260903%2Fus-east-1%2Fs3%2Faws4_request&X-Amz-Date=20260903T081251Z&X-Amz-Expires=28866&X-Amz-Signature=c144571919ad7ea7ad686619554b747154739a79683389cbc41aceccc1527124&X-Amz-SignedHeaders=host%3Bx-amz-expected-bucket-owner&response-expires=Thu%2C%2003%20Sep%202026%2016%3A13%3A57%20GMT
CAPRICORN_SAGITTARIUS	Tablet	Champagne_Ivory	https://export-download.canva.com/Y5QPA/DAHUJMY5QPA/-1/0/0039-2479746333540471294.jpg?X-Amz-Algorithm=AWS4-HMAC-SHA256&X-Amz-Credential=AKIAQYCGKMUH5AO7UJ26%2F20260902%2Fus-east-1%2Fs3%2Faws4_request&X-Amz-Date=20260902T175014Z&X-Amz-Expires=80695&X-Amz-Signature=261cd1fab653009fc0f6789f628e27a9111c9733cca318d0bef3d80fed259f39&X-Amz-SignedHeaders=host%3Bx-amz-expected-bucket-owner&response-expires=Thu%2C%2003%20Sep%202026%2016%3A15%3A09%20GMT
CAPRICORN_SCORPIO	Tablet	Champagne_Ivory	https://export-download.canva.com/Y5QPA/DAHUJMY5QPA/-1/0/0040-2479746333540471294.jpg?X-Amz-Algorithm=AWS4-HMAC-SHA256&X-Amz-Credential=AKIAQYCGKMUH5AO7UJ26%2F20260903%2Fus-east-1%2Fs3%2Faws4_request&X-Amz-Date=20260903T143430Z&X-Amz-Expires=6233&X-Amz-Signature=1392bfbbd90939009d258396b52eb76935c7b31bf9ff3ba81750e059e306a51e&X-Amz-SignedHeaders=host%3Bx-amz-expected-bucket-owner&response-expires=Thu%2C%2003%20Sep%202026%2016%3A18%3A23%20GMT
CAPRICORN_TAURUS	Tablet	Champagne_Ivory	https://export-download.canva.com/Y5QPA/DAHUJMY5QPA/-1/0/0041-2479746333540471294.jpg?X-Amz-Algorithm=AWS4-HMAC-SHA256&X-Amz-Credential=AKIAQYCGKMUH5AO7UJ26%2F20260903%2Fus-east-1%2Fs3%2Faws4_request&X-Amz-Date=20260903T133434Z&X-Amz-Expires=10188&X-Amz-Signature=d9b99ca39c952ebcb1f2bdaa7c9181d83a565c3faadafd7fcc9b84e84bc3e3ab&X-Amz-SignedHeaders=host%3Bx-amz-expected-bucket-owner&response-expires=Thu%2C%2003%20Sep%202026%2016%3A24%3A22%20GMT
CAPRICORN_VIRGO	Tablet	Champagne_Ivory	https://export-download.canva.com/Y5QPA/DAHUJMY5QPA/-1/0/0042-2479746333540471294.jpg?X-Amz-Algorithm=AWS4-HMAC-SHA256&X-Amz-Credential=AKIAQYCGKMUH5AO7UJ26%2F20260902%2Fus-east-1%2Fs3%2Faws4_request&X-Amz-Date=20260902T220058Z&X-Amz-Expires=65294&X-Amz-Signature=7b84c173c07c48bd70c579b0a5107317bd5befc9db36357471444542aabf999e&X-Amz-SignedHeaders=host%3Bx-amz-expected-bucket-owner&response-expires=Thu%2C%2003%20Sep%202026%2016%3A09%3A12%20GMT
GEMINI_GEMINI	Tablet	Champagne_Ivory	https://export-download.canva.com/Y5QPA/DAHUJMY5QPA/-1/0/0043-2479746333540471294.jpg?X-Amz-Algorithm=AWS4-HMAC-SHA256&X-Amz-Credential=AKIAQYCGKMUH5AO7UJ26%2F20260903%2Fus-east-1%2Fs3%2Faws4_request&X-Amz-Date=20260903T071644Z&X-Amz-Expires=33265&X-Amz-Signature=175f9ed24d67df5e3ff4b98b0fb6543e930c5b89fe71760403daa2e39d25ca11&X-Amz-SignedHeaders=host%3Bx-amz-expected-bucket-owner&response-expires=Thu%2C%2003%20Sep%202026%2016%3A31%3A09%20GMT
GEMINI_LEO	Tablet	Champagne_Ivory	https://export-download.canva.com/Y5QPA/DAHUJMY5QPA/-1/0/0044-2479746333540471294.jpg?X-Amz-Algorithm=AWS4-HMAC-SHA256&X-Amz-Credential=AKIAQYCGKMUH5AO7UJ26%2F20260903%2Fus-east-1%2Fs3%2Faws4_request&X-Amz-Date=20260903T052825Z&X-Amz-Expires=37430&X-Amz-Signature=9aad35867c4fabcb5abf32752d19a795e046126f8f3ad513779e5e2a71cad135&X-Amz-SignedHeaders=host%3Bx-amz-expected-bucket-owner&response-expires=Thu%2C%2003%20Sep%202026%2015%3A52%3A15%20GMT
GEMINI_LIBRA	Tablet	Champagne_Ivory	https://export-download.canva.com/Y5QPA/DAHUJMY5QPA/-1/0/0045-2479746333540471294.jpg?X-Amz-Algorithm=AWS4-HMAC-SHA256&X-Amz-Credential=AKIAQYCGKMUH5AO7UJ26%2F20260902%2Fus-east-1%2Fs3%2Faws4_request&X-Amz-Date=20260902T205901Z&X-Amz-Expires=67367&X-Amz-Signature=a3727a23978696f5063409241c3118a32a4c683d174fd12aa383c09f9febbb9a&X-Amz-SignedHeaders=host%3Bx-amz-expected-bucket-owner&response-expires=Thu%2C%2003%20Sep%202026%2015%3A41%3A48%20GMT
GEMINI_PISCES	Tablet	Champagne_Ivory	https://export-download.canva.com/Y5QPA/DAHUJMY5QPA/-1/0/0046-2479746333540471294.jpg?X-Amz-Algorithm=AWS4-HMAC-SHA256&X-Amz-Credential=AKIAQYCGKMUH5AO7UJ26%2F20260902%2Fus-east-1%2Fs3%2Faws4_request&X-Amz-Date=20260902T222811Z&X-Amz-Expires=62054&X-Amz-Signature=7a2feefc52238850e09eaf2923621ba32811b5d07b3d894323f195603d2b5004&X-Amz-SignedHeaders=host%3Bx-amz-expected-bucket-owner&response-expires=Thu%2C%2003%20Sep%202026%2015%3A42%3A25%20GMT
GEMINI_SAGITTARIUS	Tablet	Champagne_Ivory	https://export-download.canva.com/Y5QPA/DAHUJMY5QPA/-1/0/0047-2479746333540471294.jpg?X-Amz-Algorithm=AWS4-HMAC-SHA256&X-Amz-Credential=AKIAQYCGKMUH5AO7UJ26%2F20260903%2Fus-east-1%2Fs3%2Faws4_request&X-Amz-Date=20260903T093159Z&X-Amz-Expires=25115&X-Amz-Signature=90f438b382fae962934818a2ef65b55b3510ff57d462f4d7cdac12e4babf45d4&X-Amz-SignedHeaders=host%3Bx-amz-expected-bucket-owner&response-expires=Thu%2C%2003%20Sep%202026%2016%3A30%3A34%20GMT
GEMINI_SCORPIO	Tablet	Champagne_Ivory	https://export-download.canva.com/Y5QPA/DAHUJMY5QPA/-1/0/0048-2479746333540471294.jpg?X-Amz-Algorithm=AWS4-HMAC-SHA256&X-Amz-Credential=AKIAQYCGKMUH5AO7UJ26%2F20260903%2Fus-east-1%2Fs3%2Faws4_request&X-Amz-Date=20260903T044429Z&X-Amz-Expires=40167&X-Amz-Signature=c39e611e5951deeb578bf705a7615aae2f80e0e301c73f0231420cb66242228f&X-Amz-SignedHeaders=host%3Bx-amz-expected-bucket-owner&response-expires=Thu%2C%2003%20Sep%202026%2015%3A53%3A56%20GMT
GEMINI_TAURUS	Tablet	Champagne_Ivory	https://export-download.canva.com/Y5QPA/DAHUJMY5QPA/-1/0/0049-2479746333540471294.jpg?X-Amz-Algorithm=AWS4-HMAC-SHA256&X-Amz-Credential=AKIAQYCGKMUH5AO7UJ26%2F20260903%2Fus-east-1%2Fs3%2Faws4_request&X-Amz-Date=20260903T045042Z&X-Amz-Expires=39512&X-Amz-Signature=269e907152914ce13522138d892ca8634867c6a95075ac0cf3e134f2e5ec9bf3&X-Amz-SignedHeaders=host%3Bx-amz-expected-bucket-owner&response-expires=Thu%2C%2003%20Sep%202026%2015%3A49%3A14%20GMT
GEMINI_VIRGO	Tablet	Champagne_Ivory	https://export-download.canva.com/Y5QPA/DAHUJMY5QPA/-1/0/0050-2479746333540471294.jpg?X-Amz-Algorithm=AWS4-HMAC-SHA256&X-Amz-Credential=AKIAQYCGKMUH5AO7UJ26%2F20260902%2Fus-east-1%2Fs3%2Faws4_request&X-Amz-Date=20260902T191149Z&X-Amz-Expires=77161&X-Amz-Signature=61844c5c29ba1e14b8dbd8f9b74b4433b4a8e56e5f5912155b1e8e51f869f842&X-Amz-SignedHeaders=host%3Bx-amz-expected-bucket-owner&response-expires=Thu%2C%2003%20Sep%202026%2016%3A37%3A50%20GMT
LEO_LEO	Tablet	Champagne_Ivory	https://export-download.canva.com/Y5QPA/DAHUJMY5QPA/-1/0/0051-2479746333540471294.jpg?X-Amz-Algorithm=AWS4-HMAC-SHA256&X-Amz-Credential=AKIAQYCGKMUH5AO7UJ26%2F20260902%2Fus-east-1%2Fs3%2Faws4_request&X-Amz-Date=20260902T222252Z&X-Amz-Expires=62996&X-Amz-Signature=0e93e688162592a1a3f9cfccf9204535ca37cc3c03e6e8b5e712e4e9b5f7e74f&X-Amz-SignedHeaders=host%3Bx-amz-expected-bucket-owner&response-expires=Thu%2C%2003%20Sep%202026%2015%3A52%3A48%20GMT
LEO_LIBRA	Tablet	Champagne_Ivory	https://export-download.canva.com/Y5QPA/DAHUJMY5QPA/-1/0/0052-2479746333540471294.jpg?X-Amz-Algorithm=AWS4-HMAC-SHA256&X-Amz-Credential=AKIAQYCGKMUH5AO7UJ26%2F20260903%2Fus-east-1%2Fs3%2Faws4_request&X-Amz-Date=20260903T040343Z&X-Amz-Expires=43898&X-Amz-Signature=e976157ac8c049f5385ad1db023738470bf5415758e937572aba2b110d3a352a&X-Amz-SignedHeaders=host%3Bx-amz-expected-bucket-owner&response-expires=Thu%2C%2003%20Sep%202026%2016%3A15%3A21%20GMT
LEO_PISCES	Tablet	Champagne_Ivory	https://export-download.canva.com/Y5QPA/DAHUJMY5QPA/-1/0/0053-2479746333540471294.jpg?X-Amz-Algorithm=AWS4-HMAC-SHA256&X-Amz-Credential=AKIAQYCGKMUH5AO7UJ26%2F20260903%2Fus-east-1%2Fs3%2Faws4_request&X-Amz-Date=20260903T040940Z&X-Amz-Expires=44117&X-Amz-Signature=044a99adc4cc323c716fcef10bdd2bd07df5a73b4ca64cd72d80dbace58b9777&X-Amz-SignedHeaders=host%3Bx-amz-expected-bucket-owner&response-expires=Thu%2C%2003%20Sep%202026%2016%3A24%3A57%20GMT
LEO_SAGITTARIUS	Tablet	Champagne_Ivory	https://export-download.canva.com/Y5QPA/DAHUJMY5QPA/-1/0/0054-2479746333540471294.jpg?X-Amz-Algorithm=AWS4-HMAC-SHA256&X-Amz-Credential=AKIAQYCGKMUH5AO7UJ26%2F20260903%2Fus-east-1%2Fs3%2Faws4_request&X-Amz-Date=20260903T120235Z&X-Amz-Expires=14587&X-Amz-Signature=5827a71a894cb16b6104287ad0319d38c0dede7a4f4b1e1d57d035f9e5664722&X-Amz-SignedHeaders=host%3Bx-amz-expected-bucket-owner&response-expires=Thu%2C%2003%20Sep%202026%2016%3A05%3A42%20GMT
LEO_SCORPIO	Tablet	Champagne_Ivory	https://export-download.canva.com/Y5QPA/DAHUJMY5QPA/-1/0/0055-2479746333540471294.jpg?X-Amz-Algorithm=AWS4-HMAC-SHA256&X-Amz-Credential=AKIAQYCGKMUH5AO7UJ26%2F20260903%2Fus-east-1%2Fs3%2Faws4_request&X-Amz-Date=20260903T142258Z&X-Amz-Expires=6589&X-Amz-Signature=11818be6fdbfdcf0e3b67b2593632594d874cdeb842910a14bdf81f37725870f&X-Amz-SignedHeaders=host%3Bx-amz-expected-bucket-owner&response-expires=Thu%2C%2003%20Sep%202026%2016%3A12%3A47%20GMT
LEO_TAURUS	Tablet	Champagne_Ivory	https://export-download.canva.com/Y5QPA/DAHUJMY5QPA/-1/0/0056-2479746333540471294.jpg?X-Amz-Algorithm=AWS4-HMAC-SHA256&X-Amz-Credential=AKIAQYCGKMUH5AO7UJ26%2F20260902%2Fus-east-1%2Fs3%2Faws4_request&X-Amz-Date=20260902T204149Z&X-Amz-Expires=68568&X-Amz-Signature=53a76afddd9f3991b4555909aa5ea08f0ebd483d0378941cb30d7cea7a45996c&X-Amz-SignedHeaders=host%3Bx-amz-expected-bucket-owner&response-expires=Thu%2C%2003%20Sep%202026%2015%3A44%3A37%20GMT
LEO_VIRGO	Tablet	Champagne_Ivory	https://export-download.canva.com/Y5QPA/DAHUJMY5QPA/-1/0/0057-2479746333540471294.jpg?X-Amz-Algorithm=AWS4-HMAC-SHA256&X-Amz-Credential=AKIAQYCGKMUH5AO7UJ26%2F20260902%2Fus-east-1%2Fs3%2Faws4_request&X-Amz-Date=20260902T172957Z&X-Amz-Expires=81178&X-Amz-Signature=9850d9b7f1118efcf65d466793889426f31a6d5c885f5bdc4aca15def8287442&X-Amz-SignedHeaders=host%3Bx-amz-expected-bucket-owner&response-expires=Thu%2C%2003%20Sep%202026%2016%3A02%3A55%20GMT
LIBRA_LIBRA	Tablet	Champagne_Ivory	https://export-download.canva.com/Y5QPA/DAHUJMY5QPA/-1/0/0058-2479746333540471294.jpg?X-Amz-Algorithm=AWS4-HMAC-SHA256&X-Amz-Credential=AKIAQYCGKMUH5AO7UJ26%2F20260903%2Fus-east-1%2Fs3%2Faws4_request&X-Amz-Date=20260903T071129Z&X-Amz-Expires=30558&X-Amz-Signature=6bf97c8065bb370d7a2d4859ebc71aa57936c3e1829d1caae00ba9d286932556&X-Amz-SignedHeaders=host%3Bx-amz-expected-bucket-owner&response-expires=Thu%2C%2003%20Sep%202026%2015%3A40%3A47%20GMT
LIBRA_PISCES	Tablet	Champagne_Ivory	https://export-download.canva.com/Y5QPA/DAHUJMY5QPA/-1/0/0059-2479746333540471294.jpg?X-Amz-Algorithm=AWS4-HMAC-SHA256&X-Amz-Credential=AKIAQYCGKMUH5AO7UJ26%2F20260902%2Fus-east-1%2Fs3%2Faws4_request&X-Amz-Date=20260902T212719Z&X-Amz-Expires=67883&X-Amz-Signature=03a22df67752718b9473507177c6836692048a3f37d98e85b536ef0e57f71d04&X-Amz-SignedHeaders=host%3Bx-amz-expected-bucket-owner&response-expires=Thu%2C%2003%20Sep%202026%2016%3A18%3A42%20GMT
LIBRA_SAGITTARIUS	Tablet	Champagne_Ivory	https://export-download.canva.com/Y5QPA/DAHUJMY5QPA/-1/0/0060-2479746333540471294.jpg?X-Amz-Algorithm=AWS4-HMAC-SHA256&X-Amz-Credential=AKIAQYCGKMUH5AO7UJ26%2F20260903%2Fus-east-1%2Fs3%2Faws4_request&X-Amz-Date=20260903T051731Z&X-Amz-Expires=39873&X-Amz-Signature=1b9aeaa81943c64185136693da8c6f427808a11fea00399f57bc79fe3d97a6f6&X-Amz-SignedHeaders=host%3Bx-amz-expected-bucket-owner&response-expires=Thu%2C%2003%20Sep%202026%2016%3A22%3A04%20GMT
LIBRA_SCORPIO	Tablet	Champagne_Ivory	https://export-download.canva.com/Y5QPA/DAHUJMY5QPA/-1/0/0061-2479746333540471294.jpg?X-Amz-Algorithm=AWS4-HMAC-SHA256&X-Amz-Credential=AKIAQYCGKMUH5AO7UJ26%2F20260903%2Fus-east-1%2Fs3%2Faws4_request&X-Amz-Date=20260903T090118Z&X-Amz-Expires=24954&X-Amz-Signature=b68bff159a2a702c5f80784249aa1c35468c8120df23a8d9720c2170dd1de0b6&X-Amz-SignedHeaders=host%3Bx-amz-expected-bucket-owner&response-expires=Thu%2C%2003%20Sep%202026%2015%3A57%3A12%20GMT
LIBRA_TAURUS	Tablet	Champagne_Ivory	https://export-download.canva.com/Y5QPA/DAHUJMY5QPA/-1/0/0062-2479746333540471294.jpg?X-Amz-Algorithm=AWS4-HMAC-SHA256&X-Amz-Credential=AKIAQYCGKMUH5AO7UJ26%2F20260902%2Fus-east-1%2Fs3%2Faws4_request&X-Amz-Date=20260902T235422Z&X-Amz-Expires=58665&X-Amz-Signature=a416d880ca19b323db0becee41e185ae51f3b818d8bfb95fa5dd1ecdeb27c3c8&X-Amz-SignedHeaders=host%3Bx-amz-expected-bucket-owner&response-expires=Thu%2C%2003%20Sep%202026%2016%3A12%3A07%20GMT
LIBRA_VIRGO	Tablet	Champagne_Ivory	https://export-download.canva.com/Y5QPA/DAHUJMY5QPA/-1/0/0063-2479746333540471294.jpg?X-Amz-Algorithm=AWS4-HMAC-SHA256&X-Amz-Credential=AKIAQYCGKMUH5AO7UJ26%2F20260903%2Fus-east-1%2Fs3%2Faws4_request&X-Amz-Date=20260903T090407Z&X-Amz-Expires=25831&X-Amz-Signature=3ebe165b2702ded2e1c46d15eae43678b166dcac51ba484c8df780564b8e1910&X-Amz-SignedHeaders=host%3Bx-amz-expected-bucket-owner&response-expires=Thu%2C%2003%20Sep%202026%2016%3A14%3A38%20GMT
PISCES_PISCES	Tablet	Champagne_Ivory	https://export-download.canva.com/Y5QPA/DAHUJMY5QPA/-1/0/0064-2479746333540471294.jpg?X-Amz-Algorithm=AWS4-HMAC-SHA256&X-Amz-Credential=AKIAQYCGKMUH5AO7UJ26%2F20260903%2Fus-east-1%2Fs3%2Faws4_request&X-Amz-Date=20260903T005111Z&X-Amz-Expires=54126&X-Amz-Signature=48a62bbfdb2fafef9e143951b3575c93f40bd6adc7ad4911c4300d3d483479ea&X-Amz-SignedHeaders=host%3Bx-amz-expected-bucket-owner&response-expires=Thu%2C%2003%20Sep%202026%2015%3A53%3A17%20GMT
PISCES_SAGITTARIUS	Tablet	Champagne_Ivory	https://export-download.canva.com/Y5QPA/DAHUJMY5QPA/-1/0/0065-2479746333540471294.jpg?X-Amz-Algorithm=AWS4-HMAC-SHA256&X-Amz-Credential=AKIAQYCGKMUH5AO7UJ26%2F20260903%2Fus-east-1%2Fs3%2Faws4_request&X-Amz-Date=20260903T135541Z&X-Amz-Expires=8962&X-Amz-Signature=c2263cf3cece8b8ffe5b06f9d2fd77458bf87053fbbbff9cd37150adad1fe6ee&X-Amz-SignedHeaders=host%3Bx-amz-expected-bucket-owner&response-expires=Thu%2C%2003%20Sep%202026%2016%3A25%3A03%20GMT
PISCES_SCORPIO	Tablet	Champagne_Ivory	https://export-download.canva.com/Y5QPA/DAHUJMY5QPA/-1/0/0066-2479746333540471294.jpg?X-Amz-Algorithm=AWS4-HMAC-SHA256&X-Amz-Credential=AKIAQYCGKMUH5AO7UJ26%2F20260902%2Fus-east-1%2Fs3%2Faws4_request&X-Amz-Date=20260902T222442Z&X-Amz-Expires=62390&X-Amz-Signature=1c8f135a2c76c4651a4c45793b63cdf4eacbddd4cb5be6b1258699c4dc10dd6f&X-Amz-SignedHeaders=host%3Bx-amz-expected-bucket-owner&response-expires=Thu%2C%2003%20Sep%202026%2015%3A44%3A32%20GMT
PISCES_TAURUS	Tablet	Champagne_Ivory	https://export-download.canva.com/Y5QPA/DAHUJMY5QPA/-1/0/0067-2479746333540471294.jpg?X-Amz-Algorithm=AWS4-HMAC-SHA256&X-Amz-Credential=AKIAQYCGKMUH5AO7UJ26%2F20260902%2Fus-east-1%2Fs3%2Faws4_request&X-Amz-Date=20260902T180508Z&X-Amz-Expires=78436&X-Amz-Signature=3385dcee0467bec0d83235ea2a05d1b6d5330ebf506cbd349f89202ef371201f&X-Amz-SignedHeaders=host%3Bx-amz-expected-bucket-owner&response-expires=Thu%2C%2003%20Sep%202026%2015%3A52%3A24%20GMT
PISCES_VIRGO	Tablet	Champagne_Ivory	https://export-download.canva.com/Y5QPA/DAHUJMY5QPA/-1/0/0068-2479746333540471294.jpg?X-Amz-Algorithm=AWS4-HMAC-SHA256&X-Amz-Credential=AKIAQYCGKMUH5AO7UJ26%2F20260902%2Fus-east-1%2Fs3%2Faws4_request&X-Amz-Date=20260902T143947Z&X-Amz-Expires=92143&X-Amz-Signature=5fddf1485681a066f6bbbc6ca887d2ae4034e43d8eb8f61eb6785c9a4d0bcf4a&X-Amz-SignedHeaders=host%3Bx-amz-expected-bucket-owner&response-expires=Thu%2C%2003%20Sep%202026%2016%3A15%3A30%20GMT
SAGITTARIUS_SAGITTARIUS	Tablet	Champagne_Ivory	https://export-download.canva.com/Y5QPA/DAHUJMY5QPA/-1/0/0069-2479746333540471294.jpg?X-Amz-Algorithm=AWS4-HMAC-SHA256&X-Amz-Credential=AKIAQYCGKMUH5AO7UJ26%2F20260903%2Fus-east-1%2Fs3%2Faws4_request&X-Amz-Date=20260903T062423Z&X-Amz-Expires=33933&X-Amz-Signature=397aa0401e5e33a75277816f9bf4f52f3e55efdfecc15156c76b428bfba83b80&X-Amz-SignedHeaders=host%3Bx-amz-expected-bucket-owner&response-expires=Thu%2C%2003%20Sep%202026%2015%3A49%3A56%20GMT
SAGITTARIUS_SCORPIO	Tablet	Champagne_Ivory	https://export-download.canva.com/Y5QPA/DAHUJMY5QPA/-1/0/0070-2479746333540471294.jpg?X-Amz-Algorithm=AWS4-HMAC-SHA256&X-Amz-Credential=AKIAQYCGKMUH5AO7UJ26%2F20260903%2Fus-east-1%2Fs3%2Faws4_request&X-Amz-Date=20260903T141323Z&X-Amz-Expires=8372&X-Amz-Signature=1335281e09b8b7775b001027b6005044010a5918d5e89248ac35565c2add02b4&X-Amz-SignedHeaders=host%3Bx-amz-expected-bucket-owner&response-expires=Thu%2C%2003%20Sep%202026%2016%3A32%3A55%20GMT
SAGITTARIUS_TAURUS	Tablet	Champagne_Ivory	https://export-download.canva.com/Y5QPA/DAHUJMY5QPA/-1/0/0071-2479746333540471294.jpg?X-Amz-Algorithm=AWS4-HMAC-SHA256&X-Amz-Credential=AKIAQYCGKMUH5AO7UJ26%2F20260903%2Fus-east-1%2Fs3%2Faws4_request&X-Amz-Date=20260903T132242Z&X-Amz-Expires=9525&X-Amz-Signature=1d8e1fe918c8d667a14d4cfc6372d384e8352559172115df1c8df17bf6b0d988&X-Amz-SignedHeaders=host%3Bx-amz-expected-bucket-owner&response-expires=Thu%2C%2003%20Sep%202026%2016%3A01%3A27%20GMT
SAGITTARIUS_VIRGO	Tablet	Champagne_Ivory	https://export-download.canva.com/Y5QPA/DAHUJMY5QPA/-1/0/0072-2479746333540471294.jpg?X-Amz-Algorithm=AWS4-HMAC-SHA256&X-Amz-Credential=AKIAQYCGKMUH5AO7UJ26%2F20260902%2Fus-east-1%2Fs3%2Faws4_request&X-Amz-Date=20260902T232954Z&X-Amz-Expires=59540&X-Amz-Signature=05e5e7f86a3ac226eaa951062de4a8ae7e43cddd9262a3b3a6aa4d5c65a4881e&X-Amz-SignedHeaders=host%3Bx-amz-expected-bucket-owner&response-expires=Thu%2C%2003%20Sep%202026%2016%3A02%3A14%20GMT
SCORPIO_SCORPIO	Tablet	Champagne_Ivory	https://export-download.canva.com/Y5QPA/DAHUJMY5QPA/-1/0/0073-2479746333540471294.jpg?X-Amz-Algorithm=AWS4-HMAC-SHA256&X-Amz-Credential=AKIAQYCGKMUH5AO7UJ26%2F20260903%2Fus-east-1%2Fs3%2Faws4_request&X-Amz-Date=20260903T083854Z&X-Amz-Expires=27623&X-Amz-Signature=6c84c5e00b7f47b53ad5f5642a788c9332731c8fdf2eba027c51e7b6a3dc2d59&X-Amz-SignedHeaders=host%3Bx-amz-expected-bucket-owner&response-expires=Thu%2C%2003%20Sep%202026%2016%3A19%3A17%20GMT
SCORPIO_TAURUS	Tablet	Champagne_Ivory	https://export-download.canva.com/Y5QPA/DAHUJMY5QPA/-1/0/0074-2479746333540471294.jpg?X-Amz-Algorithm=AWS4-HMAC-SHA256&X-Amz-Credential=AKIAQYCGKMUH5AO7UJ26%2F20260903%2Fus-east-1%2Fs3%2Faws4_request&X-Amz-Date=20260903T124819Z&X-Amz-Expires=11122&X-Amz-Signature=39c897db9fe480d7f41ba78e8b0efd17059a9c9e3697d53f80a1cd300c9b5744&X-Amz-SignedHeaders=host%3Bx-amz-expected-bucket-owner&response-expires=Thu%2C%2003%20Sep%202026%2015%3A53%3A41%20GMT
SCORPIO_VIRGO	Tablet	Champagne_Ivory	https://export-download.canva.com/Y5QPA/DAHUJMY5QPA/-1/0/0075-2479746333540471294.jpg?X-Amz-Algorithm=AWS4-HMAC-SHA256&X-Amz-Credential=AKIAQYCGKMUH5AO7UJ26%2F20260903%2Fus-east-1%2Fs3%2Faws4_request&X-Amz-Date=20260903T063604Z&X-Amz-Expires=32801&X-Amz-Signature=cc56e562e557e58b18b06ed4e7dc2fe54188ce94c685baf37348fd1287e41da8&X-Amz-SignedHeaders=host%3Bx-amz-expected-bucket-owner&response-expires=Thu%2C%2003%20Sep%202026%2015%3A42%3A45%20GMT
TAURUS_TAURUS	Tablet	Champagne_Ivory	https://export-download.canva.com/Y5QPA/DAHUJMY5QPA/-1/0/0076-2479746333540471294.jpg?X-Amz-Algorithm=AWS4-HMAC-SHA256&X-Amz-Credential=AKIAQYCGKMUH5AO7UJ26%2F20260903%2Fus-east-1%2Fs3%2Faws4_request&X-Amz-Date=20260903T002914Z&X-Amz-Expires=55180&X-Amz-Signature=d1c1e238a75764df0004dc8772046cd372b1b4d63008e3a91f05eb90cb423d99&X-Amz-SignedHeaders=host%3Bx-amz-expected-bucket-owner&response-expires=Thu%2C%2003%20Sep%202026%2015%3A48%3A54%20GMT
TAURUS_VIRGO	Tablet	Champagne_Ivory	https://export-download.canva.com/Y5QPA/DAHUJMY5QPA/-1/0/0077-2479746333540471294.jpg?X-Amz-Algorithm=AWS4-HMAC-SHA256&X-Amz-Credential=AKIAQYCGKMUH5AO7UJ26%2F20260902%2Fus-east-1%2Fs3%2Faws4_request&X-Amz-Date=20260902T230111Z&X-Amz-Expires=61339&X-Amz-Signature=d6d069ef0b95328b4b07fbf6e4bcb0c01ddc812848dfffdea5efc192cb308651&X-Amz-SignedHeaders=host%3Bx-amz-expected-bucket-owner&response-expires=Thu%2C%2003%20Sep%202026%2016%3A03%3A30%20GMT
VIRGO_VIRGO	Tablet	Champagne_Ivory	https://export-download.canva.com/Y5QPA/DAHUJMY5QPA/-1/0/0078-2479746333540471294.jpg?X-Amz-Algorithm=AWS4-HMAC-SHA256&X-Amz-Credential=AKIAQYCGKMUH5AO7UJ26%2F20260903%2Fus-east-1%2Fs3%2Faws4_request&X-Amz-Date=20260903T090406Z&X-Amz-Expires=25337&X-Amz-Signature=ad851dc568d143a0373d68fb634b9e40eaf987aae52f9613bd1fcd543074e09e&X-Amz-SignedHeaders=host%3Bx-amz-expected-bucket-owner&response-expires=Thu%2C%2003%20Sep%202026%2016%3A06%3A23%20GMT
AQUARIUS_AQUARIUS	Desktop	Champagne_Ivory	https://export-download.canva.com/9hOTw/DAHUJH9hOTw/-1/0/0001-3354570561055460674.jpg?X-Amz-Algorithm=AWS4-HMAC-SHA256&X-Amz-Credential=AKIAQYCGKMUH5AO7UJ26%2F20260903%2Fus-east-1%2Fs3%2Faws4_request&X-Amz-Date=20260903T131537Z&X-Amz-Expires=10558&X-Amz-Signature=fb1a4de447d8475afbfc0c943f3d2db5442a9c01cdd6b29b44c2774e8b3e7186&X-Amz-SignedHeaders=host%3Bx-amz-expected-bucket-owner&response-expires=Thu%2C%2003%20Sep%202026%2016%3A11%3A35%20GMT
AQUARIUS_ARIES	Desktop	Champagne_Ivory	https://export-download.canva.com/9hOTw/DAHUJH9hOTw/-1/0/0002-3354570561055460674.jpg?X-Amz-Algorithm=AWS4-HMAC-SHA256&X-Amz-Credential=AKIAQYCGKMUH5AO7UJ26%2F20260902%2Fus-east-1%2Fs3%2Faws4_request&X-Amz-Date=20260902T205122Z&X-Amz-Expires=70673&X-Amz-Signature=90fd62b9367af94d66c23459b281023635eba01c08e30863450eb00b4829670b&X-Amz-SignedHeaders=host%3Bx-amz-expected-bucket-owner&response-expires=Thu%2C%2003%20Sep%202026%2016%3A29%3A15%20GMT
AQUARIUS_CANCER	Desktop	Champagne_Ivory	https://export-download.canva.com/9hOTw/DAHUJH9hOTw/-1/0/0003-3354570561055460674.jpg?X-Amz-Algorithm=AWS4-HMAC-SHA256&X-Amz-Credential=AKIAQYCGKMUH5AO7UJ26%2F20260903%2Fus-east-1%2Fs3%2Faws4_request&X-Amz-Date=20260903T070541Z&X-Amz-Expires=31080&X-Amz-Signature=88a8cd8ef0a612bdd53408853a881b57255c58ad28e7e831baabf55322696994&X-Amz-SignedHeaders=host%3Bx-amz-expected-bucket-owner&response-expires=Thu%2C%2003%20Sep%202026%2015%3A43%3A41%20GMT
AQUARIUS_CAPRICORN	Desktop	Champagne_Ivory	https://export-download.canva.com/9hOTw/DAHUJH9hOTw/-1/0/0004-3354570561055460674.jpg?X-Amz-Algorithm=AWS4-HMAC-SHA256&X-Amz-Credential=AKIAQYCGKMUH5AO7UJ26%2F20260903%2Fus-east-1%2Fs3%2Faws4_request&X-Amz-Date=20260903T001616Z&X-Amz-Expires=56493&X-Amz-Signature=cfbff1fd440ac10745eb4e9b549ce8e60ceebfc2766e20336ec5c2fb4f0229f3&X-Amz-SignedHeaders=host%3Bx-amz-expected-bucket-owner&response-expires=Thu%2C%2003%20Sep%202026%2015%3A57%3A49%20GMT
AQUARIUS_GEMINI	Desktop	Champagne_Ivory	https://export-download.canva.com/9hOTw/DAHUJH9hOTw/-1/0/0005-3354570561055460674.jpg?X-Amz-Algorithm=AWS4-HMAC-SHA256&X-Amz-Credential=AKIAQYCGKMUH5AO7UJ26%2F20260903%2Fus-east-1%2Fs3%2Faws4_request&X-Amz-Date=20260903T091132Z&X-Amz-Expires=24051&X-Amz-Signature=5f537d68e9d6154d940157c3692a15627cc9eb6fca5f147d3c54f3311c07fc3d&X-Amz-SignedHeaders=host%3Bx-amz-expected-bucket-owner&response-expires=Thu%2C%2003%20Sep%202026%2015%3A52%3A23%20GMT
AQUARIUS_LEO	Desktop	Champagne_Ivory	https://export-download.canva.com/9hOTw/DAHUJH9hOTw/-1/0/0006-3354570561055460674.jpg?X-Amz-Algorithm=AWS4-HMAC-SHA256&X-Amz-Credential=AKIAQYCGKMUH5AO7UJ26%2F20260903%2Fus-east-1%2Fs3%2Faws4_request&X-Amz-Date=20260903T045358Z&X-Amz-Expires=38916&X-Amz-Signature=128283076d6ac9f07576ef4197a35c7ccd8c48c1623ea3e91407392ba9429f1e&X-Amz-SignedHeaders=host%3Bx-amz-expected-bucket-owner&response-expires=Thu%2C%2003%20Sep%202026%2015%3A42%3A34%20GMT
AQUARIUS_LIBRA	Desktop	Champagne_Ivory	https://export-download.canva.com/9hOTw/DAHUJH9hOTw/-1/0/0007-3354570561055460674.jpg?X-Amz-Algorithm=AWS4-HMAC-SHA256&X-Amz-Credential=AKIAQYCGKMUH5AO7UJ26%2F20260903%2Fus-east-1%2Fs3%2Faws4_request&X-Amz-Date=20260903T015550Z&X-Amz-Expires=49502&X-Amz-Signature=731844a73df9e304b03cabc55f675cc38fef74b8c1fc06ce9892099537e9c9d7&X-Amz-SignedHeaders=host%3Bx-amz-expected-bucket-owner&response-expires=Thu%2C%2003%20Sep%202026%2015%3A40%3A52%20GMT
AQUARIUS_PISCES	Desktop	Champagne_Ivory	https://export-download.canva.com/9hOTw/DAHUJH9hOTw/-1/0/0008-3354570561055460674.jpg?X-Amz-Algorithm=AWS4-HMAC-SHA256&X-Amz-Credential=AKIAQYCGKMUH5AO7UJ26%2F20260903%2Fus-east-1%2Fs3%2Faws4_request&X-Amz-Date=20260903T134643Z&X-Amz-Expires=7388&X-Amz-Signature=b103caf19d19ee90cd73aca8c0e0a9e05d41889ed24ed147cb678cde8fb33c83&X-Amz-SignedHeaders=host%3Bx-amz-expected-bucket-owner&response-expires=Thu%2C%2003%20Sep%202026%2015%3A49%3A51%20GMT
AQUARIUS_SAGITTARIUS	Desktop	Champagne_Ivory	https://export-download.canva.com/9hOTw/DAHUJH9hOTw/-1/0/0009-3354570561055460674.jpg?X-Amz-Algorithm=AWS4-HMAC-SHA256&X-Amz-Credential=AKIAQYCGKMUH5AO7UJ26%2F20260902%2Fus-east-1%2Fs3%2Faws4_request&X-Amz-Date=20260902T145938Z&X-Amz-Expires=92364&X-Amz-Signature=7a27e001fe5c7a73155684d8d8d356c78613232f4303f76fdf52ced4cd29911c&X-Amz-SignedHeaders=host%3Bx-amz-expected-bucket-owner&response-expires=Thu%2C%2003%20Sep%202026%2016%3A39%3A02%20GMT
AQUARIUS_SCORPIO	Desktop	Champagne_Ivory	https://export-download.canva.com/9hOTw/DAHUJH9hOTw/-1/0/0010-3354570561055460674.jpg?X-Amz-Algorithm=AWS4-HMAC-SHA256&X-Amz-Credential=AKIAQYCGKMUH5AO7UJ26%2F20260903%2Fus-east-1%2Fs3%2Faws4_request&X-Amz-Date=20260903T092939Z&X-Amz-Expires=23977&X-Amz-Signature=d72bd3664d837fd3853c083ae53b6e6d1ebceebf55f1caf745f8bfded19aee8d&X-Amz-SignedHeaders=host%3Bx-amz-expected-bucket-owner&response-expires=Thu%2C%2003%20Sep%202026%2016%3A09%3A16%20GMT
AQUARIUS_TAURUS	Desktop	Champagne_Ivory	https://export-download.canva.com/9hOTw/DAHUJH9hOTw/-1/0/0011-3354570561055460674.jpg?X-Amz-Algorithm=AWS4-HMAC-SHA256&X-Amz-Credential=AKIAQYCGKMUH5AO7UJ26%2F20260902%2Fus-east-1%2Fs3%2Faws4_request&X-Amz-Date=20260902T222427Z&X-Amz-Expires=65318&X-Amz-Signature=c1db31bd1cd75e6f7c3832db639b549fadc127ee252b8e90bb213fb679987cc7&X-Amz-SignedHeaders=host%3Bx-amz-expected-bucket-owner&response-expires=Thu%2C%2003%20Sep%202026%2016%3A33%3A05%20GMT
AQUARIUS_VIRGO	Desktop	Champagne_Ivory	https://export-download.canva.com/9hOTw/DAHUJH9hOTw/-1/0/0012-3354570561055460674.jpg?X-Amz-Algorithm=AWS4-HMAC-SHA256&X-Amz-Credential=AKIAQYCGKMUH5AO7UJ26%2F20260903%2Fus-east-1%2Fs3%2Faws4_request&X-Amz-Date=20260903T070358Z&X-Amz-Expires=31473&X-Amz-Signature=4865b9359ab8dede66c551f75e44ac92820b19fab2e57345fa4dcb722c994290&X-Amz-SignedHeaders=host%3Bx-amz-expected-bucket-owner&response-expires=Thu%2C%2003%20Sep%202026%2015%3A48%3A31%20GMT
ARIES_ARIES	Desktop	Champagne_Ivory	https://export-download.canva.com/9hOTw/DAHUJH9hOTw/-1/0/0013-3354570561055460674.jpg?X-Amz-Algorithm=AWS4-HMAC-SHA256&X-Amz-Credential=AKIAQYCGKMUH5AO7UJ26%2F20260902%2Fus-east-1%2Fs3%2Faws4_request&X-Amz-Date=20260902T224140Z&X-Amz-Expires=63910&X-Amz-Signature=de37e1bdcd97580ec789d1e59357b7d3dc5ea9691d4b6e8846c7ef2b4a2d4ed3&X-Amz-SignedHeaders=host%3Bx-amz-expected-bucket-owner&response-expires=Thu%2C%2003%20Sep%202026%2016%3A26%3A50%20GMT
ARIES_CANCER	Desktop	Champagne_Ivory	https://export-download.canva.com/9hOTw/DAHUJH9hOTw/-1/0/0014-3354570561055460674.jpg?X-Amz-Algorithm=AWS4-HMAC-SHA256&X-Amz-Credential=AKIAQYCGKMUH5AO7UJ26%2F20260902%2Fus-east-1%2Fs3%2Faws4_request&X-Amz-Date=20260902T170350Z&X-Amz-Expires=82358&X-Amz-Signature=7bdc20428ac6e5032ca3d173e0e402d63d69ed70f09e2599cc67c4614908fbad&X-Amz-SignedHeaders=host%3Bx-amz-expected-bucket-owner&response-expires=Thu%2C%2003%20Sep%202026%2015%3A56%3A28%20GMT
ARIES_CAPRICORN	Desktop	Champagne_Ivory	https://export-download.canva.com/9hOTw/DAHUJH9hOTw/-1/0/0015-3354570561055460674.jpg?X-Amz-Algorithm=AWS4-HMAC-SHA256&X-Amz-Credential=AKIAQYCGKMUH5AO7UJ26%2F20260903%2Fus-east-1%2Fs3%2Faws4_request&X-Amz-Date=20260903T140759Z&X-Amz-Expires=6300&X-Amz-Signature=ec74761de6410760fb22a9989872507fcb1c332445a07e36c59e8ff003a37198&X-Amz-SignedHeaders=host%3Bx-amz-expected-bucket-owner&response-expires=Thu%2C%2003%20Sep%202026%2015%3A52%3A59%20GMT
ARIES_GEMINI	Desktop	Champagne_Ivory	https://export-download.canva.com/9hOTw/DAHUJH9hOTw/-1/0/0016-3354570561055460674.jpg?X-Amz-Algorithm=AWS4-HMAC-SHA256&X-Amz-Credential=AKIAQYCGKMUH5AO7UJ26%2F20260903%2Fus-east-1%2Fs3%2Faws4_request&X-Amz-Date=20260903T114432Z&X-Amz-Expires=14517&X-Amz-Signature=e77f20d5ec530b0cc125cbfc7b353b3c3ed946bb121d1724cc1ba5809179f56f&X-Amz-SignedHeaders=host%3Bx-amz-expected-bucket-owner&response-expires=Thu%2C%2003%20Sep%202026%2015%3A46%3A29%20GMT
ARIES_LEO	Desktop	Champagne_Ivory	https://export-download.canva.com/9hOTw/DAHUJH9hOTw/-1/0/0017-3354570561055460674.jpg?X-Amz-Algorithm=AWS4-HMAC-SHA256&X-Amz-Credential=AKIAQYCGKMUH5AO7UJ26%2F20260903%2Fus-east-1%2Fs3%2Faws4_request&X-Amz-Date=20260903T131855Z&X-Amz-Expires=8538&X-Amz-Signature=e887831112be08ab366f85376c385cd4451de947c666eefacf575ff330d14972&X-Amz-SignedHeaders=host%3Bx-amz-expected-bucket-owner&response-expires=Thu%2C%2003%20Sep%202026%2015%3A41%3A13%20GMT
ARIES_LIBRA	Desktop	Champagne_Ivory	https://export-download.canva.com/9hOTw/DAHUJH9hOTw/-1/0/0018-3354570561055460674.jpg?X-Amz-Algorithm=AWS4-HMAC-SHA256&X-Amz-Credential=AKIAQYCGKMUH5AO7UJ26%2F20260902%2Fus-east-1%2Fs3%2Faws4_request&X-Amz-Date=20260902T182010Z&X-Amz-Expires=79361&X-Amz-Signature=f2bd868fcd37381bdcc8b1147620791dbc0f76742e2d12586be9c543db6b1707&X-Amz-SignedHeaders=host%3Bx-amz-expected-bucket-owner&response-expires=Thu%2C%2003%20Sep%202026%2016%3A22%3A51%20GMT
ARIES_PISCES	Desktop	Champagne_Ivory	https://export-download.canva.com/9hOTw/DAHUJH9hOTw/-1/0/0019-3354570561055460674.jpg?X-Amz-Algorithm=AWS4-HMAC-SHA256&X-Amz-Credential=AKIAQYCGKMUH5AO7UJ26%2F20260902%2Fus-east-1%2Fs3%2Faws4_request&X-Amz-Date=20260902T163314Z&X-Amz-Expires=84083&X-Amz-Signature=7c302c23185e73e40c14c3f2713b637a364e3aa2a825e59f352e84486213c512&X-Amz-SignedHeaders=host%3Bx-amz-expected-bucket-owner&response-expires=Thu%2C%2003%20Sep%202026%2015%3A54%3A37%20GMT
ARIES_SAGITTARIUS	Desktop	Champagne_Ivory	https://export-download.canva.com/9hOTw/DAHUJH9hOTw/-1/0/0020-3354570561055460674.jpg?X-Amz-Algorithm=AWS4-HMAC-SHA256&X-Amz-Credential=AKIAQYCGKMUH5AO7UJ26%2F20260902%2Fus-east-1%2Fs3%2Faws4_request&X-Amz-Date=20260902T154327Z&X-Amz-Expires=89356&X-Amz-Signature=4edfe247ad5f81e89b0c02c9ed7bab4290210e9aa424ff1eab85a9adee4a6502&X-Amz-SignedHeaders=host%3Bx-amz-expected-bucket-owner&response-expires=Thu%2C%2003%20Sep%202026%2016%3A32%3A43%20GMT
ARIES_SCORPIO	Desktop	Champagne_Ivory	https://export-download.canva.com/9hOTw/DAHUJH9hOTw/-1/0/0021-3354570561055460674.jpg?X-Amz-Algorithm=AWS4-HMAC-SHA256&X-Amz-Credential=AKIAQYCGKMUH5AO7UJ26%2F20260902%2Fus-east-1%2Fs3%2Faws4_request&X-Amz-Date=20260902T172037Z&X-Amz-Expires=83207&X-Amz-Signature=ebc4a9e771f88e80261e0668b2558f576d9b4b4aa3645ca0485556c5a29c1b09&X-Amz-SignedHeaders=host%3Bx-amz-expected-bucket-owner&response-expires=Thu%2C%2003%20Sep%202026%2016%3A27%3A24%20GMT
ARIES_TAURUS	Desktop	Champagne_Ivory	https://export-download.canva.com/9hOTw/DAHUJH9hOTw/-1/0/0022-3354570561055460674.jpg?X-Amz-Algorithm=AWS4-HMAC-SHA256&X-Amz-Credential=AKIAQYCGKMUH5AO7UJ26%2F20260903%2Fus-east-1%2Fs3%2Faws4_request&X-Amz-Date=20260903T101535Z&X-Amz-Expires=22715&X-Amz-Signature=3f27aea143d7ba41b6f3f8942ef2bfbc5a844f0b79d385a31c6cac4822023d54&X-Amz-SignedHeaders=host%3Bx-amz-expected-bucket-owner&response-expires=Thu%2C%2003%20Sep%202026%2016%3A34%3A10%20GMT
ARIES_VIGRO	Desktop	Champagne_Ivory	https://export-download.canva.com/9hOTw/DAHUJH9hOTw/-1/0/0023-3354570561055460674.jpg?X-Amz-Algorithm=AWS4-HMAC-SHA256&X-Amz-Credential=AKIAQYCGKMUH5AO7UJ26%2F20260903%2Fus-east-1%2Fs3%2Faws4_request&X-Amz-Date=20260903T002825Z&X-Amz-Expires=57995&X-Amz-Signature=86c7dcd74f6c0216f555508624dabd5834b463c49b17d78d192cb66be87e5076&X-Amz-SignedHeaders=host%3Bx-amz-expected-bucket-owner&response-expires=Thu%2C%2003%20Sep%202026%2016%3A35%3A00%20GMT
CANCER_CANCER	Desktop	Champagne_Ivory	https://export-download.canva.com/9hOTw/DAHUJH9hOTw/-1/0/0024-3354570561055460674.jpg?X-Amz-Algorithm=AWS4-HMAC-SHA256&X-Amz-Credential=AKIAQYCGKMUH5AO7UJ26%2F20260903%2Fus-east-1%2Fs3%2Faws4_request&X-Amz-Date=20260903T034445Z&X-Amz-Expires=45941&X-Amz-Signature=228c0a8ee79f00df6307a888b2476dc1767d11751a316cad2418d5521057f7f8&X-Amz-SignedHeaders=host%3Bx-amz-expected-bucket-owner&response-expires=Thu%2C%2003%20Sep%202026%2016%3A30%3A26%20GMT
CANCER_CAPRICORN	Desktop	Champagne_Ivory	https://export-download.canva.com/9hOTw/DAHUJH9hOTw/-1/0/0025-3354570561055460674.jpg?X-Amz-Algorithm=AWS4-HMAC-SHA256&X-Amz-Credential=AKIAQYCGKMUH5AO7UJ26%2F20260903%2Fus-east-1%2Fs3%2Faws4_request&X-Amz-Date=20260903T111754Z&X-Amz-Expires=15994&X-Amz-Signature=50dabd40d2e2cfddd1fb13be6b55a1a6c9f1ace939a1c1c761089ce941d2a245&X-Amz-SignedHeaders=host%3Bx-amz-expected-bucket-owner&response-expires=Thu%2C%2003%20Sep%202026%2015%3A44%3A28%20GMT
CANCER_GEMINI	Desktop	Champagne_Ivory	https://export-download.canva.com/9hOTw/DAHUJH9hOTw/-1/0/0026-3354570561055460674.jpg?X-Amz-Algorithm=AWS4-HMAC-SHA256&X-Amz-Credential=AKIAQYCGKMUH5AO7UJ26%2F20260903%2Fus-east-1%2Fs3%2Faws4_request&X-Amz-Date=20260903T134509Z&X-Amz-Expires=7528&X-Amz-Signature=da504046a08fcc18322486ec4ceb5e2211abf2b7760db0fe10ed584b90d75a13&X-Amz-SignedHeaders=host%3Bx-amz-expected-bucket-owner&response-expires=Thu%2C%2003%20Sep%202026%2015%3A50%3A37%20GMT
CANCER_LEO	Desktop	Champagne_Ivory	https://export-download.canva.com/9hOTw/DAHUJH9hOTw/-1/0/0027-3354570561055460674.jpg?X-Amz-Algorithm=AWS4-HMAC-SHA256&X-Amz-Credential=AKIAQYCGKMUH5AO7UJ26%2F20260903%2Fus-east-1%2Fs3%2Faws4_request&X-Amz-Date=20260903T041454Z&X-Amz-Expires=43469&X-Amz-Signature=da49803343b1082000280dbf06afba7a8f7e26219a812e43138e2412920d34ef&X-Amz-SignedHeaders=host%3Bx-amz-expected-bucket-owner&response-expires=Thu%2C%2003%20Sep%202026%2016%3A19%3A23%20GMT
CANCER_LIBRA	Desktop	Champagne_Ivory	https://export-download.canva.com/9hOTw/DAHUJH9hOTw/-1/0/0028-3354570561055460674.jpg?X-Amz-Algorithm=AWS4-HMAC-SHA256&X-Amz-Credential=AKIAQYCGKMUH5AO7UJ26%2F20260902%2Fus-east-1%2Fs3%2Faws4_request&X-Amz-Date=20260902T225852Z&X-Amz-Expires=61822&X-Amz-Signature=6bb896abcc38799e981b728709847be6cadcbbb8fb6ee62b5f967b7ad1e769df&X-Amz-SignedHeaders=host%3Bx-amz-expected-bucket-owner&response-expires=Thu%2C%2003%20Sep%202026%2016%3A09%3A14%20GMT
CANCER_PISCES	Desktop	Champagne_Ivory	https://export-download.canva.com/9hOTw/DAHUJH9hOTw/-1/0/0029-3354570561055460674.jpg?X-Amz-Algorithm=AWS4-HMAC-SHA256&X-Amz-Credential=AKIAQYCGKMUH5AO7UJ26%2F20260903%2Fus-east-1%2Fs3%2Faws4_request&X-Amz-Date=20260903T100806Z&X-Amz-Expires=20504&X-Amz-Signature=e26b0d90cd0910dff40b69413dc2e1420452d2f0fcef02f763a149b219c70127&X-Amz-SignedHeaders=host%3Bx-amz-expected-bucket-owner&response-expires=Thu%2C%2003%20Sep%202026%2015%3A49%3A50%20GMT
CANCER_SAGITTARIUS	Desktop	Champagne_Ivory	https://export-download.canva.com/9hOTw/DAHUJH9hOTw/-1/0/0030-3354570561055460674.jpg?X-Amz-Algorithm=AWS4-HMAC-SHA256&X-Amz-Credential=AKIAQYCGKMUH5AO7UJ26%2F20260902%2Fus-east-1%2Fs3%2Faws4_request&X-Amz-Date=20260902T223107Z&X-Amz-Expires=63557&X-Amz-Signature=80c35b7674f2d74d1a01a08ae298233053de0963f1c3de098c02eb44cae60da7&X-Amz-SignedHeaders=host%3Bx-amz-expected-bucket-owner&response-expires=Thu%2C%2003%20Sep%202026%2016%3A10%3A24%20GMT
CANCER_SCORPIO	Desktop	Champagne_Ivory	https://export-download.canva.com/9hOTw/DAHUJH9hOTw/-1/0/0031-3354570561055460674.jpg?X-Amz-Algorithm=AWS4-HMAC-SHA256&X-Amz-Credential=AKIAQYCGKMUH5AO7UJ26%2F20260903%2Fus-east-1%2Fs3%2Faws4_request&X-Amz-Date=20260903T143702Z&X-Amz-Expires=5965&X-Amz-Signature=4264d5b128d031d92207c75c55ef0fbe3956d7dad67963010bcee967d6913298&X-Amz-SignedHeaders=host%3Bx-amz-expected-bucket-owner&response-expires=Thu%2C%2003%20Sep%202026%2016%3A16%3A27%20GMT
CANCER_TAURUS	Desktop	Champagne_Ivory	https://export-download.canva.com/9hOTw/DAHUJH9hOTw/-1/0/0032-3354570561055460674.jpg?X-Amz-Algorithm=AWS4-HMAC-SHA256&X-Amz-Credential=AKIAQYCGKMUH5AO7UJ26%2F20260902%2Fus-east-1%2Fs3%2Faws4_request&X-Amz-Date=20260902T182531Z&X-Amz-Expires=79350&X-Amz-Signature=54ee7f05ba0d647d47b0495d26a5550560df51054f2f578b556e35b65b4835a5&X-Amz-SignedHeaders=host%3Bx-amz-expected-bucket-owner&response-expires=Thu%2C%2003%20Sep%202026%2016%3A28%3A01%20GMT
CANCER_VIRGO	Desktop	Champagne_Ivory	https://export-download.canva.com/9hOTw/DAHUJH9hOTw/-1/0/0033-3354570561055460674.jpg?X-Amz-Algorithm=AWS4-HMAC-SHA256&X-Amz-Credential=AKIAQYCGKMUH5AO7UJ26%2F20260903%2Fus-east-1%2Fs3%2Faws4_request&X-Amz-Date=20260903T010508Z&X-Amz-Expires=53642&X-Amz-Signature=2298fda497a519b33e89424daffa5a8a4a9653b494f188cb0308853e0a7735d7&X-Amz-SignedHeaders=host%3Bx-amz-expected-bucket-owner&response-expires=Thu%2C%2003%20Sep%202026%2015%3A59%3A10%20GMT
CAPRICORN_CAPRICORN	Desktop	Champagne_Ivory	https://export-download.canva.com/9hOTw/DAHUJH9hOTw/-1/0/0034-3354570561055460674.jpg?X-Amz-Algorithm=AWS4-HMAC-SHA256&X-Amz-Credential=AKIAQYCGKMUH5AO7UJ26%2F20260903%2Fus-east-1%2Fs3%2Faws4_request&X-Amz-Date=20260903T063741Z&X-Amz-Expires=35751&X-Amz-Signature=a3e10cf9e59757fc8dc37b8324f87938be103f4c7bb050b360ac42706e4ea445&X-Amz-SignedHeaders=host%3Bx-amz-expected-bucket-owner&response-expires=Thu%2C%2003%20Sep%202026%2016%3A33%3A32%20GMT
CAPRICORN_GEMINI	Desktop	Champagne_Ivory	https://export-download.canva.com/9hOTw/DAHUJH9hOTw/-1/0/0035-3354570561055460674.jpg?X-Amz-Algorithm=AWS4-HMAC-SHA256&X-Amz-Credential=AKIAQYCGKMUH5AO7UJ26%2F20260903%2Fus-east-1%2Fs3%2Faws4_request&X-Amz-Date=20260903T011831Z&X-Amz-Expires=52475&X-Amz-Signature=074d31fbb75c7b8abe9f13f85384100ed640d6ba2f94a7221cb090ba8d29ba26&X-Amz-SignedHeaders=host%3Bx-amz-expected-bucket-owner&response-expires=Thu%2C%2003%20Sep%202026%2015%3A53%3A06%20GMT
CAPRICORN_LEO	Desktop	Champagne_Ivory	https://export-download.canva.com/9hOTw/DAHUJH9hOTw/-1/0/0036-3354570561055460674.jpg?X-Amz-Algorithm=AWS4-HMAC-SHA256&X-Amz-Credential=AKIAQYCGKMUH5AO7UJ26%2F20260902%2Fus-east-1%2Fs3%2Faws4_request&X-Amz-Date=20260902T184302Z&X-Amz-Expires=77525&X-Amz-Signature=bc223dacabf4e5e3661761afc00237438fa285bc5f637584077e77f72d4b9bde&X-Amz-SignedHeaders=host%3Bx-amz-expected-bucket-owner&response-expires=Thu%2C%2003%20Sep%202026%2016%3A15%3A07%20GMT
CAPRICORN_LIBRA	Desktop	Champagne_Ivory	https://export-download.canva.com/9hOTw/DAHUJH9hOTw/-1/0/0037-3354570561055460674.jpg?X-Amz-Algorithm=AWS4-HMAC-SHA256&X-Amz-Credential=AKIAQYCGKMUH5AO7UJ26%2F20260902%2Fus-east-1%2Fs3%2Faws4_request&X-Amz-Date=20260902T201930Z&X-Amz-Expires=71097&X-Amz-Signature=07419fc0616c0ccae6fafb8ce372fe06c95b8175f72206c60f7bd439a59b6306&X-Amz-SignedHeaders=host%3Bx-amz-expected-bucket-owner&response-expires=Thu%2C%2003%20Sep%202026%2016%3A04%3A27%20GMT
CAPRICORN_PISCES	Desktop	Champagne_Ivory	https://export-download.canva.com/9hOTw/DAHUJH9hOTw/-1/0/0038-3354570561055460674.jpg?X-Amz-Algorithm=AWS4-HMAC-SHA256&X-Amz-Credential=AKIAQYCGKMUH5AO7UJ26%2F20260903%2Fus-east-1%2Fs3%2Faws4_request&X-Amz-Date=20260903T104009Z&X-Amz-Expires=18573&X-Amz-Signature=4b1bd8707562d623b87d88769589ede7016e8c6eccfd4bcce1b6f438834d95a1&X-Amz-SignedHeaders=host%3Bx-amz-expected-bucket-owner&response-expires=Thu%2C%2003%20Sep%202026%2015%3A49%3A42%20GMT
CAPRICORN_SAGITTARIUS	Desktop	Champagne_Ivory	https://export-download.canva.com/9hOTw/DAHUJH9hOTw/-1/0/0039-3354570561055460674.jpg?X-Amz-Algorithm=AWS4-HMAC-SHA256&X-Amz-Credential=AKIAQYCGKMUH5AO7UJ26%2F20260902%2Fus-east-1%2Fs3%2Faws4_request&X-Amz-Date=20260902T233450Z&X-Amz-Expires=58019&X-Amz-Signature=19d9b0dfd4cf509f5143c07d958fd1b930b55802ce58443635967b4c348f6439&X-Amz-SignedHeaders=host%3Bx-amz-expected-bucket-owner&response-expires=Thu%2C%2003%20Sep%202026%2015%3A41%3A49%20GMT
CAPRICORN_SCORPIO	Desktop	Champagne_Ivory	https://export-download.canva.com/9hOTw/DAHUJH9hOTw/-1/0/0040-3354570561055460674.jpg?X-Amz-Algorithm=AWS4-HMAC-SHA256&X-Amz-Credential=AKIAQYCGKMUH5AO7UJ26%2F20260903%2Fus-east-1%2Fs3%2Faws4_request&X-Amz-Date=20260903T125212Z&X-Amz-Expires=11081&X-Amz-Signature=b4179300cfa91b1e4a1f2e71fcca0d69ef7795d2e947ab7985ef338261d10a5e&X-Amz-SignedHeaders=host%3Bx-amz-expected-bucket-owner&response-expires=Thu%2C%2003%20Sep%202026%2015%3A56%3A53%20GMT
CAPRICORN_TAURUS	Desktop	Champagne_Ivory	https://export-download.canva.com/9hOTw/DAHUJH9hOTw/-1/0/0041-3354570561055460674.jpg?X-Amz-Algorithm=AWS4-HMAC-SHA256&X-Amz-Credential=AKIAQYCGKMUH5AO7UJ26%2F20260902%2Fus-east-1%2Fs3%2Faws4_request&X-Amz-Date=20260902T231627Z&X-Amz-Expires=59985&X-Amz-Signature=fac3def4331e2a88ad30f6129975acf9454117f0c48522ca123eedaa94363bd6&X-Amz-SignedHeaders=host%3Bx-amz-expected-bucket-owner&response-expires=Thu%2C%2003%20Sep%202026%2015%3A56%3A12%20GMT
CAPRICORN_VIRGO	Desktop	Champagne_Ivory	https://export-download.canva.com/9hOTw/DAHUJH9hOTw/-1/0/0042-3354570561055460674.jpg?X-Amz-Algorithm=AWS4-HMAC-SHA256&X-Amz-Credential=AKIAQYCGKMUH5AO7UJ26%2F20260902%2Fus-east-1%2Fs3%2Faws4_request&X-Amz-Date=20260902T190551Z&X-Amz-Expires=76494&X-Amz-Signature=3e6260b0a402719f7ee0e79cb7446f00854470f936f180d9d7325f684c3a82e9&X-Amz-SignedHeaders=host%3Bx-amz-expected-bucket-owner&response-expires=Thu%2C%2003%20Sep%202026%2016%3A20%3A45%20GMT
GEMINI_GEMINI	Desktop	Champagne_Ivory	https://export-download.canva.com/9hOTw/DAHUJH9hOTw/-1/0/0043-3354570561055460674.jpg?X-Amz-Algorithm=AWS4-HMAC-SHA256&X-Amz-Credential=AKIAQYCGKMUH5AO7UJ26%2F20260902%2Fus-east-1%2Fs3%2Faws4_request&X-Amz-Date=20260902T144637Z&X-Amz-Expires=90338&X-Amz-Signature=2aa5f8fea405e4d0de662f90e24da72a5dacb782942e86154fd38cf3143f7b91&X-Amz-SignedHeaders=host%3Bx-amz-expected-bucket-owner&response-expires=Thu%2C%2003%20Sep%202026%2015%3A52%3A15%20GMT
GEMINI_LEO	Desktop	Champagne_Ivory	https://export-download.canva.com/9hOTw/DAHUJH9hOTw/-1/0/0044-3354570561055460674.jpg?X-Amz-Algorithm=AWS4-HMAC-SHA256&X-Amz-Credential=AKIAQYCGKMUH5AO7UJ26%2F20260903%2Fus-east-1%2Fs3%2Faws4_request&X-Amz-Date=20260903T042821Z&X-Amz-Expires=42350&X-Amz-Signature=867e468620742c1682ed54535805728fe13ba9c4207606ee88750d7a9e2df145&X-Amz-SignedHeaders=host%3Bx-amz-expected-bucket-owner&response-expires=Thu%2C%2003%20Sep%202026%2016%3A14%3A11%20GMT
GEMINI_LIBRA	Desktop	Champagne_Ivory	https://export-download.canva.com/9hOTw/DAHUJH9hOTw/-1/0/0045-3354570561055460674.jpg?X-Amz-Algorithm=AWS4-HMAC-SHA256&X-Amz-Credential=AKIAQYCGKMUH5AO7UJ26%2F20260903%2Fus-east-1%2Fs3%2Faws4_request&X-Amz-Date=20260903T000347Z&X-Amz-Expires=59411&X-Amz-Signature=b73381dc85082322f8c9245a5a138f5836375a96279ac2d917fb168a20c0f5d1&X-Amz-SignedHeaders=host%3Bx-amz-expected-bucket-owner&response-expires=Thu%2C%2003%20Sep%202026%2016%3A33%3A58%20GMT
GEMINI_PISCES	Desktop	Champagne_Ivory	https://export-download.canva.com/9hOTw/DAHUJH9hOTw/-1/0/0046-3354570561055460674.jpg?X-Amz-Algorithm=AWS4-HMAC-SHA256&X-Amz-Credential=AKIAQYCGKMUH5AO7UJ26%2F20260903%2Fus-east-1%2Fs3%2Faws4_request&X-Amz-Date=20260903T112719Z&X-Amz-Expires=17364&X-Amz-Signature=22903454656be8b7f9a58cb29f1c63dfc5829b3886cc106166e7d0404f0b1bfe&X-Amz-SignedHeaders=host%3Bx-amz-expected-bucket-owner&response-expires=Thu%2C%2003%20Sep%202026%2016%3A16%3A43%20GMT
GEMINI_SAGITTARIUS	Desktop	Champagne_Ivory	https://export-download.canva.com/9hOTw/DAHUJH9hOTw/-1/0/0047-3354570561055460674.jpg?X-Amz-Algorithm=AWS4-HMAC-SHA256&X-Amz-Credential=AKIAQYCGKMUH5AO7UJ26%2F20260903%2Fus-east-1%2Fs3%2Faws4_request&X-Amz-Date=20260903T033605Z&X-Amz-Expires=45232&X-Amz-Signature=dbe0e40fdd504b97c8767c8c1224b5c1ba10b9811619e0725c58d8c2e60cb50b&X-Amz-SignedHeaders=host%3Bx-amz-expected-bucket-owner&response-expires=Thu%2C%2003%20Sep%202026%2016%3A09%3A57%20GMT
GEMINI_SCORPIO	Desktop	Champagne_Ivory	https://export-download.canva.com/9hOTw/DAHUJH9hOTw/-1/0/0048-3354570561055460674.jpg?X-Amz-Algorithm=AWS4-HMAC-SHA256&X-Amz-Credential=AKIAQYCGKMUH5AO7UJ26%2F20260903%2Fus-east-1%2Fs3%2Faws4_request&X-Amz-Date=20260903T114227Z&X-Amz-Expires=16631&X-Amz-Signature=4f24dfa44b0e8c53ece900f524f4542bb6d92f3d526e45e1af8f848046a0891a&X-Amz-SignedHeaders=host%3Bx-amz-expected-bucket-owner&response-expires=Thu%2C%2003%20Sep%202026%2016%3A19%3A38%20GMT
GEMINI_TAURUS	Desktop	Champagne_Ivory	https://export-download.canva.com/9hOTw/DAHUJH9hOTw/-1/0/0049-3354570561055460674.jpg?X-Amz-Algorithm=AWS4-HMAC-SHA256&X-Amz-Credential=AKIAQYCGKMUH5AO7UJ26%2F20260903%2Fus-east-1%2Fs3%2Faws4_request&X-Amz-Date=20260903T123122Z&X-Amz-Expires=12908&X-Amz-Signature=77a46b1e401e8ec20851e018929bb25e1b286482e00ae9d1a322e07da3f2d181&X-Amz-SignedHeaders=host%3Bx-amz-expected-bucket-owner&response-expires=Thu%2C%2003%20Sep%202026%2016%3A06%3A30%20GMT
GEMINI_VIRGO	Desktop	Champagne_Ivory	https://export-download.canva.com/9hOTw/DAHUJH9hOTw/-1/0/0050-3354570561055460674.jpg?X-Amz-Algorithm=AWS4-HMAC-SHA256&X-Amz-Credential=AKIAQYCGKMUH5AO7UJ26%2F20260903%2Fus-east-1%2Fs3%2Faws4_request&X-Amz-Date=20260903T073011Z&X-Amz-Expires=32690&X-Amz-Signature=b1246a625e8c032b9a2204c4c3e5ee578dce8222cc2a8335032a6d6c885ec701&X-Amz-SignedHeaders=host%3Bx-amz-expected-bucket-owner&response-expires=Thu%2C%2003%20Sep%202026%2016%3A35%3A01%20GMT
LEO_LEO	Desktop	Champagne_Ivory	https://export-download.canva.com/9hOTw/DAHUJH9hOTw/-1/0/0051-3354570561055460674.jpg?X-Amz-Algorithm=AWS4-HMAC-SHA256&X-Amz-Credential=AKIAQYCGKMUH5AO7UJ26%2F20260903%2Fus-east-1%2Fs3%2Faws4_request&X-Amz-Date=20260903T050747Z&X-Amz-Expires=39297&X-Amz-Signature=36e0f89b95c8cb75140469e37ad42b6b67cccc95778a516bc9c66bc3339d963e&X-Amz-SignedHeaders=host%3Bx-amz-expected-bucket-owner&response-expires=Thu%2C%2003%20Sep%202026%2016%3A02%3A44%20GMT
LEO_LIBRA	Desktop	Champagne_Ivory	https://export-download.canva.com/9hOTw/DAHUJH9hOTw/-1/0/0052-3354570561055460674.jpg?X-Amz-Algorithm=AWS4-HMAC-SHA256&X-Amz-Credential=AKIAQYCGKMUH5AO7UJ26%2F20260903%2Fus-east-1%2Fs3%2Faws4_request&X-Amz-Date=20260903T114215Z&X-Amz-Expires=14745&X-Amz-Signature=bc27f0b46389ee93f6b026d4fbc6db921ab9525b8b5b8a88e704c12e0778e0f8&X-Amz-SignedHeaders=host%3Bx-amz-expected-bucket-owner&response-expires=Thu%2C%2003%20Sep%202026%2015%3A48%3A00%20GMT
LEO_PISCES	Desktop	Champagne_Ivory	https://export-download.canva.com/9hOTw/DAHUJH9hOTw/-1/0/0053-3354570561055460674.jpg?X-Amz-Algorithm=AWS4-HMAC-SHA256&X-Amz-Credential=AKIAQYCGKMUH5AO7UJ26%2F20260902%2Fus-east-1%2Fs3%2Faws4_request&X-Amz-Date=20260902T191119Z&X-Amz-Expires=75013&X-Amz-Signature=613786629eb44bdacb0065ca20263875fb6febffcd442435f579c19375bb1b0e&X-Amz-SignedHeaders=host%3Bx-amz-expected-bucket-owner&response-expires=Thu%2C%2003%20Sep%202026%2016%3A01%3A32%20GMT
LEO_SAGITTARIUS	Desktop	Champagne_Ivory	https://export-download.canva.com/9hOTw/DAHUJH9hOTw/-1/0/0054-3354570561055460674.jpg?X-Amz-Algorithm=AWS4-HMAC-SHA256&X-Amz-Credential=AKIAQYCGKMUH5AO7UJ26%2F20260903%2Fus-east-1%2Fs3%2Faws4_request&X-Amz-Date=20260903T123731Z&X-Amz-Expires=11229&X-Amz-Signature=65128d3303ea7de52f374d233e31c9a60d425273b00d5a849d7c9a8a4607d6cf&X-Amz-SignedHeaders=host%3Bx-amz-expected-bucket-owner&response-expires=Thu%2C%2003%20Sep%202026%2015%3A44%3A40%20GMT
LEO_SCORPIO	Desktop	Champagne_Ivory	https://export-download.canva.com/9hOTw/DAHUJH9hOTw/-1/0/0055-3354570561055460674.jpg?X-Amz-Algorithm=AWS4-HMAC-SHA256&X-Amz-Credential=AKIAQYCGKMUH5AO7UJ26%2F20260903%2Fus-east-1%2Fs3%2Faws4_request&X-Amz-Date=20260903T091628Z&X-Amz-Expires=22975&X-Amz-Signature=4de5514c2fa14b13b68d6d167b1dd2b7dd36cbbb58461722a713864ea9b883e5&X-Amz-SignedHeaders=host%3Bx-amz-expected-bucket-owner&response-expires=Thu%2C%2003%20Sep%202026%2015%3A39%3A23%20GMT
LEO_TAURUS	Desktop	Champagne_Ivory	https://export-download.canva.com/9hOTw/DAHUJH9hOTw/-1/0/0056-3354570561055460674.jpg?X-Amz-Algorithm=AWS4-HMAC-SHA256&X-Amz-Credential=AKIAQYCGKMUH5AO7UJ26%2F20260903%2Fus-east-1%2Fs3%2Faws4_request&X-Amz-Date=20260903T070704Z&X-Amz-Expires=32183&X-Amz-Signature=d2e066b364442864214599e679e811b8df0e8a7770f7bffb37c8de217a37825d&X-Amz-SignedHeaders=host%3Bx-amz-expected-bucket-owner&response-expires=Thu%2C%2003%20Sep%202026%2016%3A03%3A27%20GMT
LEO_VIRGO	Desktop	Champagne_Ivory	https://export-download.canva.com/9hOTw/DAHUJH9hOTw/-1/0/0057-3354570561055460674.jpg?X-Amz-Algorithm=AWS4-HMAC-SHA256&X-Amz-Credential=AKIAQYCGKMUH5AO7UJ26%2F20260902%2Fus-east-1%2Fs3%2Faws4_request&X-Amz-Date=20260902T144609Z&X-Amz-Expires=92930&X-Amz-Signature=9a7838400c681432aebde4b23da6fd0da3433f522c1c904baf22cb80cefe18aa&X-Amz-SignedHeaders=host%3Bx-amz-expected-bucket-owner&response-expires=Thu%2C%2003%20Sep%202026%2016%3A34%3A59%20GMT
LIBRA_LIBRA	Desktop	Champagne_Ivory	https://export-download.canva.com/9hOTw/DAHUJH9hOTw/-1/0/0058-3354570561055460674.jpg?X-Amz-Algorithm=AWS4-HMAC-SHA256&X-Amz-Credential=AKIAQYCGKMUH5AO7UJ26%2F20260903%2Fus-east-1%2Fs3%2Faws4_request&X-Amz-Date=20260903T040944Z&X-Amz-Expires=44267&X-Amz-Signature=c56d56bbc43bcb296ea9ec9e7e26c3c7c4198486d8f9b29be48776a85fcfc5f8&X-Amz-SignedHeaders=host%3Bx-amz-expected-bucket-owner&response-expires=Thu%2C%2003%20Sep%202026%2016%3A27%3A31%20GMT
LIBRA_PISCES	Desktop	Champagne_Ivory	https://export-download.canva.com/9hOTw/DAHUJH9hOTw/-1/0/0059-3354570561055460674.jpg?X-Amz-Algorithm=AWS4-HMAC-SHA256&X-Amz-Credential=AKIAQYCGKMUH5AO7UJ26%2F20260903%2Fus-east-1%2Fs3%2Faws4_request&X-Amz-Date=20260903T012314Z&X-Amz-Expires=54471&X-Amz-Signature=8387487d390f904f113009d67fa9cc5fb477d86032a9cf1e9b0410ac8879cb18&X-Amz-SignedHeaders=host%3Bx-amz-expected-bucket-owner&response-expires=Thu%2C%2003%20Sep%202026%2016%3A31%3A05%20GMT
LIBRA_SAGITTARIUS	Desktop	Champagne_Ivory	https://export-download.canva.com/9hOTw/DAHUJH9hOTw/-1/0/0060-3354570561055460674.jpg?X-Amz-Algorithm=AWS4-HMAC-SHA256&X-Amz-Credential=AKIAQYCGKMUH5AO7UJ26%2F20260902%2Fus-east-1%2Fs3%2Faws4_request&X-Amz-Date=20260902T230234Z&X-Amz-Expires=61083&X-Amz-Signature=7187c9e92f899a9723da766e94dff8fc564d1ce7e1dd4ef89a2cce47ae2d6ce2&X-Amz-SignedHeaders=host%3Bx-amz-expected-bucket-owner&response-expires=Thu%2C%2003%20Sep%202026%2016%3A00%3A37%20GMT
LIBRA_SCORPIO	Desktop	Champagne_Ivory	https://export-download.canva.com/9hOTw/DAHUJH9hOTw/-1/0/0061-3354570561055460674.jpg?X-Amz-Algorithm=AWS4-HMAC-SHA256&X-Amz-Credential=AKIAQYCGKMUH5AO7UJ26%2F20260903%2Fus-east-1%2Fs3%2Faws4_request&X-Amz-Date=20260903T081811Z&X-Amz-Expires=26597&X-Amz-Signature=5a277f6ecda6269cb9a258ee843d726e9af4532900ce79b3bed076de4c98be69&X-Amz-SignedHeaders=host%3Bx-amz-expected-bucket-owner&response-expires=Thu%2C%2003%20Sep%202026%2015%3A41%3A28%20GMT
LIBRA_TAURUS	Desktop	Champagne_Ivory	https://export-download.canva.com/9hOTw/DAHUJH9hOTw/-1/0/0062-3354570561055460674.jpg?X-Amz-Algorithm=AWS4-HMAC-SHA256&X-Amz-Credential=AKIAQYCGKMUH5AO7UJ26%2F20260903%2Fus-east-1%2Fs3%2Faws4_request&X-Amz-Date=20260903T123914Z&X-Amz-Expires=13160&X-Amz-Signature=99ed074eb07ff3b15d1e8c7dafc5de610a8b39db1b88ea326d7e07b3b56e8b35&X-Amz-SignedHeaders=host%3Bx-amz-expected-bucket-owner&response-expires=Thu%2C%2003%20Sep%202026%2016%3A18%3A34%20GMT
LIBRA_VIRGO	Desktop	Champagne_Ivory	https://export-download.canva.com/9hOTw/DAHUJH9hOTw/-1/0/0063-3354570561055460674.jpg?X-Amz-Algorithm=AWS4-HMAC-SHA256&X-Amz-Credential=AKIAQYCGKMUH5AO7UJ26%2F20260902%2Fus-east-1%2Fs3%2Faws4_request&X-Amz-Date=20260902T164251Z&X-Amz-Expires=84050&X-Amz-Signature=5515b4aa6bd095edc540584c88761ecd1d181ecbb82c6678f0c6b6ffb4e4d24c&X-Amz-SignedHeaders=host%3Bx-amz-expected-bucket-owner&response-expires=Thu%2C%2003%20Sep%202026%2016%3A03%3A41%20GMT
PISCES_PISCES	Desktop	Champagne_Ivory	https://export-download.canva.com/9hOTw/DAHUJH9hOTw/-1/0/0064-3354570561055460674.jpg?X-Amz-Algorithm=AWS4-HMAC-SHA256&X-Amz-Credential=AKIAQYCGKMUH5AO7UJ26%2F20260902%2Fus-east-1%2Fs3%2Faws4_request&X-Amz-Date=20260902T171246Z&X-Amz-Expires=82296&X-Amz-Signature=9484683acf83245cb0d871914df904b8d4b4f20e76be15dff08ddd9e8cf01017&X-Amz-SignedHeaders=host%3Bx-amz-expected-bucket-owner&response-expires=Thu%2C%2003%20Sep%202026%2016%3A04%3A22%20GMT
PISCES_SAGITTARIUS	Desktop	Champagne_Ivory	https://export-download.canva.com/9hOTw/DAHUJH9hOTw/-1/0/0065-3354570561055460674.jpg?X-Amz-Algorithm=AWS4-HMAC-SHA256&X-Amz-Credential=AKIAQYCGKMUH5AO7UJ26%2F20260903%2Fus-east-1%2Fs3%2Faws4_request&X-Amz-Date=20260903T051913Z&X-Amz-Expires=39339&X-Amz-Signature=18dee8247d34d8a74b0c7ce1357eb4ad403267d5129a65a342d326a5fec079b0&X-Amz-SignedHeaders=host%3Bx-amz-expected-bucket-owner&response-expires=Thu%2C%2003%20Sep%202026%2016%3A14%3A52%20GMT
PISCES_SCORPIO	Desktop	Champagne_Ivory	https://export-download.canva.com/9hOTw/DAHUJH9hOTw/-1/0/0066-3354570561055460674.jpg?X-Amz-Algorithm=AWS4-HMAC-SHA256&X-Amz-Credential=AKIAQYCGKMUH5AO7UJ26%2F20260903%2Fus-east-1%2Fs3%2Faws4_request&X-Amz-Date=20260903T054530Z&X-Amz-Expires=36568&X-Amz-Signature=bd5e3e80290619cce16392868cf632f92467f15c6823727ac7298ba4b1036b17&X-Amz-SignedHeaders=host%3Bx-amz-expected-bucket-owner&response-expires=Thu%2C%2003%20Sep%202026%2015%3A54%3A58%20GMT
PISCES_TAURUS	Desktop	Champagne_Ivory	https://export-download.canva.com/9hOTw/DAHUJH9hOTw/-1/0/0067-3354570561055460674.jpg?X-Amz-Algorithm=AWS4-HMAC-SHA256&X-Amz-Credential=AKIAQYCGKMUH5AO7UJ26%2F20260903%2Fus-east-1%2Fs3%2Faws4_request&X-Amz-Date=20260903T021648Z&X-Amz-Expires=49694&X-Amz-Signature=9c8276422fe21357b423be0891060017fbe04b9c70bf67a2aa602b60242204fc&X-Amz-SignedHeaders=host%3Bx-amz-expected-bucket-owner&response-expires=Thu%2C%2003%20Sep%202026%2016%3A05%3A02%20GMT
PISCES_VIRGO	Desktop	Champagne_Ivory	https://export-download.canva.com/9hOTw/DAHUJH9hOTw/-1/0/0068-3354570561055460674.jpg?X-Amz-Algorithm=AWS4-HMAC-SHA256&X-Amz-Credential=AKIAQYCGKMUH5AO7UJ26%2F20260903%2Fus-east-1%2Fs3%2Faws4_request&X-Amz-Date=20260903T022043Z&X-Amz-Expires=49222&X-Amz-Signature=f4e35ac28f9cc9f4c90f7a9cba0cb3e76f1fdcff24a0d09526fc18b840167e8c&X-Amz-SignedHeaders=host%3Bx-amz-expected-bucket-owner&response-expires=Thu%2C%2003%20Sep%202026%2016%3A01%3A05%20GMT
SAGITTARIUS_SAGITTARIUS	Desktop	Champagne_Ivory	https://export-download.canva.com/9hOTw/DAHUJH9hOTw/-1/0/0069-3354570561055460674.jpg?X-Amz-Algorithm=AWS4-HMAC-SHA256&X-Amz-Credential=AKIAQYCGKMUH5AO7UJ26%2F20260902%2Fus-east-1%2Fs3%2Faws4_request&X-Amz-Date=20260902T164352Z&X-Amz-Expires=84566&X-Amz-Signature=839d7d2db0b6e02c71b8af789ff1529f3f17f2f312bf562d5372ef5bbd189a4a&X-Amz-SignedHeaders=host%3Bx-amz-expected-bucket-owner&response-expires=Thu%2C%2003%20Sep%202026%2016%3A13%3A18%20GMT
SAGITTARIUS_SCORPIO	Desktop	Champagne_Ivory	https://export-download.canva.com/9hOTw/DAHUJH9hOTw/-1/0/0070-3354570561055460674.jpg?X-Amz-Algorithm=AWS4-HMAC-SHA256&X-Amz-Credential=AKIAQYCGKMUH5AO7UJ26%2F20260903%2Fus-east-1%2Fs3%2Faws4_request&X-Amz-Date=20260903T015412Z&X-Amz-Expires=49563&X-Amz-Signature=62ef9e3b0ea9812a9b6fe3732cf9b3375064093d62bf1763fdd622cfa15894c3&X-Amz-SignedHeaders=host%3Bx-amz-expected-bucket-owner&response-expires=Thu%2C%2003%20Sep%202026%2015%3A40%3A15%20GMT
SAGITTARIUS_TAURUS	Desktop	Champagne_Ivory	https://export-download.canva.com/9hOTw/DAHUJH9hOTw/-1/0/0071-3354570561055460674.jpg?X-Amz-Algorithm=AWS4-HMAC-SHA256&X-Amz-Credential=AKIAQYCGKMUH5AO7UJ26%2F20260902%2Fus-east-1%2Fs3%2Faws4_request&X-Amz-Date=20260902T145316Z&X-Amz-Expires=89351&X-Amz-Signature=7eab06a446603ce2301fbc6f2f9c727656eda02f7f627f4ad436fce02b3d0529&X-Amz-SignedHeaders=host%3Bx-amz-expected-bucket-owner&response-expires=Thu%2C%2003%20Sep%202026%2015%3A42%3A27%20GMT
SAGITTARIUS_VIRGO	Desktop	Champagne_Ivory	https://export-download.canva.com/9hOTw/DAHUJH9hOTw/-1/0/0072-3354570561055460674.jpg?X-Amz-Algorithm=AWS4-HMAC-SHA256&X-Amz-Credential=AKIAQYCGKMUH5AO7UJ26%2F20260903%2Fus-east-1%2Fs3%2Faws4_request&X-Amz-Date=20260903T112604Z&X-Amz-Expires=15694&X-Amz-Signature=fc1c56484198b03d6cd279f62c6d259aa6339808d19a76ab954e78546d45a417&X-Amz-SignedHeaders=host%3Bx-amz-expected-bucket-owner&response-expires=Thu%2C%2003%20Sep%202026%2015%3A47%3A38%20GMT
SCORPIO_SCORPIO	Desktop	Champagne_Ivory	https://export-download.canva.com/9hOTw/DAHUJH9hOTw/-1/0/0073-3354570561055460674.jpg?X-Amz-Algorithm=AWS4-HMAC-SHA256&X-Amz-Credential=AKIAQYCGKMUH5AO7UJ26%2F20260903%2Fus-east-1%2Fs3%2Faws4_request&X-Amz-Date=20260903T003323Z&X-Amz-Expires=57740&X-Amz-Signature=a0aec2bb49145d23aa7ecf51df7aded48cc34163ec5a178f8fea3b4af8aa184c&X-Amz-SignedHeaders=host%3Bx-amz-expected-bucket-owner&response-expires=Thu%2C%2003%20Sep%202026%2016%3A35%3A43%20GMT
SCORPIO_TAURUS	Desktop	Champagne_Ivory	https://export-download.canva.com/9hOTw/DAHUJH9hOTw/-1/0/0074-3354570561055460674.jpg?X-Amz-Algorithm=AWS4-HMAC-SHA256&X-Amz-Credential=AKIAQYCGKMUH5AO7UJ26%2F20260902%2Fus-east-1%2Fs3%2Faws4_request&X-Amz-Date=20260902T154545Z&X-Amz-Expires=89403&X-Amz-Signature=e15843e08c0ad11565992f387f52567aaf5c89f86bbd8f1d35da1f4eb6335c58&X-Amz-SignedHeaders=host%3Bx-amz-expected-bucket-owner&response-expires=Thu%2C%2003%20Sep%202026%2016%3A35%3A48%20GMT
SCORPIO_VIRGO	Desktop	Champagne_Ivory	https://export-download.canva.com/9hOTw/DAHUJH9hOTw/-1/0/0075-3354570561055460674.jpg?X-Amz-Algorithm=AWS4-HMAC-SHA256&X-Amz-Credential=AKIAQYCGKMUH5AO7UJ26%2F20260902%2Fus-east-1%2Fs3%2Faws4_request&X-Amz-Date=20260902T160524Z&X-Amz-Expires=87374&X-Amz-Signature=9cebbab933cfb49199c277aa4569b8b11e4b3ceb7b9daaf1048aaf98ac3d3f14&X-Amz-SignedHeaders=host%3Bx-amz-expected-bucket-owner&response-expires=Thu%2C%2003%20Sep%202026%2016%3A21%3A38%20GMT
TAURUS_TAURUS	Desktop	Champagne_Ivory	https://export-download.canva.com/9hOTw/DAHUJH9hOTw/-1/0/0076-3354570561055460674.jpg?X-Amz-Algorithm=AWS4-HMAC-SHA256&X-Amz-Credential=AKIAQYCGKMUH5AO7UJ26%2F20260903%2Fus-east-1%2Fs3%2Faws4_request&X-Amz-Date=20260903T073424Z&X-Amz-Expires=29892&X-Amz-Signature=0d68118c24aa7b2923fe4efbc1bed203b69cdc96e703b9a78d3737cff23e874a&X-Amz-SignedHeaders=host%3Bx-amz-expected-bucket-owner&response-expires=Thu%2C%2003%20Sep%202026%2015%3A52%3A36%20GMT
TAURUS_VIRGO	Desktop	Champagne_Ivory	https://export-download.canva.com/9hOTw/DAHUJH9hOTw/-1/0/0077-3354570561055460674.jpg?X-Amz-Algorithm=AWS4-HMAC-SHA256&X-Amz-Credential=AKIAQYCGKMUH5AO7UJ26%2F20260903%2Fus-east-1%2Fs3%2Faws4_request&X-Amz-Date=20260903T134100Z&X-Amz-Expires=9508&X-Amz-Signature=c1caba8b95e5375aaaa260b296044a2356d11466ba283c9662d073d595eead7e&X-Amz-SignedHeaders=host%3Bx-amz-expected-bucket-owner&response-expires=Thu%2C%2003%20Sep%202026%2016%3A19%3A28%20GMT
VIRGO_VIRGO	Desktop	Champagne_Ivory	https://export-download.canva.com/9hOTw/DAHUJH9hOTw/-1/0/0078-3354570561055460674.jpg?X-Amz-Algorithm=AWS4-HMAC-SHA256&X-Amz-Credential=AKIAQYCGKMUH5AO7UJ26%2F20260902%2Fus-east-1%2Fs3%2Faws4_request&X-Amz-Date=20260902T180401Z&X-Amz-Expires=81267&X-Amz-Signature=fc0eccd8dd36580841b005500b250957938ad1451d60299356a5bde072f1f881&X-Amz-SignedHeaders=host%3Bx-amz-expected-bucket-owner&response-expires=Thu%2C%2003%20Sep%202026%2016%3A38%3A28%20GMT
AQUARIUS_AQUARIUS	Watch	Champagne_Ivory	https://export-download.canva.com/EZcV4/DAHUJHEZcV4/-1/0/0001-750364073131398084.jpg?X-Amz-Algorithm=AWS4-HMAC-SHA256&X-Amz-Credential=AKIAQYCGKMUH5AO7UJ26%2F20260903%2Fus-east-1%2Fs3%2Faws4_request&X-Amz-Date=20260903T034131Z&X-Amz-Expires=46329&X-Amz-Signature=a7d27c9b7e814753b17e20b7e545c428117712e993ae6b3af76228d40feede58&X-Amz-SignedHeaders=host%3Bx-amz-expected-bucket-owner&response-expires=Thu%2C%2003%20Sep%202026%2016%3A33%3A40%20GMT
AQUARIUS_ARIES	Watch	Champagne_Ivory	https://export-download.canva.com/EZcV4/DAHUJHEZcV4/-1/0/0002-750364073131398084.jpg?X-Amz-Algorithm=AWS4-HMAC-SHA256&X-Amz-Credential=AKIAQYCGKMUH5AO7UJ26%2F20260902%2Fus-east-1%2Fs3%2Faws4_request&X-Amz-Date=20260902T225646Z&X-Amz-Expires=62480&X-Amz-Signature=d408caacdfd4f3d943c9bd4b9797019e1aa29df770fab78993c5cb709915b113&X-Amz-SignedHeaders=host%3Bx-amz-expected-bucket-owner&response-expires=Thu%2C%2003%20Sep%202026%2016%3A18%3A06%20GMT
AQUARIUS_CANCER	Watch	Champagne_Ivory	https://export-download.canva.com/EZcV4/DAHUJHEZcV4/-1/0/0003-750364073131398084.jpg?X-Amz-Algorithm=AWS4-HMAC-SHA256&X-Amz-Credential=AKIAQYCGKMUH5AO7UJ26%2F20260902%2Fus-east-1%2Fs3%2Faws4_request&X-Amz-Date=20260902T203956Z&X-Amz-Expires=68411&X-Amz-Signature=e5549eae5567bf95cc67e8705970b49bf3ac65b65c1edea262e469b5783dea8e&X-Amz-SignedHeaders=host%3Bx-amz-expected-bucket-owner&response-expires=Thu%2C%2003%20Sep%202026%2015%3A40%3A07%20GMT
AQUARIUS_CAPRICORN	Watch	Champagne_Ivory	https://export-download.canva.com/EZcV4/DAHUJHEZcV4/-1/0/0004-750364073131398084.jpg?X-Amz-Algorithm=AWS4-HMAC-SHA256&X-Amz-Credential=AKIAQYCGKMUH5AO7UJ26%2F20260902%2Fus-east-1%2Fs3%2Faws4_request&X-Amz-Date=20260902T193324Z&X-Amz-Expires=74415&X-Amz-Signature=9b7b97022bc8aed3c067c601b438c09f718de7f9fc403994341a3e6288599e7b&X-Amz-SignedHeaders=host%3Bx-amz-expected-bucket-owner&response-expires=Thu%2C%2003%20Sep%202026%2016%3A13%3A39%20GMT
AQUARIUS_GEMINI	Watch	Champagne_Ivory	https://export-download.canva.com/EZcV4/DAHUJHEZcV4/-1/0/0005-750364073131398084.jpg?X-Amz-Algorithm=AWS4-HMAC-SHA256&X-Amz-Credential=AKIAQYCGKMUH5AO7UJ26%2F20260903%2Fus-east-1%2Fs3%2Faws4_request&X-Amz-Date=20260903T131738Z&X-Amz-Expires=11056&X-Amz-Signature=a4d38cd2f7de5af4afc5d8955bd5bdf1b8e2e136d463b424e423a9c7eddd75f4&X-Amz-SignedHeaders=host%3Bx-amz-expected-bucket-owner&response-expires=Thu%2C%2003%20Sep%202026%2016%3A21%3A54%20GMT
AQUARIUS_LEO	Watch	Champagne_Ivory	https://export-download.canva.com/EZcV4/DAHUJHEZcV4/-1/0/0006-750364073131398084.jpg?X-Amz-Algorithm=AWS4-HMAC-SHA256&X-Amz-Credential=AKIAQYCGKMUH5AO7UJ26%2F20260903%2Fus-east-1%2Fs3%2Faws4_request&X-Amz-Date=20260903T044547Z&X-Amz-Expires=41134&X-Amz-Signature=58b61235312ae666b09b26f9fb631908c268b68f1e4cf93c885c01d48c1ac4af&X-Amz-SignedHeaders=host%3Bx-amz-expected-bucket-owner&response-expires=Thu%2C%2003%20Sep%202026%2016%3A11%3A21%20GMT
AQUARIUS_LIBRA	Watch	Champagne_Ivory	https://export-download.canva.com/EZcV4/DAHUJHEZcV4/-1/0/0007-750364073131398084.jpg?X-Amz-Algorithm=AWS4-HMAC-SHA256&X-Amz-Credential=AKIAQYCGKMUH5AO7UJ26%2F20260903%2Fus-east-1%2Fs3%2Faws4_request&X-Amz-Date=20260903T000252Z&X-Amz-Expires=58527&X-Amz-Signature=261e5ac3c26db514ee569fbdaa42cf4ab54222206989d062e784b06cfebc5d66&X-Amz-SignedHeaders=host%3Bx-amz-expected-bucket-owner&response-expires=Thu%2C%2003%20Sep%202026%2016%3A18%3A19%20GMT
AQUARIUS_PISCES	Watch	Champagne_Ivory	https://export-download.canva.com/EZcV4/DAHUJHEZcV4/-1/0/0008-750364073131398084.jpg?X-Amz-Algorithm=AWS4-HMAC-SHA256&X-Amz-Credential=AKIAQYCGKMUH5AO7UJ26%2F20260903%2Fus-east-1%2Fs3%2Faws4_request&X-Amz-Date=20260903T063218Z&X-Amz-Expires=35504&X-Amz-Signature=092303db1b9fdf9ffb5886a185711b66b3255fae03c787a0b4955aeafa38ac5d&X-Amz-SignedHeaders=host%3Bx-amz-expected-bucket-owner&response-expires=Thu%2C%2003%20Sep%202026%2016%3A24%3A02%20GMT
AQUARIUS_SAGITTARIUS	Watch	Champagne_Ivory	https://export-download.canva.com/EZcV4/DAHUJHEZcV4/-1/0/0009-750364073131398084.jpg?X-Amz-Algorithm=AWS4-HMAC-SHA256&X-Amz-Credential=AKIAQYCGKMUH5AO7UJ26%2F20260902%2Fus-east-1%2Fs3%2Faws4_request&X-Amz-Date=20260902T211143Z&X-Amz-Expires=70015&X-Amz-Signature=91dd817ebfadfb96e3759dbac99c54590c99bf9d24fa4aa7b28984cffac14ced&X-Amz-SignedHeaders=host%3Bx-amz-expected-bucket-owner&response-expires=Thu%2C%2003%20Sep%202026%2016%3A38%3A38%20GMT
AQUARIUS_SCORPIO	Watch	Champagne_Ivory	https://export-download.canva.com/EZcV4/DAHUJHEZcV4/-1/0/0010-750364073131398084.jpg?X-Amz-Algorithm=AWS4-HMAC-SHA256&X-Amz-Credential=AKIAQYCGKMUH5AO7UJ26%2F20260903%2Fus-east-1%2Fs3%2Faws4_request&X-Amz-Date=20260903T035733Z&X-Amz-Expires=45489&X-Amz-Signature=ea3d31debd93982610fb4c4942d59b9e047538965a5ef1ed84cd6d868a4b1ab3&X-Amz-SignedHeaders=host%3Bx-amz-expected-bucket-owner&response-expires=Thu%2C%2003%20Sep%202026%2016%3A35%3A42%20GMT
AQUARIUS_TAURUS	Watch	Champagne_Ivory	https://export-download.canva.com/EZcV4/DAHUJHEZcV4/-1/0/0011-750364073131398084.jpg?X-Amz-Algorithm=AWS4-HMAC-SHA256&X-Amz-Credential=AKIAQYCGKMUH5AO7UJ26%2F20260902%2Fus-east-1%2Fs3%2Faws4_request&X-Amz-Date=20260902T154524Z&X-Amz-Expires=86662&X-Amz-Signature=44edd8d8289765d7921b0b4d104b67814248868bd7b9e5aca13e6f7dc98d9322&X-Amz-SignedHeaders=host%3Bx-amz-expected-bucket-owner&response-expires=Thu%2C%2003%20Sep%202026%2015%3A49%3A46%20GMT
AQUARIUS_VIRGO	Watch	Champagne_Ivory	https://export-download.canva.com/EZcV4/DAHUJHEZcV4/-1/0/0012-750364073131398084.jpg?X-Amz-Algorithm=AWS4-HMAC-SHA256&X-Amz-Credential=AKIAQYCGKMUH5AO7UJ26%2F20260903%2Fus-east-1%2Fs3%2Faws4_request&X-Amz-Date=20260903T052201Z&X-Amz-Expires=40155&X-Amz-Signature=7e14280393380c58649a910d72af378591a6eb159875164d13fc26dfe4cde0f0&X-Amz-SignedHeaders=host%3Bx-amz-expected-bucket-owner&response-expires=Thu%2C%2003%20Sep%202026%2016%3A31%3A16%20GMT
ARIES_ARIES	Watch	Champagne_Ivory	https://export-download.canva.com/EZcV4/DAHUJHEZcV4/-1/0/0013-750364073131398084.jpg?X-Amz-Algorithm=AWS4-HMAC-SHA256&X-Amz-Credential=AKIAQYCGKMUH5AO7UJ26%2F20260903%2Fus-east-1%2Fs3%2Faws4_request&X-Amz-Date=20260903T104005Z&X-Amz-Expires=18509&X-Amz-Signature=f9df17b37f13844c62f7b422c0f8ce82674bbfa8f7189940c9758cd13b71892d&X-Amz-SignedHeaders=host%3Bx-amz-expected-bucket-owner&response-expires=Thu%2C%2003%20Sep%202026%2015%3A48%3A34%20GMT
ARIES_CANCER	Watch	Champagne_Ivory	https://export-download.canva.com/EZcV4/DAHUJHEZcV4/-1/0/0014-750364073131398084.jpg?X-Amz-Algorithm=AWS4-HMAC-SHA256&X-Amz-Credential=AKIAQYCGKMUH5AO7UJ26%2F20260903%2Fus-east-1%2Fs3%2Faws4_request&X-Amz-Date=20260903T131723Z&X-Amz-Expires=9390&X-Amz-Signature=66d82251e6512e74c0010b8ff7b20dead022a4bc9a40cdea47e984fb71bfda20&X-Amz-SignedHeaders=host%3Bx-amz-expected-bucket-owner&response-expires=Thu%2C%2003%20Sep%202026%2015%3A53%3A53%20GMT
ARIES_CAPRICORN	Watch	Champagne_Ivory	https://export-download.canva.com/EZcV4/DAHUJHEZcV4/-1/0/0015-750364073131398084.jpg?X-Amz-Algorithm=AWS4-HMAC-SHA256&X-Amz-Credential=AKIAQYCGKMUH5AO7UJ26%2F20260902%2Fus-east-1%2Fs3%2Faws4_request&X-Amz-Date=20260902T200538Z&X-Amz-Expires=71759&X-Amz-Signature=e21a0868416775d7c411b136efcd84dbcf7a6175581a5b66f2ea582c1e04c2ea&X-Amz-SignedHeaders=host%3Bx-amz-expected-bucket-owner&response-expires=Thu%2C%2003%20Sep%202026%2016%3A01%3A37%20GMT
ARIES_GEMINI	Watch	Champagne_Ivory	https://export-download.canva.com/EZcV4/DAHUJHEZcV4/-1/0/0016-750364073131398084.jpg?X-Amz-Algorithm=AWS4-HMAC-SHA256&X-Amz-Credential=AKIAQYCGKMUH5AO7UJ26%2F20260902%2Fus-east-1%2Fs3%2Faws4_request&X-Amz-Date=20260902T190042Z&X-Amz-Expires=76063&X-Amz-Signature=5f3d5337673fffdcf0c5c8ef93442ff76f6ff3cd4d609f430dfe594dd92bede3&X-Amz-SignedHeaders=host%3Bx-amz-expected-bucket-owner&response-expires=Thu%2C%2003%20Sep%202026%2016%3A08%3A25%20GMT
ARIES_LEO	Watch	Champagne_Ivory	https://export-download.canva.com/EZcV4/DAHUJHEZcV4/-1/0/0017-750364073131398084.jpg?X-Amz-Algorithm=AWS4-HMAC-SHA256&X-Amz-Credential=AKIAQYCGKMUH5AO7UJ26%2F20260903%2Fus-east-1%2Fs3%2Faws4_request&X-Amz-Date=20260903T083318Z&X-Amz-Expires=27296&X-Amz-Signature=0e9f8fd3defa9d80c9d790fba05b8fa9da38d26d447ebb489da42ac351677549&X-Amz-SignedHeaders=host%3Bx-amz-expected-bucket-owner&response-expires=Thu%2C%2003%20Sep%202026%2016%3A08%3A14%20GMT
ARIES_LIBRA	Watch	Champagne_Ivory	https://export-download.canva.com/EZcV4/DAHUJHEZcV4/-1/0/0018-750364073131398084.jpg?X-Amz-Algorithm=AWS4-HMAC-SHA256&X-Amz-Credential=AKIAQYCGKMUH5AO7UJ26%2F20260903%2Fus-east-1%2Fs3%2Faws4_request&X-Amz-Date=20260903T014558Z&X-Amz-Expires=50637&X-Amz-Signature=74fcad4feb8e1afa6b8dde69fb97105014bcba4a80d0431897f6e40a8721920a&X-Amz-SignedHeaders=host%3Bx-amz-expected-bucket-owner&response-expires=Thu%2C%2003%20Sep%202026%2015%3A49%3A55%20GMT
ARIES_PISCES	Watch	Champagne_Ivory	https://export-download.canva.com/EZcV4/DAHUJHEZcV4/-1/0/0019-750364073131398084.jpg?X-Amz-Algorithm=AWS4-HMAC-SHA256&X-Amz-Credential=AKIAQYCGKMUH5AO7UJ26%2F20260902%2Fus-east-1%2Fs3%2Faws4_request&X-Amz-Date=20260902T173130Z&X-Amz-Expires=79705&X-Amz-Signature=d20a70865e9f08fa12fa65dade1a0217d142ab881e65bc8c51add6d414f7806a&X-Amz-SignedHeaders=host%3Bx-amz-expected-bucket-owner&response-expires=Thu%2C%2003%20Sep%202026%2015%3A39%3A55%20GMT
ARIES_SAGITTARIUS	Watch	Champagne_Ivory	https://export-download.canva.com/EZcV4/DAHUJHEZcV4/-1/0/0020-750364073131398084.jpg?X-Amz-Algorithm=AWS4-HMAC-SHA256&X-Amz-Credential=AKIAQYCGKMUH5AO7UJ26%2F20260902%2Fus-east-1%2Fs3%2Faws4_request&X-Amz-Date=20260902T190546Z&X-Amz-Expires=77044&X-Amz-Signature=3775c0517fcd8d3a1edbef28a43b41e23a5eb2e440a7cbf39f7eb146b7a9a823&X-Amz-SignedHeaders=host%3Bx-amz-expected-bucket-owner&response-expires=Thu%2C%2003%20Sep%202026%2016%3A29%3A50%20GMT
ARIES_SCORPIO	Watch	Champagne_Ivory	https://export-download.canva.com/EZcV4/DAHUJHEZcV4/-1/0/0021-750364073131398084.jpg?X-Amz-Algorithm=AWS4-HMAC-SHA256&X-Amz-Credential=AKIAQYCGKMUH5AO7UJ26%2F20260902%2Fus-east-1%2Fs3%2Faws4_request&X-Amz-Date=20260902T145233Z&X-Amz-Expires=91693&X-Amz-Signature=59410ff80c5c125a554194d5e1c26c85811b85a38534d03ad9904928813eeb0d&X-Amz-SignedHeaders=host%3Bx-amz-expected-bucket-owner&response-expires=Thu%2C%2003%20Sep%202026%2016%3A20%3A46%20GMT
ARIES_TAURUS	Watch	Champagne_Ivory	https://export-download.canva.com/EZcV4/DAHUJHEZcV4/-1/0/0022-750364073131398084.jpg?X-Amz-Algorithm=AWS4-HMAC-SHA256&X-Amz-Credential=AKIAQYCGKMUH5AO7UJ26%2F20260903%2Fus-east-1%2Fs3%2Faws4_request&X-Amz-Date=20260903T001312Z&X-Amz-Expires=59088&X-Amz-Signature=ab2c712296db137eb885268bb3c89aa76867090daf90c4202c143f30e339c266&X-Amz-SignedHeaders=host%3Bx-amz-expected-bucket-owner&response-expires=Thu%2C%2003%20Sep%202026%2016%3A38%3A00%20GMT
ARIES_VIGRO	Watch	Champagne_Ivory	https://export-download.canva.com/EZcV4/DAHUJHEZcV4/-1/0/0023-750364073131398084.jpg?X-Amz-Algorithm=AWS4-HMAC-SHA256&X-Amz-Credential=AKIAQYCGKMUH5AO7UJ26%2F20260902%2Fus-east-1%2Fs3%2Faws4_request&X-Amz-Date=20260902T172607Z&X-Amz-Expires=80194&X-Amz-Signature=b891c4c5682e15f87e33418101aae66c30234286939c73c3f4dd3a2dc76111b5&X-Amz-SignedHeaders=host%3Bx-amz-expected-bucket-owner&response-expires=Thu%2C%2003%20Sep%202026%2015%3A42%3A41%20GMT
CANCER_CANCER	Watch	Champagne_Ivory	https://export-download.canva.com/EZcV4/DAHUJHEZcV4/-1/0/0024-750364073131398084.jpg?X-Amz-Algorithm=AWS4-HMAC-SHA256&X-Amz-Credential=AKIAQYCGKMUH5AO7UJ26%2F20260903%2Fus-east-1%2Fs3%2Faws4_request&X-Amz-Date=20260903T112336Z&X-Amz-Expires=16413&X-Amz-Signature=7995c0679cc4b25971c5ffdd24118b8b49bfff3f276a60de5572b18d551d81b6&X-Amz-SignedHeaders=host%3Bx-amz-expected-bucket-owner&response-expires=Thu%2C%2003%20Sep%202026%2015%3A57%3A09%20GMT
CANCER_CAPRICORN	Watch	Champagne_Ivory	https://export-download.canva.com/EZcV4/DAHUJHEZcV4/-1/0/0025-750364073131398084.jpg?X-Amz-Algorithm=AWS4-HMAC-SHA256&X-Amz-Credential=AKIAQYCGKMUH5AO7UJ26%2F20260903%2Fus-east-1%2Fs3%2Faws4_request&X-Amz-Date=20260903T105158Z&X-Amz-Expires=20027&X-Amz-Signature=32c0ad667e55bd0bf4ab3a3a8097675368e724fee5c0ea209d468e09734d1c1d&X-Amz-SignedHeaders=host%3Bx-amz-expected-bucket-owner&response-expires=Thu%2C%2003%20Sep%202026%2016%3A25%3A45%20GMT
CANCER_GEMINI	Watch	Champagne_Ivory	https://export-download.canva.com/EZcV4/DAHUJHEZcV4/-1/0/0026-750364073131398084.jpg?X-Amz-Algorithm=AWS4-HMAC-SHA256&X-Amz-Credential=AKIAQYCGKMUH5AO7UJ26%2F20260903%2Fus-east-1%2Fs3%2Faws4_request&X-Amz-Date=20260903T004144Z&X-Amz-Expires=56036&X-Amz-Signature=5021fd64d402f16467cfdea4607372f505b9ef778ac115077b50f95d0473e6fc&X-Amz-SignedHeaders=host%3Bx-amz-expected-bucket-owner&response-expires=Thu%2C%2003%20Sep%202026%2016%3A15%3A40%20GMT
CANCER_LEO	Watch	Champagne_Ivory	https://export-download.canva.com/EZcV4/DAHUJHEZcV4/-1/0/0027-750364073131398084.jpg?X-Amz-Algorithm=AWS4-HMAC-SHA256&X-Amz-Credential=AKIAQYCGKMUH5AO7UJ26%2F20260903%2Fus-east-1%2Fs3%2Faws4_request&X-Amz-Date=20260903T064652Z&X-Amz-Expires=32091&X-Amz-Signature=bff80101d43443f3a174b056f07fea26b0f95083b0bffce395895f4f61e88fab&X-Amz-SignedHeaders=host%3Bx-amz-expected-bucket-owner&response-expires=Thu%2C%2003%20Sep%202026%2015%3A41%3A43%20GMT
CANCER_LIBRA	Watch	Champagne_Ivory	https://export-download.canva.com/EZcV4/DAHUJHEZcV4/-1/0/0028-750364073131398084.jpg?X-Amz-Algorithm=AWS4-HMAC-SHA256&X-Amz-Credential=AKIAQYCGKMUH5AO7UJ26%2F20260903%2Fus-east-1%2Fs3%2Faws4_request&X-Amz-Date=20260903T132106Z&X-Amz-Expires=10817&X-Amz-Signature=d40c410dc791162f5aaf03a9246b45c50fa774a3510c7971f250acd28cb4acd6&X-Amz-SignedHeaders=host%3Bx-amz-expected-bucket-owner&response-expires=Thu%2C%2003%20Sep%202026%2016%3A21%3A23%20GMT
CANCER_PISCES	Watch	Champagne_Ivory	https://export-download.canva.com/EZcV4/DAHUJHEZcV4/-1/0/0029-750364073131398084.jpg?X-Amz-Algorithm=AWS4-HMAC-SHA256&X-Amz-Credential=AKIAQYCGKMUH5AO7UJ26%2F20260903%2Fus-east-1%2Fs3%2Faws4_request&X-Amz-Date=20260903T032704Z&X-Amz-Expires=46307&X-Amz-Signature=9536cd6e39ceb6a4827281f8e2e7ad66176b974e949857ee455429a8dc7f7e9c&X-Amz-SignedHeaders=host%3Bx-amz-expected-bucket-owner&response-expires=Thu%2C%2003%20Sep%202026%2016%3A18%3A51%20GMT
CANCER_SAGITTARIUS	Watch	Champagne_Ivory	https://export-download.canva.com/EZcV4/DAHUJHEZcV4/-1/0/0030-750364073131398084.jpg?X-Amz-Algorithm=AWS4-HMAC-SHA256&X-Amz-Credential=AKIAQYCGKMUH5AO7UJ26%2F20260903%2Fus-east-1%2Fs3%2Faws4_request&X-Amz-Date=20260903T030641Z&X-Amz-Expires=47935&X-Amz-Signature=904f8f7926dcd123082b83cc2ceb70a4f49234f05dd0e047a61afc9629793e1e&X-Amz-SignedHeaders=host%3Bx-amz-expected-bucket-owner&response-expires=Thu%2C%2003%20Sep%202026%2016%3A25%3A36%20GMT
CANCER_SCORPIO	Watch	Champagne_Ivory	https://export-download.canva.com/EZcV4/DAHUJHEZcV4/-1/0/0031-750364073131398084.jpg?X-Amz-Algorithm=AWS4-HMAC-SHA256&X-Amz-Credential=AKIAQYCGKMUH5AO7UJ26%2F20260902%2Fus-east-1%2Fs3%2Faws4_request&X-Amz-Date=20260902T151104Z&X-Amz-Expires=91489&X-Amz-Signature=31574b8c4d7dd00a94a56c97e67b09a6e4b036865be5d8e29f3ded74f39f578a&X-Amz-SignedHeaders=host%3Bx-amz-expected-bucket-owner&response-expires=Thu%2C%2003%20Sep%202026%2016%3A35%3A53%20GMT
CANCER_TAURUS	Watch	Champagne_Ivory	https://export-download.canva.com/EZcV4/DAHUJHEZcV4/-1/0/0032-750364073131398084.jpg?X-Amz-Algorithm=AWS4-HMAC-SHA256&X-Amz-Credential=AKIAQYCGKMUH5AO7UJ26%2F20260902%2Fus-east-1%2Fs3%2Faws4_request&X-Amz-Date=20260902T230422Z&X-Amz-Expires=60030&X-Amz-Signature=73a736c02eaf8898a2b83b765c334e0ebe7738dcee28e440e5a92564ce08f23f&X-Amz-SignedHeaders=host%3Bx-amz-expected-bucket-owner&response-expires=Thu%2C%2003%20Sep%202026%2015%3A44%3A52%20GMT
CANCER_VIRGO	Watch	Champagne_Ivory	https://export-download.canva.com/EZcV4/DAHUJHEZcV4/-1/0/0033-750364073131398084.jpg?X-Amz-Algorithm=AWS4-HMAC-SHA256&X-Amz-Credential=AKIAQYCGKMUH5AO7UJ26%2F20260903%2Fus-east-1%2Fs3%2Faws4_request&X-Amz-Date=20260903T125945Z&X-Amz-Expires=12601&X-Amz-Signature=df085f7c941db8c051c1e8ea36400e5edaac0fc5c9cd80a43feeb6c196206cd2&X-Amz-SignedHeaders=host%3Bx-amz-expected-bucket-owner&response-expires=Thu%2C%2003%20Sep%202026%2016%3A29%3A46%20GMT
CAPRICORN_CAPRICORN	Watch	Champagne_Ivory	https://export-download.canva.com/EZcV4/DAHUJHEZcV4/-1/0/0034-750364073131398084.jpg?X-Amz-Algorithm=AWS4-HMAC-SHA256&X-Amz-Credential=AKIAQYCGKMUH5AO7UJ26%2F20260903%2Fus-east-1%2Fs3%2Faws4_request&X-Amz-Date=20260903T045638Z&X-Amz-Expires=41647&X-Amz-Signature=f2d1e0d33cc1944e773abbcdf7a4c4f3b798d1eb0050e314899a0b7c0ac8db48&X-Amz-SignedHeaders=host%3Bx-amz-expected-bucket-owner&response-expires=Thu%2C%2003%20Sep%202026%2016%3A30%3A45%20GMT
CAPRICORN_GEMINI	Watch	Champagne_Ivory	https://export-download.canva.com/EZcV4/DAHUJHEZcV4/-1/0/0035-750364073131398084.jpg?X-Amz-Algorithm=AWS4-HMAC-SHA256&X-Amz-Credential=AKIAQYCGKMUH5AO7UJ26%2F20260903%2Fus-east-1%2Fs3%2Faws4_request&X-Amz-Date=20260903T085150Z&X-Amz-Expires=27841&X-Amz-Signature=141706b0eefe8500489e5d7b19ee4e79d080fe00b2beeb807fc06dabde17f120&X-Amz-SignedHeaders=host%3Bx-amz-expected-bucket-owner&response-expires=Thu%2C%2003%20Sep%202026%2016%3A35%3A51%20GMT
CAPRICORN_LEO	Watch	Champagne_Ivory	https://export-download.canva.com/EZcV4/DAHUJHEZcV4/-1/0/0036-750364073131398084.jpg?X-Amz-Algorithm=AWS4-HMAC-SHA256&X-Amz-Credential=AKIAQYCGKMUH5AO7UJ26%2F20260903%2Fus-east-1%2Fs3%2Faws4_request&X-Amz-Date=20260903T022646Z&X-Amz-Expires=50815&X-Amz-Signature=76a810d3da89a189f0f020e99b7496c06e2f6fefe8565801998c0c4318e28fad&X-Amz-SignedHeaders=host%3Bx-amz-expected-bucket-owner&response-expires=Thu%2C%2003%20Sep%202026%2016%3A33%3A41%20GMT
CAPRICORN_LIBRA	Watch	Champagne_Ivory	https://export-download.canva.com/EZcV4/DAHUJHEZcV4/-1/0/0037-750364073131398084.jpg?X-Amz-Algorithm=AWS4-HMAC-SHA256&X-Amz-Credential=AKIAQYCGKMUH5AO7UJ26%2F20260903%2Fus-east-1%2Fs3%2Faws4_request&X-Amz-Date=20260903T104423Z&X-Amz-Expires=18297&X-Amz-Signature=223842e6cb600c6d72ce6c72ee38f03ebca4079dd447e051141afa5d219b395e&X-Amz-SignedHeaders=host%3Bx-amz-expected-bucket-owner&response-expires=Thu%2C%2003%20Sep%202026%2015%3A49%3A20%20GMT
CAPRICORN_PISCES	Watch	Champagne_Ivory	https://export-download.canva.com/EZcV4/DAHUJHEZcV4/-1/0/0038-750364073131398084.jpg?X-Amz-Algorithm=AWS4-HMAC-SHA256&X-Amz-Credential=AKIAQYCGKMUH5AO7UJ26%2F20260903%2Fus-east-1%2Fs3%2Faws4_request&X-Amz-Date=20260903T115800Z&X-Amz-Expires=15559&X-Amz-Signature=ed3bf149b39c6cb6e5357aa58620f03793d63fc03aa2b53a1fd93e989d7de81c&X-Amz-SignedHeaders=host%3Bx-amz-expected-bucket-owner&response-expires=Thu%2C%2003%20Sep%202026%2016%3A17%3A19%20GMT
CAPRICORN_SAGITTARIUS	Watch	Champagne_Ivory	https://export-download.canva.com/EZcV4/DAHUJHEZcV4/-1/0/0039-750364073131398084.jpg?X-Amz-Algorithm=AWS4-HMAC-SHA256&X-Amz-Credential=AKIAQYCGKMUH5AO7UJ26%2F20260903%2Fus-east-1%2Fs3%2Faws4_request&X-Amz-Date=20260903T012713Z&X-Amz-Expires=53978&X-Amz-Signature=36eb2c22f2bbd8a807277eafcd412ca6f7ffddb1e04fb0f4cf6bb6db3d37d795&X-Amz-SignedHeaders=host%3Bx-amz-expected-bucket-owner&response-expires=Thu%2C%2003%20Sep%202026%2016%3A26%3A51%20GMT
CAPRICORN_SCORPIO	Watch	Champagne_Ivory	https://export-download.canva.com/EZcV4/DAHUJHEZcV4/-1/0/0040-750364073131398084.jpg?X-Amz-Algorithm=AWS4-HMAC-SHA256&X-Amz-Credential=AKIAQYCGKMUH5AO7UJ26%2F20260902%2Fus-east-1%2Fs3%2Faws4_request&X-Amz-Date=20260902T170728Z&X-Amz-Expires=84166&X-Amz-Signature=399d5d1fb46294c37db8c6e9fd58294028b23b8fecaf18e17526794d84747c60&X-Amz-SignedHeaders=host%3Bx-amz-expected-bucket-owner&response-expires=Thu%2C%2003%20Sep%202026%2016%3A30%3A14%20GMT
CAPRICORN_TAURUS	Watch	Champagne_Ivory	https://export-download.canva.com/EZcV4/DAHUJHEZcV4/-1/0/0041-750364073131398084.jpg?X-Amz-Algorithm=AWS4-HMAC-SHA256&X-Amz-Credential=AKIAQYCGKMUH5AO7UJ26%2F20260902%2Fus-east-1%2Fs3%2Faws4_request&X-Amz-Date=20260902T163130Z&X-Amz-Expires=85966&X-Amz-Signature=b24b95276526bfa40724ca28426e9ec339e5cbd4f18172a8839c6d5f358f1e2f&X-Amz-SignedHeaders=host%3Bx-amz-expected-bucket-owner&response-expires=Thu%2C%2003%20Sep%202026%2016%3A24%3A16%20GMT
CAPRICORN_VIRGO	Watch	Champagne_Ivory	https://export-download.canva.com/EZcV4/DAHUJHEZcV4/-1/0/0042-750364073131398084.jpg?X-Amz-Algorithm=AWS4-HMAC-SHA256&X-Amz-Credential=AKIAQYCGKMUH5AO7UJ26%2F20260903%2Fus-east-1%2Fs3%2Faws4_request&X-Amz-Date=20260903T020655Z&X-Amz-Expires=49864&X-Amz-Signature=3e5295c21d157afe83a31f8fb7146de06ba5528d49b8fbf6086062ed57fd22d5&X-Amz-SignedHeaders=host%3Bx-amz-expected-bucket-owner&response-expires=Thu%2C%2003%20Sep%202026%2015%3A57%3A59%20GMT
GEMINI_GEMINI	Watch	Champagne_Ivory	https://export-download.canva.com/EZcV4/DAHUJHEZcV4/-1/0/0043-750364073131398084.jpg?X-Amz-Algorithm=AWS4-HMAC-SHA256&X-Amz-Credential=AKIAQYCGKMUH5AO7UJ26%2F20260903%2Fus-east-1%2Fs3%2Faws4_request&X-Amz-Date=20260903T082012Z&X-Amz-Expires=27575&X-Amz-Signature=2bd6420792936e44c8269674ec745afe630aaf34ddf33469185d64c273279bd2&X-Amz-SignedHeaders=host%3Bx-amz-expected-bucket-owner&response-expires=Thu%2C%2003%20Sep%202026%2015%3A59%3A47%20GMT
GEMINI_LEO	Watch	Champagne_Ivory	https://export-download.canva.com/EZcV4/DAHUJHEZcV4/-1/0/0044-750364073131398084.jpg?X-Amz-Algorithm=AWS4-HMAC-SHA256&X-Amz-Credential=AKIAQYCGKMUH5AO7UJ26%2F20260903%2Fus-east-1%2Fs3%2Faws4_request&X-Amz-Date=20260903T131627Z&X-Amz-Expires=8893&X-Amz-Signature=7257b5b9cb5fd0f730064fb5c9860f973a23f5de0bdb6f91c18585af9009b272&X-Amz-SignedHeaders=host%3Bx-amz-expected-bucket-owner&response-expires=Thu%2C%2003%20Sep%202026%2015%3A44%3A40%20GMT
GEMINI_LIBRA	Watch	Champagne_Ivory	https://export-download.canva.com/EZcV4/DAHUJHEZcV4/-1/0/0045-750364073131398084.jpg?X-Amz-Algorithm=AWS4-HMAC-SHA256&X-Amz-Credential=AKIAQYCGKMUH5AO7UJ26%2F20260903%2Fus-east-1%2Fs3%2Faws4_request&X-Amz-Date=20260903T080327Z&X-Amz-Expires=29250&X-Amz-Signature=be3fbb4d78e700ec38b1f6048759aad7366bf9ec85a4a01348911120e9a5441b&X-Amz-SignedHeaders=host%3Bx-amz-expected-bucket-owner&response-expires=Thu%2C%2003%20Sep%202026%2016%3A10%3A57%20GMT
GEMINI_PISCES	Watch	Champagne_Ivory	https://export-download.canva.com/EZcV4/DAHUJHEZcV4/-1/0/0046-750364073131398084.jpg?X-Amz-Algorithm=AWS4-HMAC-SHA256&X-Amz-Credential=AKIAQYCGKMUH5AO7UJ26%2F20260902%2Fus-east-1%2Fs3%2Faws4_request&X-Amz-Date=20260902T224038Z&X-Amz-Expires=63935&X-Amz-Signature=17ed3a82f40b5336578741a23ea0d832b245a0a199f443478038029205c56c94&X-Amz-SignedHeaders=host%3Bx-amz-expected-bucket-owner&response-expires=Thu%2C%2003%20Sep%202026%2016%3A26%3A13%20GMT
GEMINI_SAGITTARIUS	Watch	Champagne_Ivory	https://export-download.canva.com/EZcV4/DAHUJHEZcV4/-1/0/0047-750364073131398084.jpg?X-Amz-Algorithm=AWS4-HMAC-SHA256&X-Amz-Credential=AKIAQYCGKMUH5AO7UJ26%2F20260902%2Fus-east-1%2Fs3%2Faws4_request&X-Amz-Date=20260902T163456Z&X-Amz-Expires=84181&X-Amz-Signature=ecf5d1cf1ed41696f1fcd6c0b90836fa875de9d5ece119e5f5c238290e05147c&X-Amz-SignedHeaders=host%3Bx-amz-expected-bucket-owner&response-expires=Thu%2C%2003%20Sep%202026%2015%3A57%3A57%20GMT
GEMINI_SCORPIO	Watch	Champagne_Ivory	https://export-download.canva.com/EZcV4/DAHUJHEZcV4/-1/0/0048-750364073131398084.jpg?X-Amz-Algorithm=AWS4-HMAC-SHA256&X-Amz-Credential=AKIAQYCGKMUH5AO7UJ26%2F20260902%2Fus-east-1%2Fs3%2Faws4_request&X-Amz-Date=20260902T211526Z&X-Amz-Expires=67881&X-Amz-Signature=87d19c9cd8785a162aac335e90349507f65b3db4993da1d8520a7c674db04b67&X-Amz-SignedHeaders=host%3Bx-amz-expected-bucket-owner&response-expires=Thu%2C%2003%20Sep%202026%2016%3A06%3A47%20GMT
GEMINI_TAURUS	Watch	Champagne_Ivory	https://export-download.canva.com/EZcV4/DAHUJHEZcV4/-1/0/0049-750364073131398084.jpg?X-Amz-Algorithm=AWS4-HMAC-SHA256&X-Amz-Credential=AKIAQYCGKMUH5AO7UJ26%2F20260903%2Fus-east-1%2Fs3%2Faws4_request&X-Amz-Date=20260903T111755Z&X-Amz-Expires=16401&X-Amz-Signature=9119eaa316327d9908e65560bf1e472d43d39be4a166e8f037e401e0f55e2715&X-Amz-SignedHeaders=host%3Bx-amz-expected-bucket-owner&response-expires=Thu%2C%2003%20Sep%202026%2015%3A51%3A16%20GMT
GEMINI_VIRGO	Watch	Champagne_Ivory	https://export-download.canva.com/EZcV4/DAHUJHEZcV4/-1/0/0050-750364073131398084.jpg?X-Amz-Algorithm=AWS4-HMAC-SHA256&X-Amz-Credential=AKIAQYCGKMUH5AO7UJ26%2F20260903%2Fus-east-1%2Fs3%2Faws4_request&X-Amz-Date=20260903T112043Z&X-Amz-Expires=15612&X-Amz-Signature=4ea8502e3b078fa9703a35d5e19d65b0776f1babd282be4a71f584d26518553a&X-Amz-SignedHeaders=host%3Bx-amz-expected-bucket-owner&response-expires=Thu%2C%2003%20Sep%202026%2015%3A40%3A55%20GMT
LEO_LEO	Watch	Champagne_Ivory	https://export-download.canva.com/EZcV4/DAHUJHEZcV4/-1/0/0051-750364073131398084.jpg?X-Amz-Algorithm=AWS4-HMAC-SHA256&X-Amz-Credential=AKIAQYCGKMUH5AO7UJ26%2F20260903%2Fus-east-1%2Fs3%2Faws4_request&X-Amz-Date=20260903T121540Z&X-Amz-Expires=14523&X-Amz-Signature=e8e9e053fb9da929f13b42843b4500337c0efaa290fadbf56c2d7de5b9ce0daf&X-Amz-SignedHeaders=host%3Bx-amz-expected-bucket-owner&response-expires=Thu%2C%2003%20Sep%202026%2016%3A17%3A43%20GMT
LEO_LIBRA	Watch	Champagne_Ivory	https://export-download.canva.com/EZcV4/DAHUJHEZcV4/-1/0/0052-750364073131398084.jpg?X-Amz-Algorithm=AWS4-HMAC-SHA256&X-Amz-Credential=AKIAQYCGKMUH5AO7UJ26%2F20260903%2Fus-east-1%2Fs3%2Faws4_request&X-Amz-Date=20260903T135129Z&X-Amz-Expires=6640&X-Amz-Signature=7eadb5611b85e7037ef4ff19e8c43909202dbe03f500606fabc9bb1a0e764169&X-Amz-SignedHeaders=host%3Bx-amz-expected-bucket-owner&response-expires=Thu%2C%2003%20Sep%202026%2015%3A42%3A09%20GMT
LEO_PISCES	Watch	Champagne_Ivory	https://export-download.canva.com/EZcV4/DAHUJHEZcV4/-1/0/0053-750364073131398084.jpg?X-Amz-Algorithm=AWS4-HMAC-SHA256&X-Amz-Credential=AKIAQYCGKMUH5AO7UJ26%2F20260903%2Fus-east-1%2Fs3%2Faws4_request&X-Amz-Date=20260903T000207Z&X-Amz-Expires=59675&X-Amz-Signature=0173a9dd86d6e35bae531fa8f46e287f8d530ebe76fdf01d36747ef04b7bdb68&X-Amz-SignedHeaders=host%3Bx-amz-expected-bucket-owner&response-expires=Thu%2C%2003%20Sep%202026%2016%3A36%3A42%20GMT
LEO_SAGITTARIUS	Watch	Champagne_Ivory	https://export-download.canva.com/EZcV4/DAHUJHEZcV4/-1/0/0054-750364073131398084.jpg?X-Amz-Algorithm=AWS4-HMAC-SHA256&X-Amz-Credential=AKIAQYCGKMUH5AO7UJ26%2F20260903%2Fus-east-1%2Fs3%2Faws4_request&X-Amz-Date=20260903T085638Z&X-Amz-Expires=27282&X-Amz-Signature=b4f5a7daf31b9d402accb07efa48de123f1c8688dac790a641599de2ba3dc0f2&X-Amz-SignedHeaders=host%3Bx-amz-expected-bucket-owner&response-expires=Thu%2C%2003%20Sep%202026%2016%3A31%3A20%20GMT
LEO_SCORPIO	Watch	Champagne_Ivory	https://export-download.canva.com/EZcV4/DAHUJHEZcV4/-1/0/0055-750364073131398084.jpg?X-Amz-Algorithm=AWS4-HMAC-SHA256&X-Amz-Credential=AKIAQYCGKMUH5AO7UJ26%2F20260903%2Fus-east-1%2Fs3%2Faws4_request&X-Amz-Date=20260903T115105Z&X-Amz-Expires=15592&X-Amz-Signature=f62e438b92478b0257191f3bfcb05f2671ebb19deb6f2bb87c5c0ab949744f0b&X-Amz-SignedHeaders=host%3Bx-amz-expected-bucket-owner&response-expires=Thu%2C%2003%20Sep%202026%2016%3A10%3A57%20GMT
LEO_TAURUS	Watch	Champagne_Ivory	https://export-download.canva.com/EZcV4/DAHUJHEZcV4/-1/0/0056-750364073131398084.jpg?X-Amz-Algorithm=AWS4-HMAC-SHA256&X-Amz-Credential=AKIAQYCGKMUH5AO7UJ26%2F20260902%2Fus-east-1%2Fs3%2Faws4_request&X-Amz-Date=20260902T192827Z&X-Amz-Expires=72720&X-Amz-Signature=a7bdbe43dca1f49178b283f06dc852f7ca67931f91314d772be6f9be827b0df1&X-Amz-SignedHeaders=host%3Bx-amz-expected-bucket-owner&response-expires=Thu%2C%2003%20Sep%202026%2015%3A40%3A27%20GMT
LEO_VIRGO	Watch	Champagne_Ivory	https://export-download.canva.com/EZcV4/DAHUJHEZcV4/-1/0/0057-750364073131398084.jpg?X-Amz-Algorithm=AWS4-HMAC-SHA256&X-Amz-Credential=AKIAQYCGKMUH5AO7UJ26%2F20260902%2Fus-east-1%2Fs3%2Faws4_request&X-Amz-Date=20260902T151502Z&X-Amz-Expires=89390&X-Amz-Signature=a6b90ec4ad6b563f845d0a45209f602e561dab5e0380ed1a30dae31601b9fb4b&X-Amz-SignedHeaders=host%3Bx-amz-expected-bucket-owner&response-expires=Thu%2C%2003%20Sep%202026%2016%3A04%3A52%20GMT
LIBRA_LIBRA	Watch	Champagne_Ivory	https://export-download.canva.com/EZcV4/DAHUJHEZcV4/-1/0/0058-750364073131398084.jpg?X-Amz-Algorithm=AWS4-HMAC-SHA256&X-Amz-Credential=AKIAQYCGKMUH5AO7UJ26%2F20260902%2Fus-east-1%2Fs3%2Faws4_request&X-Amz-Date=20260902T194812Z&X-Amz-Expires=73434&X-Amz-Signature=0c2d24dc02a0ed54423bcc90d053d5f5da51f50b4436d953055464894ab47213&X-Amz-SignedHeaders=host%3Bx-amz-expected-bucket-owner&response-expires=Thu%2C%2003%20Sep%202026%2016%3A12%3A06%20GMT
LIBRA_PISCES	Watch	Champagne_Ivory	https://export-download.canva.com/EZcV4/DAHUJHEZcV4/-1/0/0059-750364073131398084.jpg?X-Amz-Algorithm=AWS4-HMAC-SHA256&X-Amz-Credential=AKIAQYCGKMUH5AO7UJ26%2F20260903%2Fus-east-1%2Fs3%2Faws4_request&X-Amz-Date=20260903T104953Z&X-Amz-Expires=18632&X-Amz-Signature=0dd834b48061e7772075fbb7a28c8ae26e57c02e41c4d01f0654f9c6b6951289&X-Amz-SignedHeaders=host%3Bx-amz-expected-bucket-owner&response-expires=Thu%2C%2003%20Sep%202026%2016%3A00%3A25%20GMT
LIBRA_SAGITTARIUS	Watch	Champagne_Ivory	https://export-download.canva.com/EZcV4/DAHUJHEZcV4/-1/0/0060-750364073131398084.jpg?X-Amz-Algorithm=AWS4-HMAC-SHA256&X-Amz-Credential=AKIAQYCGKMUH5AO7UJ26%2F20260902%2Fus-east-1%2Fs3%2Faws4_request&X-Amz-Date=20260902T214855Z&X-Amz-Expires=67340&X-Amz-Signature=0ffab5ccbc5e4ff9006419e714656d331c99e78827ea521a2e5081ea97019fff&X-Amz-SignedHeaders=host%3Bx-amz-expected-bucket-owner&response-expires=Thu%2C%2003%20Sep%202026%2016%3A31%3A15%20GMT
LIBRA_SCORPIO	Watch	Champagne_Ivory	https://export-download.canva.com/EZcV4/DAHUJHEZcV4/-1/0/0061-750364073131398084.jpg?X-Amz-Algorithm=AWS4-HMAC-SHA256&X-Amz-Credential=AKIAQYCGKMUH5AO7UJ26%2F20260903%2Fus-east-1%2Fs3%2Faws4_request&X-Amz-Date=20260903T075913Z&X-Amz-Expires=30227&X-Amz-Signature=3aeb6b57057e959fa7d118bcddb7266e2fcc197e519b3f04eac319e6afca4829&X-Amz-SignedHeaders=host%3Bx-amz-expected-bucket-owner&response-expires=Thu%2C%2003%20Sep%202026%2016%3A23%3A00%20GMT
LIBRA_TAURUS	Watch	Champagne_Ivory	https://export-download.canva.com/EZcV4/DAHUJHEZcV4/-1/0/0062-750364073131398084.jpg?X-Amz-Algorithm=AWS4-HMAC-SHA256&X-Amz-Credential=AKIAQYCGKMUH5AO7UJ26%2F20260903%2Fus-east-1%2Fs3%2Faws4_request&X-Amz-Date=20260903T000031Z&X-Amz-Expires=58829&X-Amz-Signature=ad98f4ce041f87ef9b3b03789875ad7874125d8b40ecfa86489ce6aa22c90efd&X-Amz-SignedHeaders=host%3Bx-amz-expected-bucket-owner&response-expires=Thu%2C%2003%20Sep%202026%2016%3A21%3A00%20GMT
LIBRA_VIRGO	Watch	Champagne_Ivory	https://export-download.canva.com/EZcV4/DAHUJHEZcV4/-1/0/0063-750364073131398084.jpg?X-Amz-Algorithm=AWS4-HMAC-SHA256&X-Amz-Credential=AKIAQYCGKMUH5AO7UJ26%2F20260903%2Fus-east-1%2Fs3%2Faws4_request&X-Amz-Date=20260903T125234Z&X-Amz-Expires=10523&X-Amz-Signature=dc8d59f1dce64fe3e2614c3cd814f294543d132e84e5563631d0c495c48e4b37&X-Amz-SignedHeaders=host%3Bx-amz-expected-bucket-owner&response-expires=Thu%2C%2003%20Sep%202026%2015%3A47%3A57%20GMT
PISCES_PISCES	Watch	Champagne_Ivory	https://export-download.canva.com/EZcV4/DAHUJHEZcV4/-1/0/0064-750364073131398084.jpg?X-Amz-Algorithm=AWS4-HMAC-SHA256&X-Amz-Credential=AKIAQYCGKMUH5AO7UJ26%2F20260903%2Fus-east-1%2Fs3%2Faws4_request&X-Amz-Date=20260903T070006Z&X-Amz-Expires=33281&X-Amz-Signature=3ca90906c49490016986934b92493b927b0b891ec79aaa30ec5fc4d224b380f9&X-Amz-SignedHeaders=host%3Bx-amz-expected-bucket-owner&response-expires=Thu%2C%2003%20Sep%202026%2016%3A14%3A47%20GMT
PISCES_SAGITTARIUS	Watch	Champagne_Ivory	https://export-download.canva.com/EZcV4/DAHUJHEZcV4/-1/0/0065-750364073131398084.jpg?X-Amz-Algorithm=AWS4-HMAC-SHA256&X-Amz-Credential=AKIAQYCGKMUH5AO7UJ26%2F20260903%2Fus-east-1%2Fs3%2Faws4_request&X-Amz-Date=20260903T142523Z&X-Amz-Expires=7811&X-Amz-Signature=405dd7074d7ef47b0d557d5a843d84e5c9d1a29b9139890558109f3e93d4cd46&X-Amz-SignedHeaders=host%3Bx-amz-expected-bucket-owner&response-expires=Thu%2C%2003%20Sep%202026%2016%3A35%3A34%20GMT
PISCES_SCORPIO	Watch	Champagne_Ivory	https://export-download.canva.com/EZcV4/DAHUJHEZcV4/-1/0/0066-750364073131398084.jpg?X-Amz-Algorithm=AWS4-HMAC-SHA256&X-Amz-Credential=AKIAQYCGKMUH5AO7UJ26%2F20260903%2Fus-east-1%2Fs3%2Faws4_request&X-Amz-Date=20260903T063834Z&X-Amz-Expires=34031&X-Amz-Signature=f860feb1ff65fe16fa661154d3ade0f6455ffedb65263c8cd1587e33217795bd&X-Amz-SignedHeaders=host%3Bx-amz-expected-bucket-owner&response-expires=Thu%2C%2003%20Sep%202026%2016%3A05%3A45%20GMT
PISCES_TAURUS	Watch	Champagne_Ivory	https://export-download.canva.com/EZcV4/DAHUJHEZcV4/-1/0/0067-750364073131398084.jpg?X-Amz-Algorithm=AWS4-HMAC-SHA256&X-Amz-Credential=AKIAQYCGKMUH5AO7UJ26%2F20260902%2Fus-east-1%2Fs3%2Faws4_request&X-Amz-Date=20260902T233622Z&X-Amz-Expires=59818&X-Amz-Signature=0edb23d44eb7d99311eb2b22d1402f524f5bb0a31f6fe08bc41f29ca1c1dc6f4&X-Amz-SignedHeaders=host%3Bx-amz-expected-bucket-owner&response-expires=Thu%2C%2003%20Sep%202026%2016%3A13%3A20%20GMT
PISCES_VIRGO	Watch	Champagne_Ivory	https://export-download.canva.com/EZcV4/DAHUJHEZcV4/-1/0/0068-750364073131398084.jpg?X-Amz-Algorithm=AWS4-HMAC-SHA256&X-Amz-Credential=AKIAQYCGKMUH5AO7UJ26%2F20260903%2Fus-east-1%2Fs3%2Faws4_request&X-Amz-Date=20260903T130927Z&X-Amz-Expires=10167&X-Amz-Signature=7a000c49d82acd63491c33316ea77fc204f1e407ff6c1b38cae62daa969f5a4a&X-Amz-SignedHeaders=host%3Bx-amz-expected-bucket-owner&response-expires=Thu%2C%2003%20Sep%202026%2015%3A58%3A54%20GMT
SAGITTARIUS_SAGITTARIUS	Watch	Champagne_Ivory	https://export-download.canva.com/EZcV4/DAHUJHEZcV4/-1/0/0069-750364073131398084.jpg?X-Amz-Algorithm=AWS4-HMAC-SHA256&X-Amz-Credential=AKIAQYCGKMUH5AO7UJ26%2F20260903%2Fus-east-1%2Fs3%2Faws4_request&X-Amz-Date=20260903T021422Z&X-Amz-Expires=50533&X-Amz-Signature=60039c383f17a4e8fbfc2fc587dd8d0af72ea97edc9601c67d114f1ad83601cc&X-Amz-SignedHeaders=host%3Bx-amz-expected-bucket-owner&response-expires=Thu%2C%2003%20Sep%202026%2016%3A16%3A35%20GMT
SAGITTARIUS_SCORPIO	Watch	Champagne_Ivory	https://export-download.canva.com/EZcV4/DAHUJHEZcV4/-1/0/0070-750364073131398084.jpg?X-Amz-Algorithm=AWS4-HMAC-SHA256&X-Amz-Credential=AKIAQYCGKMUH5AO7UJ26%2F20260903%2Fus-east-1%2Fs3%2Faws4_request&X-Amz-Date=20260903T123314Z&X-Amz-Expires=13353&X-Amz-Signature=3d7edaf0334e7abf0f9d0739ed9f3af1c0ad6b93e94039d297b1bac99281f512&X-Amz-SignedHeaders=host%3Bx-amz-expected-bucket-owner&response-expires=Thu%2C%2003%20Sep%202026%2016%3A15%3A47%20GMT
SAGITTARIUS_TAURUS	Watch	Champagne_Ivory	https://export-download.canva.com/EZcV4/DAHUJHEZcV4/-1/0/0071-750364073131398084.jpg?X-Amz-Algorithm=AWS4-HMAC-SHA256&X-Amz-Credential=AKIAQYCGKMUH5AO7UJ26%2F20260902%2Fus-east-1%2Fs3%2Faws4_request&X-Amz-Date=20260902T191808Z&X-Amz-Expires=76520&X-Amz-Signature=d6795c41ea503b5ef4bfd64b70a3a905ed852b4952ba13022e3a83f9437b0c9d&X-Amz-SignedHeaders=host%3Bx-amz-expected-bucket-owner&response-expires=Thu%2C%2003%20Sep%202026%2016%3A33%3A28%20GMT
SAGITTARIUS_VIRGO	Watch	Champagne_Ivory	https://export-download.canva.com/EZcV4/DAHUJHEZcV4/-1/0/0072-750364073131398084.jpg?X-Amz-Algorithm=AWS4-HMAC-SHA256&X-Amz-Credential=AKIAQYCGKMUH5AO7UJ26%2F20260903%2Fus-east-1%2Fs3%2Faws4_request&X-Amz-Date=20260903T070430Z&X-Amz-Expires=31018&X-Amz-Signature=7be25c4e3a6c398cb609c9a7020215833690a1aa0daa58a0790eb2a7f46a2a06&X-Amz-SignedHeaders=host%3Bx-amz-expected-bucket-owner&response-expires=Thu%2C%2003%20Sep%202026%2015%3A41%3A28%20GMT
SCORPIO_SCORPIO	Watch	Champagne_Ivory	https://export-download.canva.com/EZcV4/DAHUJHEZcV4/-1/0/0073-750364073131398084.jpg?X-Amz-Algorithm=AWS4-HMAC-SHA256&X-Amz-Credential=AKIAQYCGKMUH5AO7UJ26%2F20260903%2Fus-east-1%2Fs3%2Faws4_request&X-Amz-Date=20260903T110703Z&X-Amz-Expires=16411&X-Amz-Signature=ceae7be5864701cc57c886b2975c81d459e186dbc69f1e5b7836fbd743c8c0c0&X-Amz-SignedHeaders=host%3Bx-amz-expected-bucket-owner&response-expires=Thu%2C%2003%20Sep%202026%2015%3A40%3A34%20GMT
SCORPIO_TAURUS	Watch	Champagne_Ivory	https://export-download.canva.com/EZcV4/DAHUJHEZcV4/-1/0/0074-750364073131398084.jpg?X-Amz-Algorithm=AWS4-HMAC-SHA256&X-Amz-Credential=AKIAQYCGKMUH5AO7UJ26%2F20260903%2Fus-east-1%2Fs3%2Faws4_request&X-Amz-Date=20260903T103417Z&X-Amz-Expires=18875&X-Amz-Signature=7896b4c835d877b0d7cc502fa710ece635b2f211d480afe92bb9b42c458b68f7&X-Amz-SignedHeaders=host%3Bx-amz-expected-bucket-owner&response-expires=Thu%2C%2003%20Sep%202026%2015%3A48%3A52%20GMT
SCORPIO_VIRGO	Watch	Champagne_Ivory	https://export-download.canva.com/EZcV4/DAHUJHEZcV4/-1/0/0075-750364073131398084.jpg?X-Amz-Algorithm=AWS4-HMAC-SHA256&X-Amz-Credential=AKIAQYCGKMUH5AO7UJ26%2F20260902%2Fus-east-1%2Fs3%2Faws4_request&X-Amz-Date=20260902T160404Z&X-Amz-Expires=86005&X-Amz-Signature=cb574dac71cb8cceae3d6adfcdb285ada0df87649d8f8d7f6da2e62660bb724e&X-Amz-SignedHeaders=host%3Bx-amz-expected-bucket-owner&response-expires=Thu%2C%2003%20Sep%202026%2015%3A57%3A29%20GMT
TAURUS_TAURUS	Watch	Champagne_Ivory	https://export-download.canva.com/EZcV4/DAHUJHEZcV4/-1/0/0076-750364073131398084.jpg?X-Amz-Algorithm=AWS4-HMAC-SHA256&X-Amz-Credential=AKIAQYCGKMUH5AO7UJ26%2F20260903%2Fus-east-1%2Fs3%2Faws4_request&X-Amz-Date=20260903T092525Z&X-Amz-Expires=23866&X-Amz-Signature=95407154a98972ca53e576ce07b21e940901eaa961799ccae2e14e6a9ae354e8&X-Amz-SignedHeaders=host%3Bx-amz-expected-bucket-owner&response-expires=Thu%2C%2003%20Sep%202026%2016%3A03%3A11%20GMT
TAURUS_VIRGO	Watch	Champagne_Ivory	https://export-download.canva.com/EZcV4/DAHUJHEZcV4/-1/0/0077-750364073131398084.jpg?X-Amz-Algorithm=AWS4-HMAC-SHA256&X-Amz-Credential=AKIAQYCGKMUH5AO7UJ26%2F20260903%2Fus-east-1%2Fs3%2Faws4_request&X-Amz-Date=20260903T031240Z&X-Amz-Expires=46799&X-Amz-Signature=f0b15a75107ea28ab64a9c38778b04da3c24b801b58629e34a78071cfd5e995b&X-Amz-SignedHeaders=host%3Bx-amz-expected-bucket-owner&response-expires=Thu%2C%2003%20Sep%202026%2016%3A12%3A39%20GMT
VIRGO_VIRGO	Watch	Champagne_Ivory	https://export-download.canva.com/EZcV4/DAHUJHEZcV4/-1/0/0078-750364073131398084.jpg?X-Amz-Algorithm=AWS4-HMAC-SHA256&X-Amz-Credential=AKIAQYCGKMUH5AO7UJ26%2F20260902%2Fus-east-1%2Fs3%2Faws4_request&X-Amz-Date=20260902T235605Z&X-Amz-Expires=59847&X-Amz-Signature=923b3d7d0955b9a93f606788946addd2a2649f95d9009737922ce88d38540cf5&X-Amz-SignedHeaders=host%3Bx-amz-expected-bucket-owner&response-expires=Thu%2C%2003%20Sep%202026%2016%3A33%3A32%20GMT
