listing_id,cift,satis_alan,mevcut_13,onerilen_13,degisen,mevcut_MI_toplam,onerilen_MI_toplam,m01,m02,m03,m04,m05,m06,m07,m08,m09,m10,m11,m12,m13,o01,o02,o03,o04,o05,o06,o07,o08,o09,o10,o11,o12,o13
4570110121,AQUARIUS_AQUARIUS,,aquarius aquarius | zodiac couple print | astrology couple art | zodiac wall art | astrology wall art | personalized couple | custom couple gift | zodiac gift | anniversary gift | engagement gift | wedding gift couple | newlywed gift | giclee print,aquarius aquarius | zodiac couple print | 1st anniversary gift | zodiac wall art | astrology wall art | personalized couple | custom couple gift | zodiac gift | anniversary gift | engagement gift | wedding gift couple | newlywed gift | astrology decor,astrology couple art -> 1st anniversary gift; giclee print -> astrology decor,180411,208669,aquarius aquarius [S066: yok / yok],zodiac couple print [S001: 7 / 3k],astrology couple art [S002: 6 / 5.4k],zodiac wall art [S003: 375 / 65.3k],astrology wall art [S004: 362 / 69.1k],personalized couple [S005: 825 / 277.2k],custom couple gift [S006: 5.7k / 177.8k],zodiac gift [S007: 2.1k / 61.5k],anniversary gift [S008: 104.4k / 694.6k],engagement gift [S009: 47.5k / 1.4M],wedding gift couple [S010: 1.7k / 328.8k],newlywed gift [S011: 16.7k / 32.7k],giclee print [S012: 736 / 950.9k],aquarius aquarius [S066: yok / yok],zodiac couple print [S001: 7 / 3k],1st anniversary gift [S055: 22.5k / 66.9k],zodiac wall art [S003: 375 / 65.3k],astrology wall art [S004: 362 / 69.1k],personalized couple [S005: 825 / 277.2k],custom couple gift [S006: 5.7k / 177.8k],zodiac gift [S007: 2.1k / 61.5k],anniversary gift [S008: 104.4k / 694.6k],engagement gift [S009: 47.5k / 1.4M],wedding gift couple [S010: 1.7k / 328.8k],newlywed gift [S011: 16.7k / 32.7k],astrology decor [S219: 6.5k / 14.5k]
4570110641,AQUARIUS_ARIES,,aquarius and aries | zodiac couple print | astrology couple art | zodiac wall art | astrology wall art | personalized couple | custom couple gift | zodiac gift | anniversary gift | engagement gift | wedding gift couple | newlywed gift | giclee print,aquarius and aries | zodiac couple print | 1st anniversary gift | zodiac wall art | astrology wall art | personalized couple | custom couple gift | zodiac gift | anniversary gift | engagement gift | wedding gift couple | newlywed gift | astrology decor,astrology couple art -> 1st anniversary gift; giclee print -> astrology decor,180419,208677,aquarius and aries [S067: 8 / 6.7k],zodiac couple print [S001: 7 / 3k],astrology couple art [S002: 6 / 5.4k],zodiac wall art [S003: 375 / 65.3k],astrology wall art [S004: 362 / 69.1k],personalized couple [S005: 825 / 277.2k],custom couple gift [S006: 5.7k / 177.8k],zodiac gift [S007: 2.1k / 61.5k],anniversary gift [S008: 104.4k / 694.6k],engagement gift [S009: 47.5k / 1.4M],wedding gift couple [S010: 1.7k / 328.8k],newlywed gift [S011: 16.7k / 32.7k],giclee print [S012: 736 / 950.9k],aquarius and aries [S067: 8 / 6.7k],zodiac couple print [S001: 7 / 3k],1st anniversary gift [S055: 22.5k / 66.9k],zodiac wall art [S003: 375 / 65.3k],astrology wall art [S004: 362 / 69.1k],personalized couple [S005: 825 / 277.2k],custom couple gift [S006: 5.7k / 177.8k],zodiac gift [S007: 2.1k / 61.5k],anniversary gift [S008: 104.4k / 694.6k],engagement gift [S009: 47.5k / 1.4M],wedding gift couple [S010: 1.7k / 328.8k],newlywed gift [S011: 16.7k / 32.7k],astrology decor [S219: 6.5k / 14.5k]
4570125580,AQUARIUS_CANCER,,aquarius and cancer | zodiac couple print | astrology couple art | zodiac wall art | astrology wall art | personalized couple | custom couple gift | zodiac gift | anniversary gift | engagement gift | wedding gift couple | newlywed gift | giclee print,aquarius and cancer | zodiac couple print | 1st anniversary gift | zodiac wall art | astrology wall art | personalized couple | custom couple gift | zodiac gift | anniversary gift | engagement gift | wedding gift couple | newlywed gift | astrology decor,astrology couple art -> 1st anniversary gift; giclee print -> astrology decor,180414,208672,aquarius and cancer [S068: 3 / 7.4k],zodiac couple print [S001: 7 / 3k],astrology couple art [S002: 6 / 5.4k],zodiac wall art [S003: 375 / 65.3k],astrology wall art [S004: 362 / 69.1k],personalized couple [S005: 825 / 277.2k],custom couple gift [S006: 5.7k / 177.8k],zodiac gift [S007: 2.1k / 61.5k],anniversary gift [S008: 104.4k / 694.6k],engagement gift [S009: 47.5k / 1.4M],wedding gift couple [S010: 1.7k / 328.8k],newlywed gift [S011: 16.7k / 32.7k],giclee print [S012: 736 / 950.9k],aquarius and cancer [S068: 3 / 7.4k],zodiac couple print [S001: 7 / 3k],1st anniversary gift [S055: 22.5k / 66.9k],zodiac wall art [S003: 375 / 65.3k],astrology wall art [S004: 362 / 69.1k],personalized couple [S005: 825 / 277.2k],custom couple gift [S006: 5.7k / 177.8k],zodiac gift [S007: 2.1k / 61.5k],anniversary gift [S008: 104.4k / 694.6k],engagement gift [S009: 47.5k / 1.4M],wedding gift couple [S010: 1.7k / 328.8k],newlywed gift [S011: 16.7k / 32.7k],astrology decor [S219: 6.5k / 14.5k]
4570126104,AQUARIUS_CAPRICORN,,aquarius capricorn | zodiac couple print | astrology couple art | zodiac wall art | astrology wall art | personalized couple | custom couple gift | zodiac gift | anniversary gift | engagement gift | wedding gift couple | newlywed gift | giclee print,aquarius capricorn | zodiac couple print | 1st anniversary gift | zodiac wall art | astrology wall art | personalized couple | custom couple gift | zodiac gift | anniversary gift | engagement gift | wedding gift couple | newlywed gift | astrology decor,astrology couple art -> 1st anniversary gift; giclee print -> astrology decor,180411,208669,aquarius capricorn [S069: yok / yok],zodiac couple print [S001: 7 / 3k],astrology couple art [S002: 6 / 5.4k],zodiac wall art [S003: 375 / 65.3k],astrology wall art [S004: 362 / 69.1k],personalized couple [S005: 825 / 277.2k],custom couple gift [S006: 5.7k / 177.8k],zodiac gift [S007: 2.1k / 61.5k],anniversary gift [S008: 104.4k / 694.6k],engagement gift [S009: 47.5k / 1.4M],wedding gift couple [S010: 1.7k / 328.8k],newlywed gift [S011: 16.7k / 32.7k],giclee print [S012: 736 / 950.9k],aquarius capricorn [S069: yok / yok],zodiac couple print [S001: 7 / 3k],1st anniversary gift [S055: 22.5k / 66.9k],zodiac wall art [S003: 375 / 65.3k],astrology wall art [S004: 362 / 69.1k],personalized couple [S005: 825 / 277.2k],custom couple gift [S006: 5.7k / 177.8k],zodiac gift [S007: 2.1k / 61.5k],anniversary gift [S008: 104.4k / 694.6k],engagement gift [S009: 47.5k / 1.4M],wedding gift couple [S010: 1.7k / 328.8k],newlywed gift [S011: 16.7k / 32.7k],astrology decor [S219: 6.5k / 14.5k]
4570112095,AQUARIUS_GEMINI,,aquarius and gemini | zodiac couple print | astrology couple art | zodiac wall art | astrology wall art | personalized couple | custom couple gift | zodiac gift | anniversary gift | engagement gift | wedding gift couple | newlywed gift | giclee print,aquarius and gemini | zodiac couple print | 1st anniversary gift | zodiac wall art | astrology wall art | personalized couple | custom couple gift | zodiac gift | anniversary gift | engagement gift | wedding gift couple | newlywed gift | astrology decor,astrology couple art -> 1st anniversary gift; giclee print -> astrology decor,180413,208671,aquarius and gemini [S070: 2 / 6.9k],zodiac couple print [S001: 7 / 3k],astrology couple art [S002: 6 / 5.4k],zodiac wall art [S003: 375 / 65.3k],astrology wall art [S004: 362 / 69.1k],personalized couple [S005: 825 / 277.2k],custom couple gift [S006: 5.7k / 177.8k],zodiac gift [S007: 2.1k / 61.5k],anniversary gift [S008: 104.4k / 694.6k],engagement gift [S009: 47.5k / 1.4M],wedding gift couple [S010: 1.7k / 328.8k],newlywed gift [S011: 16.7k / 32.7k],giclee print [S012: 736 / 950.9k],aquarius and gemini [S070: 2 / 6.9k],zodiac couple print [S001: 7 / 3k],1st anniversary gift [S055: 22.5k / 66.9k],zodiac wall art [S003: 375 / 65.3k],astrology wall art [S004: 362 / 69.1k],personalized couple [S005: 825 / 277.2k],custom couple gift [S006: 5.7k / 177.8k],zodiac gift [S007: 2.1k / 61.5k],anniversary gift [S008: 104.4k / 694.6k],engagement gift [S009: 47.5k / 1.4M],wedding gift couple [S010: 1.7k / 328.8k],newlywed gift [S011: 16.7k / 32.7k],astrology decor [S219: 6.5k / 14.5k]
4570127160,AQUARIUS_LEO,,aquarius and leo | zodiac couple print | astrology couple art | zodiac wall art | astrology wall art | personalized couple | custom couple gift | zodiac gift | anniversary gift | engagement gift | wedding gift couple | newlywed gift | giclee print,aquarius and leo | zodiac couple print | 1st anniversary gift | zodiac wall art | astrology wall art | personalized couple | custom couple gift | zodiac gift | anniversary gift | engagement gift | wedding gift couple | newlywed gift | astrology decor,astrology couple art -> 1st anniversary gift; giclee print -> astrology decor,180414,208672,aquarius and leo [S071: 3 / 11.9k],zodiac couple print [S001: 7 / 3k],astrology couple art [S002: 6 / 5.4k],zodiac wall art [S003: 375 / 65.3k],astrology wall art [S004: 362 / 69.1k],personalized couple [S005: 825 / 277.2k],custom couple gift [S006: 5.7k / 177.8k],zodiac gift [S007: 2.1k / 61.5k],anniversary gift [S008: 104.4k / 694.6k],engagement gift [S009: 47.5k / 1.4M],wedding gift couple [S010: 1.7k / 328.8k],newlywed gift [S011: 16.7k / 32.7k],giclee print [S012: 736 / 950.9k],aquarius and leo [S071: 3 / 11.9k],zodiac couple print [S001: 7 / 3k],1st anniversary gift [S055: 22.5k / 66.9k],zodiac wall art [S003: 375 / 65.3k],astrology wall art [S004: 362 / 69.1k],personalized couple [S005: 825 / 277.2k],custom couple gift [S006: 5.7k / 177.8k],zodiac gift [S007: 2.1k / 61.5k],anniversary gift [S008: 104.4k / 694.6k],engagement gift [S009: 47.5k / 1.4M],wedding gift couple [S010: 1.7k / 328.8k],newlywed gift [S011: 16.7k / 32.7k],astrology decor [S219: 6.5k / 14.5k]
4570113157,AQUARIUS_LIBRA,"EVET: kontrol, degismez",aquarius and libra | zodiac couple print | astrology couple art | zodiac wall art | astrology wall art | personalized couple | custom couple gift | zodiac gift | anniversary gift | engagement gift | wedding gift couple | newlywed gift | giclee print,aquarius and libra | zodiac couple print | 1st anniversary gift | zodiac wall art | astrology wall art | personalized couple | custom couple gift | zodiac gift | anniversary gift | engagement gift | wedding gift couple | newlywed gift | astrology decor,astrology couple art -> 1st anniversary gift; giclee print -> astrology decor,180420,208678,aquarius and libra [S072: 9 / 7.8k],zodiac couple print [S001: 7 / 3k],astrology couple art [S002: 6 / 5.4k],zodiac wall art [S003: 375 / 65.3k],astrology wall art [S004: 362 / 69.1k],personalized couple [S005: 825 / 277.2k],custom couple gift [S006: 5.7k / 177.8k],zodiac gift [S007: 2.1k / 61.5k],anniversary gift [S008: 104.4k / 694.6k],engagement gift [S009: 47.5k / 1.4M],wedding gift couple [S010: 1.7k / 328.8k],newlywed gift [S011: 16.7k / 32.7k],giclee print [S012: 736 / 950.9k],aquarius and libra [S072: 9 / 7.8k],zodiac couple print [S001: 7 / 3k],1st anniversary gift [S055: 22.5k / 66.9k],zodiac wall art [S003: 375 / 65.3k],astrology wall art [S004: 362 / 69.1k],personalized couple [S005: 825 / 277.2k],custom couple gift [S006: 5.7k / 177.8k],zodiac gift [S007: 2.1k / 61.5k],anniversary gift [S008: 104.4k / 694.6k],engagement gift [S009: 47.5k / 1.4M],wedding gift couple [S010: 1.7k / 328.8k],newlywed gift [S011: 16.7k / 32.7k],astrology decor [S219: 6.5k / 14.5k]
4570113675,AQUARIUS_PISCES,,aquarius and pisces | zodiac couple print | astrology couple art | zodiac wall art | astrology wall art | personalized couple | custom couple gift | zodiac gift | anniversary gift | engagement gift | wedding gift couple | newlywed gift | giclee print,aquarius and pisces | zodiac couple print | 1st anniversary gift | zodiac wall art | astrology wall art | personalized couple | custom couple gift | zodiac gift | anniversary gift | engagement gift | wedding gift couple | newlywed gift | astrology decor,astrology couple art -> 1st anniversary gift; giclee print -> astrology decor,180416,208674,aquarius and pisces [S073: 5 / 6.6k],zodiac couple print [S001: 7 / 3k],astrology couple art [S002: 6 / 5.4k],zodiac wall art [S003: 375 / 65.3k],astrology wall art [S004: 362 / 69.1k],personalized couple [S005: 825 / 277.2k],custom couple gift [S006: 5.7k / 177.8k],zodiac gift [S007: 2.1k / 61.5k],anniversary gift [S008: 104.4k / 694.6k],engagement gift [S009: 47.5k / 1.4M],wedding gift couple [S010: 1.7k / 328.8k],newlywed gift [S011: 16.7k / 32.7k],giclee print [S012: 736 / 950.9k],aquarius and pisces [S073: 5 / 6.6k],zodiac couple print [S001: 7 / 3k],1st anniversary gift [S055: 22.5k / 66.9k],zodiac wall art [S003: 375 / 65.3k],astrology wall art [S004: 362 / 69.1k],personalized couple [S005: 825 / 277.2k],custom couple gift [S006: 5.7k / 177.8k],zodiac gift [S007: 2.1k / 61.5k],anniversary gift [S008: 104.4k / 694.6k],engagement gift [S009: 47.5k / 1.4M],wedding gift couple [S010: 1.7k / 328.8k],newlywed gift [S011: 16.7k / 32.7k],astrology decor [S219: 6.5k / 14.5k]
4570128546,AQUARIUS_SAGITTARIUS,,aquarius sagittarius | zodiac couple print | astrology couple art | zodiac wall art | astrology wall art | personalized couple | custom couple gift | zodiac gift | anniversary gift | engagement gift | wedding gift couple | newlywed gift | giclee print,aquarius sagittarius | zodiac couple print | 1st anniversary gift | zodiac wall art | astrology wall art | personalized couple | custom couple gift | zodiac gift | anniversary gift | engagement gift | wedding gift couple | newlywed gift | astrology decor,astrology couple art -> 1st anniversary gift; giclee print -> astrology decor,180411,208669,aquarius sagittarius [S074: yok / yok],zodiac couple print [S001: 7 / 3k],astrology couple art [S002: 6 / 5.4k],zodiac wall art [S003: 375 / 65.3k],astrology wall art [S004: 362 / 69.1k],personalized couple [S005: 825 / 277.2k],custom couple gift [S006: 5.7k / 177.8k],zodiac gift [S007: 2.1k / 61.5k],anniversary gift [S008: 104.4k / 694.6k],engagement gift [S009: 47.5k / 1.4M],wedding gift couple [S010: 1.7k / 328.8k],newlywed gift [S011: 16.7k / 32.7k],giclee print [S012: 736 / 950.9k],aquarius sagittarius [S074: yok / yok],zodiac couple print [S001: 7 / 3k],1st anniversary gift [S055: 22.5k / 66.9k],zodiac wall art [S003: 375 / 65.3k],astrology wall art [S004: 362 / 69.1k],personalized couple [S005: 825 / 277.2k],custom couple gift [S006: 5.7k / 177.8k],zodiac gift [S007: 2.1k / 61.5k],anniversary gift [S008: 104.4k / 694.6k],engagement gift [S009: 47.5k / 1.4M],wedding gift couple [S010: 1.7k / 328.8k],newlywed gift [S011: 16.7k / 32.7k],astrology decor [S219: 6.5k / 14.5k]
4570114301,AQUARIUS_SCORPIO,"EVET: kontrol, degismez",aquarius and scorpio | zodiac couple print | astrology couple art | zodiac wall art | astrology wall art | personalized couple | custom couple gift | zodiac gift | anniversary gift | engagement gift | wedding gift couple | newlywed gift | giclee print,aquarius and scorpio | zodiac couple print | 1st anniversary gift | zodiac wall art | astrology wall art | personalized couple | custom couple gift | zodiac gift | anniversary gift | engagement gift | wedding gift couple | newlywed gift | astrology decor,astrology couple art -> 1st anniversary gift; giclee print -> astrology decor,180415,208673,aquarius and scorpio [S075: 4 / 8.7k],zodiac couple print [S001: 7 / 3k],astrology couple art [S002: 6 / 5.4k],zodiac wall art [S003: 375 / 65.3k],astrology wall art [S004: 362 / 69.1k],personalized couple [S005: 825 / 277.2k],custom couple gift [S006: 5.7k / 177.8k],zodiac gift [S007: 2.1k / 61.5k],anniversary gift [S008: 104.4k / 694.6k],engagement gift [S009: 47.5k / 1.4M],wedding gift couple [S010: 1.7k / 328.8k],newlywed gift [S011: 16.7k / 32.7k],giclee print [S012: 736 / 950.9k],aquarius and scorpio [S075: 4 / 8.7k],zodiac couple print [S001: 7 / 3k],1st anniversary gift [S055: 22.5k / 66.9k],zodiac wall art [S003: 375 / 65.3k],astrology wall art [S004: 362 / 69.1k],personalized couple [S005: 825 / 277.2k],custom couple gift [S006: 5.7k / 177.8k],zodiac gift [S007: 2.1k / 61.5k],anniversary gift [S008: 104.4k / 694.6k],engagement gift [S009: 47.5k / 1.4M],wedding gift couple [S010: 1.7k / 328.8k],newlywed gift [S011: 16.7k / 32.7k],astrology decor [S219: 6.5k / 14.5k]
4570150148,AQUARIUS_TAURUS,,aquarius and taurus | zodiac couple print | astrology couple art | zodiac wall art | astrology wall art | personalized couple | custom couple gift | zodiac gift | anniversary gift | engagement gift | wedding gift couple | newlywed gift | giclee print,aquarius and taurus | zodiac couple print | 1st anniversary gift | zodiac wall art | astrology wall art | personalized couple | custom couple gift | zodiac gift | anniversary gift | engagement gift | wedding gift couple | newlywed gift | astrology decor,astrology couple art -> 1st anniversary gift; giclee print -> astrology decor,180414,208672,aquarius and taurus [S076: 3 / 6.9k],zodiac couple print [S001: 7 / 3k],astrology couple art [S002: 6 / 5.4k],zodiac wall art [S003: 375 / 65.3k],astrology wall art [S004: 362 / 69.1k],personalized couple [S005: 825 / 277.2k],custom couple gift [S006: 5.7k / 177.8k],zodiac gift [S007: 2.1k / 61.5k],anniversary gift [S008: 104.4k / 694.6k],engagement gift [S009: 47.5k / 1.4M],wedding gift couple [S010: 1.7k / 328.8k],newlywed gift [S011: 16.7k / 32.7k],giclee print [S012: 736 / 950.9k],aquarius and taurus [S076: 3 / 6.9k],zodiac couple print [S001: 7 / 3k],1st anniversary gift [S055: 22.5k / 66.9k],zodiac wall art [S003: 375 / 65.3k],astrology wall art [S004: 362 / 69.1k],personalized couple [S005: 825 / 277.2k],custom couple gift [S006: 5.7k / 177.8k],zodiac gift [S007: 2.1k / 61.5k],anniversary gift [S008: 104.4k / 694.6k],engagement gift [S009: 47.5k / 1.4M],wedding gift couple [S010: 1.7k / 328.8k],newlywed gift [S011: 16.7k / 32.7k],astrology decor [S219: 6.5k / 14.5k]
4570136319,AQUARIUS_VIRGO,,aquarius and virgo | zodiac couple print | astrology couple art | zodiac wall art | astrology wall art | personalized couple | custom couple gift | zodiac gift | anniversary gift | engagement gift | wedding gift couple | newlywed gift | giclee print,aquarius and virgo | zodiac couple print | 1st anniversary gift | zodiac wall art | astrology wall art | personalized couple | custom couple gift | zodiac gift | anniversary gift | engagement gift | wedding gift couple | newlywed gift | astrology decor,astrology couple art -> 1st anniversary gift; giclee print -> astrology decor,180411,208669,aquarius and virgo [S077: yok / yok],zodiac couple print [S001: 7 / 3k],astrology couple art [S002: 6 / 5.4k],zodiac wall art [S003: 375 / 65.3k],astrology wall art [S004: 362 / 69.1k],personalized couple [S005: 825 / 277.2k],custom couple gift [S006: 5.7k / 177.8k],zodiac gift [S007: 2.1k / 61.5k],anniversary gift [S008: 104.4k / 694.6k],engagement gift [S009: 47.5k / 1.4M],wedding gift couple [S010: 1.7k / 328.8k],newlywed gift [S011: 16.7k / 32.7k],giclee print [S012: 736 / 950.9k],aquarius and virgo [S077: yok / yok],zodiac couple print [S001: 7 / 3k],1st anniversary gift [S055: 22.5k / 66.9k],zodiac wall art [S003: 375 / 65.3k],astrology wall art [S004: 362 / 69.1k],personalized couple [S005: 825 / 277.2k],custom couple gift [S006: 5.7k / 177.8k],zodiac gift [S007: 2.1k / 61.5k],anniversary gift [S008: 104.4k / 694.6k],engagement gift [S009: 47.5k / 1.4M],wedding gift couple [S010: 1.7k / 328.8k],newlywed gift [S011: 16.7k / 32.7k],astrology decor [S219: 6.5k / 14.5k]
4570151370,ARIES_ARIES,,aries and aries | zodiac couple print | astrology couple art | zodiac wall art | astrology wall art | personalized couple | custom couple gift | zodiac gift | anniversary gift | engagement gift | wedding gift couple | newlywed gift | giclee print,aries and aries | zodiac couple print | 1st anniversary gift | zodiac wall art | astrology wall art | personalized couple | custom couple gift | zodiac gift | anniversary gift | engagement gift | wedding gift couple | newlywed gift | astrology decor,astrology couple art -> 1st anniversary gift; giclee print -> astrology decor,180411,208669,aries and aries [S078: yok / yok],zodiac couple print [S001: 7 / 3k],astrology couple art [S002: 6 / 5.4k],zodiac wall art [S003: 375 / 65.3k],astrology wall art [S004: 362 / 69.1k],personalized couple [S005: 825 / 277.2k],custom couple gift [S006: 5.7k / 177.8k],zodiac gift [S007: 2.1k / 61.5k],anniversary gift [S008: 104.4k / 694.6k],engagement gift [S009: 47.5k / 1.4M],wedding gift couple [S010: 1.7k / 328.8k],newlywed gift [S011: 16.7k / 32.7k],giclee print [S012: 736 / 950.9k],aries and aries [S078: yok / yok],zodiac couple print [S001: 7 / 3k],1st anniversary gift [S055: 22.5k / 66.9k],zodiac wall art [S003: 375 / 65.3k],astrology wall art [S004: 362 / 69.1k],personalized couple [S005: 825 / 277.2k],custom couple gift [S006: 5.7k / 177.8k],zodiac gift [S007: 2.1k / 61.5k],anniversary gift [S008: 104.4k / 694.6k],engagement gift [S009: 47.5k / 1.4M],wedding gift couple [S010: 1.7k / 328.8k],newlywed gift [S011: 16.7k / 32.7k],astrology decor [S219: 6.5k / 14.5k]
4570151950,ARIES_CANCER,,aries and cancer | zodiac couple print | astrology couple art | zodiac wall art | astrology wall art | personalized couple | custom couple gift | zodiac gift | anniversary gift | engagement gift | wedding gift couple | newlywed gift | giclee print,aries and cancer | zodiac couple print | 1st anniversary gift | zodiac wall art | astrology wall art | personalized couple | custom couple gift | zodiac gift | anniversary gift | engagement gift | wedding gift couple | newlywed gift | astrology decor,astrology couple art -> 1st anniversary gift; giclee print -> astrology decor,180418,208676,aries and cancer [S079: 7 / 9.8k],zodiac couple print [S001: 7 / 3k],astrology couple art [S002: 6 / 5.4k],zodiac wall art [S003: 375 / 65.3k],astrology wall art [S004: 362 / 69.1k],personalized couple [S005: 825 / 277.2k],custom couple gift [S006: 5.7k / 177.8k],zodiac gift [S007: 2.1k / 61.5k],anniversary gift [S008: 104.4k / 694.6k],engagement gift [S009: 47.5k / 1.4M],wedding gift couple [S010: 1.7k / 328.8k],newlywed gift [S011: 16.7k / 32.7k],giclee print [S012: 736 / 950.9k],aries and cancer [S079: 7 / 9.8k],zodiac couple print [S001: 7 / 3k],1st anniversary gift [S055: 22.5k / 66.9k],zodiac wall art [S003: 375 / 65.3k],astrology wall art [S004: 362 / 69.1k],personalized couple [S005: 825 / 277.2k],custom couple gift [S006: 5.7k / 177.8k],zodiac gift [S007: 2.1k / 61.5k],anniversary gift [S008: 104.4k / 694.6k],engagement gift [S009: 47.5k / 1.4M],wedding gift couple [S010: 1.7k / 328.8k],newlywed gift [S011: 16.7k / 32.7k],astrology decor [S219: 6.5k / 14.5k]
4570152410,ARIES_CAPRICORN,,aries and capricorn | zodiac couple print | astrology couple art | zodiac wall art | astrology wall art | personalized couple | custom couple gift | zodiac gift | anniversary gift | engagement gift | wedding gift couple | newlywed gift | giclee print,aries and capricorn | zodiac couple print | 1st anniversary gift | zodiac wall art | astrology wall art | personalized couple | custom couple gift | zodiac gift | anniversary gift | engagement gift | wedding gift couple | newlywed gift | astrology decor,astrology couple art -> 1st anniversary gift; giclee print -> astrology decor,180414,208672,aries and capricorn [S080: 3 / 5.4k],zodiac couple print [S001: 7 / 3k],astrology couple art [S002: 6 / 5.4k],zodiac wall art [S003: 375 / 65.3k],astrology wall art [S004: 362 / 69.1k],personalized couple [S005: 825 / 277.2k],custom couple gift [S006: 5.7k / 177.8k],zodiac gift [S007: 2.1k / 61.5k],anniversary gift [S008: 104.4k / 694.6k],engagement gift [S009: 47.5k / 1.4M],wedding gift couple [S010: 1.7k / 328.8k],newlywed gift [S011: 16.7k / 32.7k],giclee print [S012: 736 / 950.9k],aries and capricorn [S080: 3 / 5.4k],zodiac couple print [S001: 7 / 3k],1st anniversary gift [S055: 22.5k / 66.9k],zodiac wall art [S003: 375 / 65.3k],astrology wall art [S004: 362 / 69.1k],personalized couple [S005: 825 / 277.2k],custom couple gift [S006: 5.7k / 177.8k],zodiac gift [S007: 2.1k / 61.5k],anniversary gift [S008: 104.4k / 694.6k],engagement gift [S009: 47.5k / 1.4M],wedding gift couple [S010: 1.7k / 328.8k],newlywed gift [S011: 16.7k / 32.7k],astrology decor [S219: 6.5k / 14.5k]
4570152820,ARIES_GEMINI,,aries and gemini | zodiac couple print | astrology couple art | zodiac wall art | astrology wall art | personalized couple | custom couple gift | zodiac gift | anniversary gift | engagement gift | wedding gift couple | newlywed gift | giclee print,aries and gemini | zodiac couple print | 1st anniversary gift | zodiac wall art | astrology wall art | personalized couple | custom couple gift | zodiac gift | anniversary gift | engagement gift | wedding gift couple | newlywed gift | astrology decor,astrology couple art -> 1st anniversary gift; giclee print -> astrology decor,180415,208673,aries and gemini [S081: 4 / 8.8k],zodiac couple print [S001: 7 / 3k],astrology couple art [S002: 6 / 5.4k],zodiac wall art [S003: 375 / 65.3k],astrology wall art [S004: 362 / 69.1k],personalized couple [S005: 825 / 277.2k],custom couple gift [S006: 5.7k / 177.8k],zodiac gift [S007: 2.1k / 61.5k],anniversary gift [S008: 104.4k / 694.6k],engagement gift [S009: 47.5k / 1.4M],wedding gift couple [S010: 1.7k / 328.8k],newlywed gift [S011: 16.7k / 32.7k],giclee print [S012: 736 / 950.9k],aries and gemini [S081: 4 / 8.8k],zodiac couple print [S001: 7 / 3k],1st anniversary gift [S055: 22.5k / 66.9k],zodiac wall art [S003: 375 / 65.3k],astrology wall art [S004: 362 / 69.1k],personalized couple [S005: 825 / 277.2k],custom couple gift [S006: 5.7k / 177.8k],zodiac gift [S007: 2.1k / 61.5k],anniversary gift [S008: 104.4k / 694.6k],engagement gift [S009: 47.5k / 1.4M],wedding gift couple [S010: 1.7k / 328.8k],newlywed gift [S011: 16.7k / 32.7k],astrology decor [S219: 6.5k / 14.5k]
4570031205,ARIES_LEO,,aries and leo | zodiac couple print | astrology couple art | zodiac wall art | astrology wall art | personalized couple | custom couple gift | zodiac gift | anniversary gift | engagement gift | wedding gift couple | newlywed gift | giclee print,aries and leo | zodiac couple print | 1st anniversary gift | zodiac wall art | astrology wall art | personalized couple | custom couple gift | zodiac gift | anniversary gift | engagement gift | wedding gift couple | newlywed gift | astrology decor,astrology couple art -> 1st anniversary gift; giclee print -> astrology decor,180430,208688,aries and leo [S082: 19 / 9.8k],zodiac couple print [S001: 7 / 3k],astrology couple art [S002: 6 / 5.4k],zodiac wall art [S003: 375 / 65.3k],astrology wall art [S004: 362 / 69.1k],personalized couple [S005: 825 / 277.2k],custom couple gift [S006: 5.7k / 177.8k],zodiac gift [S007: 2.1k / 61.5k],anniversary gift [S008: 104.4k / 694.6k],engagement gift [S009: 47.5k / 1.4M],wedding gift couple [S010: 1.7k / 328.8k],newlywed gift [S011: 16.7k / 32.7k],giclee print [S012: 736 / 950.9k],aries and leo [S082: 19 / 9.8k],zodiac couple print [S001: 7 / 3k],1st anniversary gift [S055: 22.5k / 66.9k],zodiac wall art [S003: 375 / 65.3k],astrology wall art [S004: 362 / 69.1k],personalized couple [S005: 825 / 277.2k],custom couple gift [S006: 5.7k / 177.8k],zodiac gift [S007: 2.1k / 61.5k],anniversary gift [S008: 104.4k / 694.6k],engagement gift [S009: 47.5k / 1.4M],wedding gift couple [S010: 1.7k / 328.8k],newlywed gift [S011: 16.7k / 32.7k],astrology decor [S219: 6.5k / 14.5k]
4570153208,ARIES_LIBRA,,aries and libra | zodiac couple print | astrology couple art | zodiac wall art | astrology wall art | personalized couple | custom couple gift | zodiac gift | anniversary gift | engagement gift | wedding gift couple | newlywed gift | giclee print,aries and libra | zodiac couple print | 1st anniversary gift | zodiac wall art | astrology wall art | personalized couple | custom couple gift | zodiac gift | anniversary gift | engagement gift | wedding gift couple | newlywed gift | astrology decor,astrology couple art -> 1st anniversary gift; giclee print -> astrology decor,180430,208688,aries and libra [S083: 19 / 8.7k],zodiac couple print [S001: 7 / 3k],astrology couple art [S002: 6 / 5.4k],zodiac wall art [S003: 375 / 65.3k],astrology wall art [S004: 362 / 69.1k],personalized couple [S005: 825 / 277.2k],custom couple gift [S006: 5.7k / 177.8k],zodiac gift [S007: 2.1k / 61.5k],anniversary gift [S008: 104.4k / 694.6k],engagement gift [S009: 47.5k / 1.4M],wedding gift couple [S010: 1.7k / 328.8k],newlywed gift [S011: 16.7k / 32.7k],giclee print [S012: 736 / 950.9k],aries and libra [S083: 19 / 8.7k],zodiac couple print [S001: 7 / 3k],1st anniversary gift [S055: 22.5k / 66.9k],zodiac wall art [S003: 375 / 65.3k],astrology wall art [S004: 362 / 69.1k],personalized couple [S005: 825 / 277.2k],custom couple gift [S006: 5.7k / 177.8k],zodiac gift [S007: 2.1k / 61.5k],anniversary gift [S008: 104.4k / 694.6k],engagement gift [S009: 47.5k / 1.4M],wedding gift couple [S010: 1.7k / 328.8k],newlywed gift [S011: 16.7k / 32.7k],astrology decor [S219: 6.5k / 14.5k]
4570138967,ARIES_PISCES,,aries and pisces | zodiac couple print | astrology couple art | zodiac wall art | astrology wall art | personalized couple | custom couple gift | zodiac gift | anniversary gift | engagement gift | wedding gift couple | newlywed gift | giclee print,aries and pisces | zodiac couple print | 1st anniversary gift | zodiac wall art | astrology wall art | personalized couple | custom couple gift | zodiac gift | anniversary gift | engagement gift | wedding gift couple | newlywed gift | astrology decor,astrology couple art -> 1st anniversary gift; giclee print -> astrology decor,180412,208670,aries and pisces [S084: 1 / 12.8k],zodiac couple print [S001: 7 / 3k],astrology couple art [S002: 6 / 5.4k],zodiac wall art [S003: 375 / 65.3k],astrology wall art [S004: 362 / 69.1k],personalized couple [S005: 825 / 277.2k],custom couple gift [S006: 5.7k / 177.8k],zodiac gift [S007: 2.1k / 61.5k],anniversary gift [S008: 104.4k / 694.6k],engagement gift [S009: 47.5k / 1.4M],wedding gift couple [S010: 1.7k / 328.8k],newlywed gift [S011: 16.7k / 32.7k],giclee print [S012: 736 / 950.9k],aries and pisces [S084: 1 / 12.8k],zodiac couple print [S001: 7 / 3k],1st anniversary gift [S055: 22.5k / 66.9k],zodiac wall art [S003: 375 / 65.3k],astrology wall art [S004: 362 / 69.1k],personalized couple [S005: 825 / 277.2k],custom couple gift [S006: 5.7k / 177.8k],zodiac gift [S007: 2.1k / 61.5k],anniversary gift [S008: 104.4k / 694.6k],engagement gift [S009: 47.5k / 1.4M],wedding gift couple [S010: 1.7k / 328.8k],newlywed gift [S011: 16.7k / 32.7k],astrology decor [S219: 6.5k / 14.5k]
4570154042,ARIES_SAGITTARIUS,,aries sagittarius | zodiac couple print | astrology couple art | zodiac wall art | astrology wall art | personalized couple | custom couple gift | zodiac gift | anniversary gift | engagement gift | wedding gift couple | newlywed gift | giclee print,aries sagittarius | zodiac couple print | 1st anniversary gift | zodiac wall art | astrology wall art | personalized couple | custom couple gift | zodiac gift | anniversary gift | engagement gift | wedding gift couple | newlywed gift | astrology decor,astrology couple art -> 1st anniversary gift; giclee print -> astrology decor,180416,208674,aries sagittarius [S085: 5 / 11k],zodiac couple print [S001: 7 / 3k],astrology couple art [S002: 6 / 5.4k],zodiac wall art [S003: 375 / 65.3k],astrology wall art [S004: 362 / 69.1k],personalized couple [S005: 825 / 277.2k],custom couple gift [S006: 5.7k / 177.8k],zodiac gift [S007: 2.1k / 61.5k],anniversary gift [S008: 104.4k / 694.6k],engagement gift [S009: 47.5k / 1.4M],wedding gift couple [S010: 1.7k / 328.8k],newlywed gift [S011: 16.7k / 32.7k],giclee print [S012: 736 / 950.9k],aries sagittarius [S085: 5 / 11k],zodiac couple print [S001: 7 / 3k],1st anniversary gift [S055: 22.5k / 66.9k],zodiac wall art [S003: 375 / 65.3k],astrology wall art [S004: 362 / 69.1k],personalized couple [S005: 825 / 277.2k],custom couple gift [S006: 5.7k / 177.8k],zodiac gift [S007: 2.1k / 61.5k],anniversary gift [S008: 104.4k / 694.6k],engagement gift [S009: 47.5k / 1.4M],wedding gift couple [S010: 1.7k / 328.8k],newlywed gift [S011: 16.7k / 32.7k],astrology decor [S219: 6.5k / 14.5k]
4570139913,ARIES_SCORPIO,,aries and scorpio | zodiac couple print | astrology couple art | zodiac wall art | astrology wall art | personalized couple | custom couple gift | zodiac gift | anniversary gift | engagement gift | wedding gift couple | newlywed gift | giclee print,aries and scorpio | zodiac couple print | 1st anniversary gift | zodiac wall art | astrology wall art | personalized couple | custom couple gift | zodiac gift | anniversary gift | engagement gift | wedding gift couple | newlywed gift | astrology decor,astrology couple art -> 1st anniversary gift; giclee print -> astrology decor,180419,208677,aries and scorpio [S086: 8 / 9.8k],zodiac couple print [S001: 7 / 3k],astrology couple art [S002: 6 / 5.4k],zodiac wall art [S003: 375 / 65.3k],astrology wall art [S004: 362 / 69.1k],personalized couple [S005: 825 / 277.2k],custom couple gift [S006: 5.7k / 177.8k],zodiac gift [S007: 2.1k / 61.5k],anniversary gift [S008: 104.4k / 694.6k],engagement gift [S009: 47.5k / 1.4M],wedding gift couple [S010: 1.7k / 328.8k],newlywed gift [S011: 16.7k / 32.7k],giclee print [S012: 736 / 950.9k],aries and scorpio [S086: 8 / 9.8k],zodiac couple print [S001: 7 / 3k],1st anniversary gift [S055: 22.5k / 66.9k],zodiac wall art [S003: 375 / 65.3k],astrology wall art [S004: 362 / 69.1k],personalized couple [S005: 825 / 277.2k],custom couple gift [S006: 5.7k / 177.8k],zodiac gift [S007: 2.1k / 61.5k],anniversary gift [S008: 104.4k / 694.6k],engagement gift [S009: 47.5k / 1.4M],wedding gift couple [S010: 1.7k / 328.8k],newlywed gift [S011: 16.7k / 32.7k],astrology decor [S219: 6.5k / 14.5k]
4570140539,ARIES_TAURUS,,aries and taurus | zodiac couple print | astrology couple art | zodiac wall art | astrology wall art | personalized couple | custom couple gift | zodiac gift | anniversary gift | engagement gift | wedding gift couple | newlywed gift | giclee print,aries and taurus | zodiac couple print | 1st anniversary gift | zodiac wall art | astrology wall art | personalized couple | custom couple gift | zodiac gift | anniversary gift | engagement gift | wedding gift couple | newlywed gift | astrology decor,astrology couple art -> 1st anniversary gift; giclee print -> astrology decor,180412,208670,aries and taurus [S087: 1 / 6.9k],zodiac couple print [S001: 7 / 3k],astrology couple art [S002: 6 / 5.4k],zodiac wall art [S003: 375 / 65.3k],astrology wall art [S004: 362 / 69.1k],personalized couple [S005: 825 / 277.2k],custom couple gift [S006: 5.7k / 177.8k],zodiac gift [S007: 2.1k / 61.5k],anniversary gift [S008: 104.4k / 694.6k],engagement gift [S009: 47.5k / 1.4M],wedding gift couple [S010: 1.7k / 328.8k],newlywed gift [S011: 16.7k / 32.7k],giclee print [S012: 736 / 950.9k],aries and taurus [S087: 1 / 6.9k],zodiac couple print [S001: 7 / 3k],1st anniversary gift [S055: 22.5k / 66.9k],zodiac wall art [S003: 375 / 65.3k],astrology wall art [S004: 362 / 69.1k],personalized couple [S005: 825 / 277.2k],custom couple gift [S006: 5.7k / 177.8k],zodiac gift [S007: 2.1k / 61.5k],anniversary gift [S008: 104.4k / 694.6k],engagement gift [S009: 47.5k / 1.4M],wedding gift couple [S010: 1.7k / 328.8k],newlywed gift [S011: 16.7k / 32.7k],astrology decor [S219: 6.5k / 14.5k]
4570155846,ARIES_VIRGO,,aries and virgo | zodiac couple print | astrology couple art | zodiac wall art | astrology wall art | personalized couple | custom couple gift | zodiac gift | anniversary gift | engagement gift | wedding gift couple | newlywed gift | giclee print,aries and virgo | zodiac couple print | 1st anniversary gift | zodiac wall art | astrology wall art | personalized couple | custom couple gift | zodiac gift | anniversary gift | engagement gift | wedding gift couple | newlywed gift | astrology decor,astrology couple art -> 1st anniversary gift; giclee print -> astrology decor,180413,208671,aries and virgo [S088: 2 / 9.3k],zodiac couple print [S001: 7 / 3k],astrology couple art [S002: 6 / 5.4k],zodiac wall art [S003: 375 / 65.3k],astrology wall art [S004: 362 / 69.1k],personalized couple [S005: 825 / 277.2k],custom couple gift [S006: 5.7k / 177.8k],zodiac gift [S007: 2.1k / 61.5k],anniversary gift [S008: 104.4k / 694.6k],engagement gift [S009: 47.5k / 1.4M],wedding gift couple [S010: 1.7k / 328.8k],newlywed gift [S011: 16.7k / 32.7k],giclee print [S012: 736 / 950.9k],aries and virgo [S088: 2 / 9.3k],zodiac couple print [S001: 7 / 3k],1st anniversary gift [S055: 22.5k / 66.9k],zodiac wall art [S003: 375 / 65.3k],astrology wall art [S004: 362 / 69.1k],personalized couple [S005: 825 / 277.2k],custom couple gift [S006: 5.7k / 177.8k],zodiac gift [S007: 2.1k / 61.5k],anniversary gift [S008: 104.4k / 694.6k],engagement gift [S009: 47.5k / 1.4M],wedding gift couple [S010: 1.7k / 328.8k],newlywed gift [S011: 16.7k / 32.7k],astrology decor [S219: 6.5k / 14.5k]
4570141945,CANCER_CANCER,,cancer and cancer | zodiac couple print | astrology couple art | zodiac wall art | astrology wall art | personalized couple | custom couple gift | zodiac gift | anniversary gift | engagement gift | wedding gift couple | newlywed gift | giclee print,cancer and cancer | zodiac couple print | 1st anniversary gift | zodiac wall art | astrology wall art | personalized couple | custom couple gift | zodiac gift | anniversary gift | engagement gift | wedding gift couple | newlywed gift | astrology decor,astrology couple art -> 1st anniversary gift; giclee print -> astrology decor,180411,208669,cancer and cancer [S089: yok / yok],zodiac couple print [S001: 7 / 3k],astrology couple art [S002: 6 / 5.4k],zodiac wall art [S003: 375 / 65.3k],astrology wall art [S004: 362 / 69.1k],personalized couple [S005: 825 / 277.2k],custom couple gift [S006: 5.7k / 177.8k],zodiac gift [S007: 2.1k / 61.5k],anniversary gift [S008: 104.4k / 694.6k],engagement gift [S009: 47.5k / 1.4M],wedding gift couple [S010: 1.7k / 328.8k],newlywed gift [S011: 16.7k / 32.7k],giclee print [S012: 736 / 950.9k],cancer and cancer [S089: yok / yok],zodiac couple print [S001: 7 / 3k],1st anniversary gift [S055: 22.5k / 66.9k],zodiac wall art [S003: 375 / 65.3k],astrology wall art [S004: 362 / 69.1k],personalized couple [S005: 825 / 277.2k],custom couple gift [S006: 5.7k / 177.8k],zodiac gift [S007: 2.1k / 61.5k],anniversary gift [S008: 104.4k / 694.6k],engagement gift [S009: 47.5k / 1.4M],wedding gift couple [S010: 1.7k / 328.8k],newlywed gift [S011: 16.7k / 32.7k],astrology decor [S219: 6.5k / 14.5k]
4570157258,CANCER_CAPRICORN,,cancer and capricorn | zodiac couple print | astrology couple art | zodiac wall art | astrology wall art | personalized couple | custom couple gift | zodiac gift | anniversary gift | engagement gift | wedding gift couple | newlywed gift | giclee print,cancer and capricorn | zodiac couple print | 1st anniversary gift | zodiac wall art | astrology wall art | personalized couple | custom couple gift | zodiac gift | anniversary gift | engagement gift | wedding gift couple | newlywed gift | astrology decor,astrology couple art -> 1st anniversary gift; giclee print -> astrology decor,180411,208669,cancer and capricorn [S090: yok / yok],zodiac couple print [S001: 7 / 3k],astrology couple art [S002: 6 / 5.4k],zodiac wall art [S003: 375 / 65.3k],astrology wall art [S004: 362 / 69.1k],personalized couple [S005: 825 / 277.2k],custom couple gift [S006: 5.7k / 177.8k],zodiac gift [S007: 2.1k / 61.5k],anniversary gift [S008: 104.4k / 694.6k],engagement gift [S009: 47.5k / 1.4M],wedding gift couple [S010: 1.7k / 328.8k],newlywed gift [S011: 16.7k / 32.7k],giclee print [S012: 736 / 950.9k],cancer and capricorn [S090: yok / yok],zodiac couple print [S001: 7 / 3k],1st anniversary gift [S055: 22.5k / 66.9k],zodiac wall art [S003: 375 / 65.3k],astrology wall art [S004: 362 / 69.1k],personalized couple [S005: 825 / 277.2k],custom couple gift [S006: 5.7k / 177.8k],zodiac gift [S007: 2.1k / 61.5k],anniversary gift [S008: 104.4k / 694.6k],engagement gift [S009: 47.5k / 1.4M],wedding gift couple [S010: 1.7k / 328.8k],newlywed gift [S011: 16.7k / 32.7k],astrology decor [S219: 6.5k / 14.5k]
4570157716,CANCER_GEMINI,,cancer and gemini | zodiac couple print | astrology couple art | zodiac wall art | astrology wall art | personalized couple | custom couple gift | zodiac gift | anniversary gift | engagement gift | wedding gift couple | newlywed gift | giclee print,cancer and gemini | zodiac couple print | 1st anniversary gift | zodiac wall art | astrology wall art | personalized couple | custom couple gift | zodiac gift | anniversary gift | engagement gift | wedding gift couple | newlywed gift | astrology decor,astrology couple art -> 1st anniversary gift; giclee print -> astrology decor,180412,208670,cancer and gemini [S091: 1 / 7.1k],zodiac couple print [S001: 7 / 3k],astrology couple art [S002: 6 / 5.4k],zodiac wall art [S003: 375 / 65.3k],astrology wall art [S004: 362 / 69.1k],personalized couple [S005: 825 / 277.2k],custom couple gift [S006: 5.7k / 177.8k],zodiac gift [S007: 2.1k / 61.5k],anniversary gift [S008: 104.4k / 694.6k],engagement gift [S009: 47.5k / 1.4M],wedding gift couple [S010: 1.7k / 328.8k],newlywed gift [S011: 16.7k / 32.7k],giclee print [S012: 736 / 950.9k],cancer and gemini [S091: 1 / 7.1k],zodiac couple print [S001: 7 / 3k],1st anniversary gift [S055: 22.5k / 66.9k],zodiac wall art [S003: 375 / 65.3k],astrology wall art [S004: 362 / 69.1k],personalized couple [S005: 825 / 277.2k],custom couple gift [S006: 5.7k / 177.8k],zodiac gift [S007: 2.1k / 61.5k],anniversary gift [S008: 104.4k / 694.6k],engagement gift [S009: 47.5k / 1.4M],wedding gift couple [S010: 1.7k / 328.8k],newlywed gift [S011: 16.7k / 32.7k],astrology decor [S219: 6.5k / 14.5k]
4570143387,CANCER_LEO,"EVET: kontrol, degismez",cancer and leo | zodiac couple print | astrology couple art | zodiac wall art | astrology wall art | personalized couple | custom couple gift | zodiac gift | anniversary gift | engagement gift | wedding gift couple | newlywed gift | giclee print,cancer and leo | zodiac couple print | 1st anniversary gift | zodiac wall art | astrology wall art | personalized couple | custom couple gift | zodiac gift | anniversary gift | engagement gift | wedding gift couple | newlywed gift | astrology decor,astrology couple art -> 1st anniversary gift; giclee print -> astrology decor,180414,208672,cancer and leo [S092: 3 / 7.2k],zodiac couple print [S001: 7 / 3k],astrology couple art [S002: 6 / 5.4k],zodiac wall art [S003: 375 / 65.3k],astrology wall art [S004: 362 / 69.1k],personalized couple [S005: 825 / 277.2k],custom couple gift [S006: 5.7k / 177.8k],zodiac gift [S007: 2.1k / 61.5k],anniversary gift [S008: 104.4k / 694.6k],engagement gift [S009: 47.5k / 1.4M],wedding gift couple [S010: 1.7k / 328.8k],newlywed gift [S011: 16.7k / 32.7k],giclee print [S012: 736 / 950.9k],cancer and leo [S092: 3 / 7.2k],zodiac couple print [S001: 7 / 3k],1st anniversary gift [S055: 22.5k / 66.9k],zodiac wall art [S003: 375 / 65.3k],astrology wall art [S004: 362 / 69.1k],personalized couple [S005: 825 / 277.2k],custom couple gift [S006: 5.7k / 177.8k],zodiac gift [S007: 2.1k / 61.5k],anniversary gift [S008: 104.4k / 694.6k],engagement gift [S009: 47.5k / 1.4M],wedding gift couple [S010: 1.7k / 328.8k],newlywed gift [S011: 16.7k / 32.7k],astrology decor [S219: 6.5k / 14.5k]
4570143815,CANCER_LIBRA,,cancer and libra | zodiac couple print | astrology couple art | zodiac wall art | astrology wall art | personalized couple | custom couple gift | zodiac gift | anniversary gift | engagement gift | wedding gift couple | newlywed gift | giclee print,cancer and libra | zodiac couple print | 1st anniversary gift | zodiac wall art | astrology wall art | personalized couple | custom couple gift | zodiac gift | anniversary gift | engagement gift | wedding gift couple | newlywed gift | astrology decor,astrology couple art -> 1st anniversary gift; giclee print -> astrology decor,180412,208670,cancer and libra [S093: 1 / 2.9k],zodiac couple print [S001: 7 / 3k],astrology couple art [S002: 6 / 5.4k],zodiac wall art [S003: 375 / 65.3k],astrology wall art [S004: 362 / 69.1k],personalized couple [S005: 825 / 277.2k],custom couple gift [S006: 5.7k / 177.8k],zodiac gift [S007: 2.1k / 61.5k],anniversary gift [S008: 104.4k / 694.6k],engagement gift [S009: 47.5k / 1.4M],wedding gift couple [S010: 1.7k / 328.8k],newlywed gift [S011: 16.7k / 32.7k],giclee print [S012: 736 / 950.9k],cancer and libra [S093: 1 / 2.9k],zodiac couple print [S001: 7 / 3k],1st anniversary gift [S055: 22.5k / 66.9k],zodiac wall art [S003: 375 / 65.3k],astrology wall art [S004: 362 / 69.1k],personalized couple [S005: 825 / 277.2k],custom couple gift [S006: 5.7k / 177.8k],zodiac gift [S007: 2.1k / 61.5k],anniversary gift [S008: 104.4k / 694.6k],engagement gift [S009: 47.5k / 1.4M],wedding gift couple [S010: 1.7k / 328.8k],newlywed gift [S011: 16.7k / 32.7k],astrology decor [S219: 6.5k / 14.5k]
4570144239,CANCER_PISCES,,cancer and pisces | zodiac couple print | astrology couple art | zodiac wall art | astrology wall art | personalized couple | custom couple gift | zodiac gift | anniversary gift | engagement gift | wedding gift couple | newlywed gift | giclee print,cancer and pisces | zodiac couple print | 1st anniversary gift | zodiac wall art | astrology wall art | personalized couple | custom couple gift | zodiac gift | anniversary gift | engagement gift | wedding gift couple | newlywed gift | astrology decor,astrology couple art -> 1st anniversary gift; giclee print -> astrology decor,180414,208672,cancer and pisces [S094: 3 / 13k],zodiac couple print [S001: 7 / 3k],astrology couple art [S002: 6 / 5.4k],zodiac wall art [S003: 375 / 65.3k],astrology wall art [S004: 362 / 69.1k],personalized couple [S005: 825 / 277.2k],custom couple gift [S006: 5.7k / 177.8k],zodiac gift [S007: 2.1k / 61.5k],anniversary gift [S008: 104.4k / 694.6k],engagement gift [S009: 47.5k / 1.4M],wedding gift couple [S010: 1.7k / 328.8k],newlywed gift [S011: 16.7k / 32.7k],giclee print [S012: 736 / 950.9k],cancer and pisces [S094: 3 / 13k],zodiac couple print [S001: 7 / 3k],1st anniversary gift [S055: 22.5k / 66.9k],zodiac wall art [S003: 375 / 65.3k],astrology wall art [S004: 362 / 69.1k],personalized couple [S005: 825 / 277.2k],custom couple gift [S006: 5.7k / 177.8k],zodiac gift [S007: 2.1k / 61.5k],anniversary gift [S008: 104.4k / 694.6k],engagement gift [S009: 47.5k / 1.4M],wedding gift couple [S010: 1.7k / 328.8k],newlywed gift [S011: 16.7k / 32.7k],astrology decor [S219: 6.5k / 14.5k]
4570144663,CANCER_SAGITTARIUS,,cancer sagittarius | zodiac couple print | astrology couple art | zodiac wall art | astrology wall art | personalized couple | custom couple gift | zodiac gift | anniversary gift | engagement gift | wedding gift couple | newlywed gift | giclee print,cancer sagittarius | zodiac couple print | 1st anniversary gift | zodiac wall art | astrology wall art | personalized couple | custom couple gift | zodiac gift | anniversary gift | engagement gift | wedding gift couple | newlywed gift | astrology decor,astrology couple art -> 1st anniversary gift; giclee print -> astrology decor,180411,208669,cancer sagittarius [S095: yok / yok],zodiac couple print [S001: 7 / 3k],astrology couple art [S002: 6 / 5.4k],zodiac wall art [S003: 375 / 65.3k],astrology wall art [S004: 362 / 69.1k],personalized couple [S005: 825 / 277.2k],custom couple gift [S006: 5.7k / 177.8k],zodiac gift [S007: 2.1k / 61.5k],anniversary gift [S008: 104.4k / 694.6k],engagement gift [S009: 47.5k / 1.4M],wedding gift couple [S010: 1.7k / 328.8k],newlywed gift [S011: 16.7k / 32.7k],giclee print [S012: 736 / 950.9k],cancer sagittarius [S095: yok / yok],zodiac couple print [S001: 7 / 3k],1st anniversary gift [S055: 22.5k / 66.9k],zodiac wall art [S003: 375 / 65.3k],astrology wall art [S004: 362 / 69.1k],personalized couple [S005: 825 / 277.2k],custom couple gift [S006: 5.7k / 177.8k],zodiac gift [S007: 2.1k / 61.5k],anniversary gift [S008: 104.4k / 694.6k],engagement gift [S009: 47.5k / 1.4M],wedding gift couple [S010: 1.7k / 328.8k],newlywed gift [S011: 16.7k / 32.7k],astrology decor [S219: 6.5k / 14.5k]
4570145103,CANCER_SCORPIO,,cancer and scorpio | zodiac couple print | astrology couple art | zodiac wall art | astrology wall art | personalized couple | custom couple gift | zodiac gift | anniversary gift | engagement gift | wedding gift couple | newlywed gift | giclee print,cancer and scorpio | zodiac couple print | 1st anniversary gift | zodiac wall art | astrology wall art | personalized couple | custom couple gift | zodiac gift | anniversary gift | engagement gift | wedding gift couple | newlywed gift | astrology decor,astrology couple art -> 1st anniversary gift; giclee print -> astrology decor,180417,208675,cancer and scorpio [S096: 6 / 13.3k],zodiac couple print [S001: 7 / 3k],astrology couple art [S002: 6 / 5.4k],zodiac wall art [S003: 375 / 65.3k],astrology wall art [S004: 362 / 69.1k],personalized couple [S005: 825 / 277.2k],custom couple gift [S006: 5.7k / 177.8k],zodiac gift [S007: 2.1k / 61.5k],anniversary gift [S008: 104.4k / 694.6k],engagement gift [S009: 47.5k / 1.4M],wedding gift couple [S010: 1.7k / 328.8k],newlywed gift [S011: 16.7k / 32.7k],giclee print [S012: 736 / 950.9k],cancer and scorpio [S096: 6 / 13.3k],zodiac couple print [S001: 7 / 3k],1st anniversary gift [S055: 22.5k / 66.9k],zodiac wall art [S003: 375 / 65.3k],astrology wall art [S004: 362 / 69.1k],personalized couple [S005: 825 / 277.2k],custom couple gift [S006: 5.7k / 177.8k],zodiac gift [S007: 2.1k / 61.5k],anniversary gift [S008: 104.4k / 694.6k],engagement gift [S009: 47.5k / 1.4M],wedding gift couple [S010: 1.7k / 328.8k],newlywed gift [S011: 16.7k / 32.7k],astrology decor [S219: 6.5k / 14.5k]
4570160260,CANCER_TAURUS,,cancer and taurus | zodiac couple print | astrology couple art | zodiac wall art | astrology wall art | personalized couple | custom couple gift | zodiac gift | anniversary gift | engagement gift | wedding gift couple | newlywed gift | giclee print,cancer and taurus | zodiac couple print | 1st anniversary gift | zodiac wall art | astrology wall art | personalized couple | custom couple gift | zodiac gift | anniversary gift | engagement gift | wedding gift couple | newlywed gift | astrology decor,astrology couple art -> 1st anniversary gift; giclee print -> astrology decor,180430,208688,cancer and taurus [S097: 19 / 8.7k],zodiac couple print [S001: 7 / 3k],astrology couple art [S002: 6 / 5.4k],zodiac wall art [S003: 375 / 65.3k],astrology wall art [S004: 362 / 69.1k],personalized couple [S005: 825 / 277.2k],custom couple gift [S006: 5.7k / 177.8k],zodiac gift [S007: 2.1k / 61.5k],anniversary gift [S008: 104.4k / 694.6k],engagement gift [S009: 47.5k / 1.4M],wedding gift couple [S010: 1.7k / 328.8k],newlywed gift [S011: 16.7k / 32.7k],giclee print [S012: 736 / 950.9k],cancer and taurus [S097: 19 / 8.7k],zodiac couple print [S001: 7 / 3k],1st anniversary gift [S055: 22.5k / 66.9k],zodiac wall art [S003: 375 / 65.3k],astrology wall art [S004: 362 / 69.1k],personalized couple [S005: 825 / 277.2k],custom couple gift [S006: 5.7k / 177.8k],zodiac gift [S007: 2.1k / 61.5k],anniversary gift [S008: 104.4k / 694.6k],engagement gift [S009: 47.5k / 1.4M],wedding gift couple [S010: 1.7k / 328.8k],newlywed gift [S011: 16.7k / 32.7k],astrology decor [S219: 6.5k / 14.5k]
4570160676,CANCER_VIRGO,,cancer and virgo | zodiac couple print | astrology couple art | zodiac wall art | astrology wall art | personalized couple | custom couple gift | zodiac gift | anniversary gift | engagement gift | wedding gift couple | newlywed gift | giclee print,cancer and virgo | zodiac couple print | 1st anniversary gift | zodiac wall art | astrology wall art | personalized couple | custom couple gift | zodiac gift | anniversary gift | engagement gift | wedding gift couple | newlywed gift | astrology decor,astrology couple art -> 1st anniversary gift; giclee print -> astrology decor,180424,208682,cancer and virgo [S098: 13 / 5.1k],zodiac couple print [S001: 7 / 3k],astrology couple art [S002: 6 / 5.4k],zodiac wall art [S003: 375 / 65.3k],astrology wall art [S004: 362 / 69.1k],personalized couple [S005: 825 / 277.2k],custom couple gift [S006: 5.7k / 177.8k],zodiac gift [S007: 2.1k / 61.5k],anniversary gift [S008: 104.4k / 694.6k],engagement gift [S009: 47.5k / 1.4M],wedding gift couple [S010: 1.7k / 328.8k],newlywed gift [S011: 16.7k / 32.7k],giclee print [S012: 736 / 950.9k],cancer and virgo [S098: 13 / 5.1k],zodiac couple print [S001: 7 / 3k],1st anniversary gift [S055: 22.5k / 66.9k],zodiac wall art [S003: 375 / 65.3k],astrology wall art [S004: 362 / 69.1k],personalized couple [S005: 825 / 277.2k],custom couple gift [S006: 5.7k / 177.8k],zodiac gift [S007: 2.1k / 61.5k],anniversary gift [S008: 104.4k / 694.6k],engagement gift [S009: 47.5k / 1.4M],wedding gift couple [S010: 1.7k / 328.8k],newlywed gift [S011: 16.7k / 32.7k],astrology decor [S219: 6.5k / 14.5k]
4570161266,CAPRICORN_CAPRICORN,,capricorn capricorn | zodiac couple print | astrology couple art | zodiac wall art | astrology wall art | personalized couple | custom couple gift | zodiac gift | anniversary gift | engagement gift | wedding gift couple | newlywed gift | giclee print,capricorn capricorn | zodiac couple print | 1st anniversary gift | zodiac wall art | astrology wall art | personalized couple | custom couple gift | zodiac gift | anniversary gift | engagement gift | wedding gift couple | newlywed gift | astrology decor,astrology couple art -> 1st anniversary gift; giclee print -> astrology decor,180411,208669,capricorn capricorn [S099: yok / yok],zodiac couple print [S001: 7 / 3k],astrology couple art [S002: 6 / 5.4k],zodiac wall art [S003: 375 / 65.3k],astrology wall art [S004: 362 / 69.1k],personalized couple [S005: 825 / 277.2k],custom couple gift [S006: 5.7k / 177.8k],zodiac gift [S007: 2.1k / 61.5k],anniversary gift [S008: 104.4k / 694.6k],engagement gift [S009: 47.5k / 1.4M],wedding gift couple [S010: 1.7k / 328.8k],newlywed gift [S011: 16.7k / 32.7k],giclee print [S012: 736 / 950.9k],capricorn capricorn [S099: yok / yok],zodiac couple print [S001: 7 / 3k],1st anniversary gift [S055: 22.5k / 66.9k],zodiac wall art [S003: 375 / 65.3k],astrology wall art [S004: 362 / 69.1k],personalized couple [S005: 825 / 277.2k],custom couple gift [S006: 5.7k / 177.8k],zodiac gift [S007: 2.1k / 61.5k],anniversary gift [S008: 104.4k / 694.6k],engagement gift [S009: 47.5k / 1.4M],wedding gift couple [S010: 1.7k / 328.8k],newlywed gift [S011: 16.7k / 32.7k],astrology decor [S219: 6.5k / 14.5k]
4570147149,CAPRICORN_GEMINI,,capricorn and gemini | zodiac couple print | astrology couple art | zodiac wall art | astrology wall art | personalized couple | custom couple gift | zodiac gift | anniversary gift | engagement gift | wedding gift couple | newlywed gift | giclee print,capricorn and gemini | zodiac couple print | 1st anniversary gift | zodiac wall art | astrology wall art | personalized couple | custom couple gift | zodiac gift | anniversary gift | engagement gift | wedding gift couple | newlywed gift | astrology decor,astrology couple art -> 1st anniversary gift; giclee print -> astrology decor,180414,208672,capricorn and gemini [S100: 3 / 6.8k],zodiac couple print [S001: 7 / 3k],astrology couple art [S002: 6 / 5.4k],zodiac wall art [S003: 375 / 65.3k],astrology wall art [S004: 362 / 69.1k],personalized couple [S005: 825 / 277.2k],custom couple gift [S006: 5.7k / 177.8k],zodiac gift [S007: 2.1k / 61.5k],anniversary gift [S008: 104.4k / 694.6k],engagement gift [S009: 47.5k / 1.4M],wedding gift couple [S010: 1.7k / 328.8k],newlywed gift [S011: 16.7k / 32.7k],giclee print [S012: 736 / 950.9k],capricorn and gemini [S100: 3 / 6.8k],zodiac couple print [S001: 7 / 3k],1st anniversary gift [S055: 22.5k / 66.9k],zodiac wall art [S003: 375 / 65.3k],astrology wall art [S004: 362 / 69.1k],personalized couple [S005: 825 / 277.2k],custom couple gift [S006: 5.7k / 177.8k],zodiac gift [S007: 2.1k / 61.5k],anniversary gift [S008: 104.4k / 694.6k],engagement gift [S009: 47.5k / 1.4M],wedding gift couple [S010: 1.7k / 328.8k],newlywed gift [S011: 16.7k / 32.7k],astrology decor [S219: 6.5k / 14.5k]
4570162562,CAPRICORN_LEO,,capricorn and leo | zodiac couple print | astrology couple art | zodiac wall art | astrology wall art | personalized couple | custom couple gift | zodiac gift | anniversary gift | engagement gift | wedding gift couple | newlywed gift | giclee print,capricorn and leo | zodiac couple print | 1st anniversary gift | zodiac wall art | astrology wall art | personalized couple | custom couple gift | zodiac gift | anniversary gift | engagement gift | wedding gift couple | newlywed gift | astrology decor,astrology couple art -> 1st anniversary gift; giclee print -> astrology decor,180415,208673,capricorn and leo [S101: 4 / 10.3k],zodiac couple print [S001: 7 / 3k],astrology couple art [S002: 6 / 5.4k],zodiac wall art [S003: 375 / 65.3k],astrology wall art [S004: 362 / 69.1k],personalized couple [S005: 825 / 277.2k],custom couple gift [S006: 5.7k / 177.8k],zodiac gift [S007: 2.1k / 61.5k],anniversary gift [S008: 104.4k / 694.6k],engagement gift [S009: 47.5k / 1.4M],wedding gift couple [S010: 1.7k / 328.8k],newlywed gift [S011: 16.7k / 32.7k],giclee print [S012: 736 / 950.9k],capricorn and leo [S101: 4 / 10.3k],zodiac couple print [S001: 7 / 3k],1st anniversary gift [S055: 22.5k / 66.9k],zodiac wall art [S003: 375 / 65.3k],astrology wall art [S004: 362 / 69.1k],personalized couple [S005: 825 / 277.2k],custom couple gift [S006: 5.7k / 177.8k],zodiac gift [S007: 2.1k / 61.5k],anniversary gift [S008: 104.4k / 694.6k],engagement gift [S009: 47.5k / 1.4M],wedding gift couple [S010: 1.7k / 328.8k],newlywed gift [S011: 16.7k / 32.7k],astrology decor [S219: 6.5k / 14.5k]
4570163164,CAPRICORN_LIBRA,,capricorn and libra | zodiac couple print | astrology couple art | zodiac wall art | astrology wall art | personalized couple | custom couple gift | zodiac gift | anniversary gift | engagement gift | wedding gift couple | newlywed gift | giclee print,capricorn and libra | zodiac couple print | 1st anniversary gift | zodiac wall art | astrology wall art | personalized couple | custom couple gift | zodiac gift | anniversary gift | engagement gift | wedding gift couple | newlywed gift | astrology decor,astrology couple art -> 1st anniversary gift; giclee print -> astrology decor,180415,208673,capricorn and libra [S102: 4 / 8.8k],zodiac couple print [S001: 7 / 3k],astrology couple art [S002: 6 / 5.4k],zodiac wall art [S003: 375 / 65.3k],astrology wall art [S004: 362 / 69.1k],personalized couple [S005: 825 / 277.2k],custom couple gift [S006: 5.7k / 177.8k],zodiac gift [S007: 2.1k / 61.5k],anniversary gift [S008: 104.4k / 694.6k],engagement gift [S009: 47.5k / 1.4M],wedding gift couple [S010: 1.7k / 328.8k],newlywed gift [S011: 16.7k / 32.7k],giclee print [S012: 736 / 950.9k],capricorn and libra [S102: 4 / 8.8k],zodiac couple print [S001: 7 / 3k],1st anniversary gift [S055: 22.5k / 66.9k],zodiac wall art [S003: 375 / 65.3k],astrology wall art [S004: 362 / 69.1k],personalized couple [S005: 825 / 277.2k],custom couple gift [S006: 5.7k / 177.8k],zodiac gift [S007: 2.1k / 61.5k],anniversary gift [S008: 104.4k / 694.6k],engagement gift [S009: 47.5k / 1.4M],wedding gift couple [S010: 1.7k / 328.8k],newlywed gift [S011: 16.7k / 32.7k],astrology decor [S219: 6.5k / 14.5k]
4570148769,CAPRICORN_PISCES,,capricorn and pisces | zodiac couple print | astrology couple art | zodiac wall art | astrology wall art | personalized couple | custom couple gift | zodiac gift | anniversary gift | engagement gift | wedding gift couple | newlywed gift | giclee print,capricorn and pisces | zodiac couple print | 1st anniversary gift | zodiac wall art | astrology wall art | personalized couple | custom couple gift | zodiac gift | anniversary gift | engagement gift | wedding gift couple | newlywed gift | astrology decor,astrology couple art -> 1st anniversary gift; giclee print -> astrology decor,180419,208677,capricorn and pisces [S103: 8 / 7.3k],zodiac couple print [S001: 7 / 3k],astrology couple art [S002: 6 / 5.4k],zodiac wall art [S003: 375 / 65.3k],astrology wall art [S004: 362 / 69.1k],personalized couple [S005: 825 / 277.2k],custom couple gift [S006: 5.7k / 177.8k],zodiac gift [S007: 2.1k / 61.5k],anniversary gift [S008: 104.4k / 694.6k],engagement gift [S009: 47.5k / 1.4M],wedding gift couple [S010: 1.7k / 328.8k],newlywed gift [S011: 16.7k / 32.7k],giclee print [S012: 736 / 950.9k],capricorn and pisces [S103: 8 / 7.3k],zodiac couple print [S001: 7 / 3k],1st anniversary gift [S055: 22.5k / 66.9k],zodiac wall art [S003: 375 / 65.3k],astrology wall art [S004: 362 / 69.1k],personalized couple [S005: 825 / 277.2k],custom couple gift [S006: 5.7k / 177.8k],zodiac gift [S007: 2.1k / 61.5k],anniversary gift [S008: 104.4k / 694.6k],engagement gift [S009: 47.5k / 1.4M],wedding gift couple [S010: 1.7k / 328.8k],newlywed gift [S011: 16.7k / 32.7k],astrology decor [S219: 6.5k / 14.5k]
4570163968,CAPRICORN_SAGITTARIUS,,astrology lover gift | zodiac couple print | astrology couple art | zodiac wall art | astrology wall art | personalized couple | custom couple gift | zodiac gift | anniversary gift | engagement gift | wedding gift couple | newlywed gift | giclee print,astrology lover gift | zodiac couple print | 1st anniversary gift | zodiac wall art | astrology wall art | personalized couple | custom couple gift | zodiac gift | anniversary gift | engagement gift | wedding gift couple | newlywed gift | astrology decor,astrology couple art -> 1st anniversary gift; giclee print -> astrology decor,180509,208767,astrology lover gift [S025: 98 / 42.2k],zodiac couple print [S001: 7 / 3k],astrology couple art [S002: 6 / 5.4k],zodiac wall art [S003: 375 / 65.3k],astrology wall art [S004: 362 / 69.1k],personalized couple [S005: 825 / 277.2k],custom couple gift [S006: 5.7k / 177.8k],zodiac gift [S007: 2.1k / 61.5k],anniversary gift [S008: 104.4k / 694.6k],engagement gift [S009: 47.5k / 1.4M],wedding gift couple [S010: 1.7k / 328.8k],newlywed gift [S011: 16.7k / 32.7k],giclee print [S012: 736 / 950.9k],astrology lover gift [S025: 98 / 42.2k],zodiac couple print [S001: 7 / 3k],1st anniversary gift [S055: 22.5k / 66.9k],zodiac wall art [S003: 375 / 65.3k],astrology wall art [S004: 362 / 69.1k],personalized couple [S005: 825 / 277.2k],custom couple gift [S006: 5.7k / 177.8k],zodiac gift [S007: 2.1k / 61.5k],anniversary gift [S008: 104.4k / 694.6k],engagement gift [S009: 47.5k / 1.4M],wedding gift couple [S010: 1.7k / 328.8k],newlywed gift [S011: 16.7k / 32.7k],astrology decor [S219: 6.5k / 14.5k]
4570149603,CAPRICORN_SCORPIO,,capricorn scorpio | zodiac couple print | astrology couple art | zodiac wall art | astrology wall art | personalized couple | custom couple gift | zodiac gift | anniversary gift | engagement gift | wedding gift couple | newlywed gift | giclee print,capricorn scorpio | zodiac couple print | 1st anniversary gift | zodiac wall art | astrology wall art | personalized couple | custom couple gift | zodiac gift | anniversary gift | engagement gift | wedding gift couple | newlywed gift | astrology decor,astrology couple art -> 1st anniversary gift; giclee print -> astrology decor,180413,208671,capricorn scorpio [S104: 2 / 9.5k],zodiac couple print [S001: 7 / 3k],astrology couple art [S002: 6 / 5.4k],zodiac wall art [S003: 375 / 65.3k],astrology wall art [S004: 362 / 69.1k],personalized couple [S005: 825 / 277.2k],custom couple gift [S006: 5.7k / 177.8k],zodiac gift [S007: 2.1k / 61.5k],anniversary gift [S008: 104.4k / 694.6k],engagement gift [S009: 47.5k / 1.4M],wedding gift couple [S010: 1.7k / 328.8k],newlywed gift [S011: 16.7k / 32.7k],giclee print [S012: 736 / 950.9k],capricorn scorpio [S104: 2 / 9.5k],zodiac couple print [S001: 7 / 3k],1st anniversary gift [S055: 22.5k / 66.9k],zodiac wall art [S003: 375 / 65.3k],astrology wall art [S004: 362 / 69.1k],personalized couple [S005: 825 / 277.2k],custom couple gift [S006: 5.7k / 177.8k],zodiac gift [S007: 2.1k / 61.5k],anniversary gift [S008: 104.4k / 694.6k],engagement gift [S009: 47.5k / 1.4M],wedding gift couple [S010: 1.7k / 328.8k],newlywed gift [S011: 16.7k / 32.7k],astrology decor [S219: 6.5k / 14.5k]
4570164962,CAPRICORN_TAURUS,,capricorn and taurus | zodiac couple print | astrology couple art | zodiac wall art | astrology wall art | personalized couple | custom couple gift | zodiac gift | anniversary gift | engagement gift | wedding gift couple | newlywed gift | giclee print,capricorn and taurus | zodiac couple print | 1st anniversary gift | zodiac wall art | astrology wall art | personalized couple | custom couple gift | zodiac gift | anniversary gift | engagement gift | wedding gift couple | newlywed gift | astrology decor,astrology couple art -> 1st anniversary gift; giclee print -> astrology decor,180420,208678,capricorn and taurus [S105: 9 / 7.6k],zodiac couple print [S001: 7 / 3k],astrology couple art [S002: 6 / 5.4k],zodiac wall art [S003: 375 / 65.3k],astrology wall art [S004: 362 / 69.1k],personalized couple [S005: 825 / 277.2k],custom couple gift [S006: 5.7k / 177.8k],zodiac gift [S007: 2.1k / 61.5k],anniversary gift [S008: 104.4k / 694.6k],engagement gift [S009: 47.5k / 1.4M],wedding gift couple [S010: 1.7k / 328.8k],newlywed gift [S011: 16.7k / 32.7k],giclee print [S012: 736 / 950.9k],capricorn and taurus [S105: 9 / 7.6k],zodiac couple print [S001: 7 / 3k],1st anniversary gift [S055: 22.5k / 66.9k],zodiac wall art [S003: 375 / 65.3k],astrology wall art [S004: 362 / 69.1k],personalized couple [S005: 825 / 277.2k],custom couple gift [S006: 5.7k / 177.8k],zodiac gift [S007: 2.1k / 61.5k],anniversary gift [S008: 104.4k / 694.6k],engagement gift [S009: 47.5k / 1.4M],wedding gift couple [S010: 1.7k / 328.8k],newlywed gift [S011: 16.7k / 32.7k],astrology decor [S219: 6.5k / 14.5k]
4570165628,CAPRICORN_VIRGO,,capricorn and virgo | zodiac couple print | astrology couple art | zodiac wall art | astrology wall art | personalized couple | custom couple gift | zodiac gift | anniversary gift | engagement gift | wedding gift couple | newlywed gift | giclee print,capricorn and virgo | zodiac couple print | 1st anniversary gift | zodiac wall art | astrology wall art | personalized couple | custom couple gift | zodiac gift | anniversary gift | engagement gift | wedding gift couple | newlywed gift | astrology decor,astrology couple art -> 1st anniversary gift; giclee print -> astrology decor,180417,208675,capricorn and virgo [S106: 6 / 5.2k],zodiac couple print [S001: 7 / 3k],astrology couple art [S002: 6 / 5.4k],zodiac wall art [S003: 375 / 65.3k],astrology wall art [S004: 362 / 69.1k],personalized couple [S005: 825 / 277.2k],custom couple gift [S006: 5.7k / 177.8k],zodiac gift [S007: 2.1k / 61.5k],anniversary gift [S008: 104.4k / 694.6k],engagement gift [S009: 47.5k / 1.4M],wedding gift couple [S010: 1.7k / 328.8k],newlywed gift [S011: 16.7k / 32.7k],giclee print [S012: 736 / 950.9k],capricorn and virgo [S106: 6 / 5.2k],zodiac couple print [S001: 7 / 3k],1st anniversary gift [S055: 22.5k / 66.9k],zodiac wall art [S003: 375 / 65.3k],astrology wall art [S004: 362 / 69.1k],personalized couple [S005: 825 / 277.2k],custom couple gift [S006: 5.7k / 177.8k],zodiac gift [S007: 2.1k / 61.5k],anniversary gift [S008: 104.4k / 694.6k],engagement gift [S009: 47.5k / 1.4M],wedding gift couple [S010: 1.7k / 328.8k],newlywed gift [S011: 16.7k / 32.7k],astrology decor [S219: 6.5k / 14.5k]
4570166282,GEMINI_GEMINI,,gemini and gemini | zodiac couple print | astrology couple art | zodiac wall art | astrology wall art | personalized couple | custom couple gift | zodiac gift | anniversary gift | engagement gift | wedding gift couple | newlywed gift | giclee print,gemini and gemini | zodiac couple print | 1st anniversary gift | zodiac wall art | astrology wall art | personalized couple | custom couple gift | zodiac gift | anniversary gift | engagement gift | wedding gift couple | newlywed gift | astrology decor,astrology couple art -> 1st anniversary gift; giclee print -> astrology decor,180411,208669,gemini and gemini [S107: yok / yok],zodiac couple print [S001: 7 / 3k],astrology couple art [S002: 6 / 5.4k],zodiac wall art [S003: 375 / 65.3k],astrology wall art [S004: 362 / 69.1k],personalized couple [S005: 825 / 277.2k],custom couple gift [S006: 5.7k / 177.8k],zodiac gift [S007: 2.1k / 61.5k],anniversary gift [S008: 104.4k / 694.6k],engagement gift [S009: 47.5k / 1.4M],wedding gift couple [S010: 1.7k / 328.8k],newlywed gift [S011: 16.7k / 32.7k],giclee print [S012: 736 / 950.9k],gemini and gemini [S107: yok / yok],zodiac couple print [S001: 7 / 3k],1st anniversary gift [S055: 22.5k / 66.9k],zodiac wall art [S003: 375 / 65.3k],astrology wall art [S004: 362 / 69.1k],personalized couple [S005: 825 / 277.2k],custom couple gift [S006: 5.7k / 177.8k],zodiac gift [S007: 2.1k / 61.5k],anniversary gift [S008: 104.4k / 694.6k],engagement gift [S009: 47.5k / 1.4M],wedding gift couple [S010: 1.7k / 328.8k],newlywed gift [S011: 16.7k / 32.7k],astrology decor [S219: 6.5k / 14.5k]
4570152121,GEMINI_LEO,,gemini and leo | zodiac couple print | astrology couple art | zodiac wall art | astrology wall art | personalized couple | custom couple gift | zodiac gift | anniversary gift | engagement gift | wedding gift couple | newlywed gift | giclee print,gemini and leo | zodiac couple print | 1st anniversary gift | zodiac wall art | astrology wall art | personalized couple | custom couple gift | zodiac gift | anniversary gift | engagement gift | wedding gift couple | newlywed gift | astrology decor,astrology couple art -> 1st anniversary gift; giclee print -> astrology decor,180412,208670,gemini and leo [S108: 1 / 7.1k],zodiac couple print [S001: 7 / 3k],astrology couple art [S002: 6 / 5.4k],zodiac wall art [S003: 375 / 65.3k],astrology wall art [S004: 362 / 69.1k],personalized couple [S005: 825 / 277.2k],custom couple gift [S006: 5.7k / 177.8k],zodiac gift [S007: 2.1k / 61.5k],anniversary gift [S008: 104.4k / 694.6k],engagement gift [S009: 47.5k / 1.4M],wedding gift couple [S010: 1.7k / 328.8k],newlywed gift [S011: 16.7k / 32.7k],giclee print [S012: 736 / 950.9k],gemini and leo [S108: 1 / 7.1k],zodiac couple print [S001: 7 / 3k],1st anniversary gift [S055: 22.5k / 66.9k],zodiac wall art [S003: 375 / 65.3k],astrology wall art [S004: 362 / 69.1k],personalized couple [S005: 825 / 277.2k],custom couple gift [S006: 5.7k / 177.8k],zodiac gift [S007: 2.1k / 61.5k],anniversary gift [S008: 104.4k / 694.6k],engagement gift [S009: 47.5k / 1.4M],wedding gift couple [S010: 1.7k / 328.8k],newlywed gift [S011: 16.7k / 32.7k],astrology decor [S219: 6.5k / 14.5k]
4570152561,GEMINI_LIBRA,,gemini and libra | zodiac couple print | astrology couple art | zodiac wall art | astrology wall art | personalized couple | custom couple gift | zodiac gift | anniversary gift | engagement gift | wedding gift couple | newlywed gift | giclee print,gemini and libra | zodiac couple print | 1st anniversary gift | zodiac wall art | astrology wall art | personalized couple | custom couple gift | zodiac gift | anniversary gift | engagement gift | wedding gift couple | newlywed gift | astrology decor,astrology couple art -> 1st anniversary gift; giclee print -> astrology decor,180419,208677,gemini and libra [S109: 8 / 7.7k],zodiac couple print [S001: 7 / 3k],astrology couple art [S002: 6 / 5.4k],zodiac wall art [S003: 375 / 65.3k],astrology wall art [S004: 362 / 69.1k],personalized couple [S005: 825 / 277.2k],custom couple gift [S006: 5.7k / 177.8k],zodiac gift [S007: 2.1k / 61.5k],anniversary gift [S008: 104.4k / 694.6k],engagement gift [S009: 47.5k / 1.4M],wedding gift couple [S010: 1.7k / 328.8k],newlywed gift [S011: 16.7k / 32.7k],giclee print [S012: 736 / 950.9k],gemini and libra [S109: 8 / 7.7k],zodiac couple print [S001: 7 / 3k],1st anniversary gift [S055: 22.5k / 66.9k],zodiac wall art [S003: 375 / 65.3k],astrology wall art [S004: 362 / 69.1k],personalized couple [S005: 825 / 277.2k],custom couple gift [S006: 5.7k / 177.8k],zodiac gift [S007: 2.1k / 61.5k],anniversary gift [S008: 104.4k / 694.6k],engagement gift [S009: 47.5k / 1.4M],wedding gift couple [S010: 1.7k / 328.8k],newlywed gift [S011: 16.7k / 32.7k],astrology decor [S219: 6.5k / 14.5k]
4570153015,GEMINI_PISCES,,gemini and pisces | zodiac couple print | astrology couple art | zodiac wall art | astrology wall art | personalized couple | custom couple gift | zodiac gift | anniversary gift | engagement gift | wedding gift couple | newlywed gift | giclee print,gemini and pisces | zodiac couple print | 1st anniversary gift | zodiac wall art | astrology wall art | personalized couple | custom couple gift | zodiac gift | anniversary gift | engagement gift | wedding gift couple | newlywed gift | astrology decor,astrology couple art -> 1st anniversary gift; giclee print -> astrology decor,180418,208676,gemini and pisces [S110: 7 / 6.9k],zodiac couple print [S001: 7 / 3k],astrology couple art [S002: 6 / 5.4k],zodiac wall art [S003: 375 / 65.3k],astrology wall art [S004: 362 / 69.1k],personalized couple [S005: 825 / 277.2k],custom couple gift [S006: 5.7k / 177.8k],zodiac gift [S007: 2.1k / 61.5k],anniversary gift [S008: 104.4k / 694.6k],engagement gift [S009: 47.5k / 1.4M],wedding gift couple [S010: 1.7k / 328.8k],newlywed gift [S011: 16.7k / 32.7k],giclee print [S012: 736 / 950.9k],gemini and pisces [S110: 7 / 6.9k],zodiac couple print [S001: 7 / 3k],1st anniversary gift [S055: 22.5k / 66.9k],zodiac wall art [S003: 375 / 65.3k],astrology wall art [S004: 362 / 69.1k],personalized couple [S005: 825 / 277.2k],custom couple gift [S006: 5.7k / 177.8k],zodiac gift [S007: 2.1k / 61.5k],anniversary gift [S008: 104.4k / 694.6k],engagement gift [S009: 47.5k / 1.4M],wedding gift couple [S010: 1.7k / 328.8k],newlywed gift [S011: 16.7k / 32.7k],astrology decor [S219: 6.5k / 14.5k]
4570153495,GEMINI_SAGITTARIUS,,gemini sagittarius | zodiac couple print | astrology couple art | zodiac wall art | astrology wall art | personalized couple | custom couple gift | zodiac gift | anniversary gift | engagement gift | wedding gift couple | newlywed gift | giclee print,gemini sagittarius | zodiac couple print | 1st anniversary gift | zodiac wall art | astrology wall art | personalized couple | custom couple gift | zodiac gift | anniversary gift | engagement gift | wedding gift couple | newlywed gift | astrology decor,astrology couple art -> 1st anniversary gift; giclee print -> astrology decor,180414,208672,gemini sagittarius [S111: 3 / 6.3k],zodiac couple print [S001: 7 / 3k],astrology couple art [S002: 6 / 5.4k],zodiac wall art [S003: 375 / 65.3k],astrology wall art [S004: 362 / 69.1k],personalized couple [S005: 825 / 277.2k],custom couple gift [S006: 5.7k / 177.8k],zodiac gift [S007: 2.1k / 61.5k],anniversary gift [S008: 104.4k / 694.6k],engagement gift [S009: 47.5k / 1.4M],wedding gift couple [S010: 1.7k / 328.8k],newlywed gift [S011: 16.7k / 32.7k],giclee print [S012: 736 / 950.9k],gemini sagittarius [S111: 3 / 6.3k],zodiac couple print [S001: 7 / 3k],1st anniversary gift [S055: 22.5k / 66.9k],zodiac wall art [S003: 375 / 65.3k],astrology wall art [S004: 362 / 69.1k],personalized couple [S005: 825 / 277.2k],custom couple gift [S006: 5.7k / 177.8k],zodiac gift [S007: 2.1k / 61.5k],anniversary gift [S008: 104.4k / 694.6k],engagement gift [S009: 47.5k / 1.4M],wedding gift couple [S010: 1.7k / 328.8k],newlywed gift [S011: 16.7k / 32.7k],astrology decor [S219: 6.5k / 14.5k]
4570154049,GEMINI_SCORPIO,,gemini and scorpio | zodiac couple print | astrology couple art | zodiac wall art | astrology wall art | personalized couple | custom couple gift | zodiac gift | anniversary gift | engagement gift | wedding gift couple | newlywed gift | giclee print,gemini and scorpio | zodiac couple print | 1st anniversary gift | zodiac wall art | astrology wall art | personalized couple | custom couple gift | zodiac gift | anniversary gift | engagement gift | wedding gift couple | newlywed gift | astrology decor,astrology couple art -> 1st anniversary gift; giclee print -> astrology decor,180417,208675,gemini and scorpio [S112: 6 / 10.5k],zodiac couple print [S001: 7 / 3k],astrology couple art [S002: 6 / 5.4k],zodiac wall art [S003: 375 / 65.3k],astrology wall art [S004: 362 / 69.1k],personalized couple [S005: 825 / 277.2k],custom couple gift [S006: 5.7k / 177.8k],zodiac gift [S007: 2.1k / 61.5k],anniversary gift [S008: 104.4k / 694.6k],engagement gift [S009: 47.5k / 1.4M],wedding gift couple [S010: 1.7k / 328.8k],newlywed gift [S011: 16.7k / 32.7k],giclee print [S012: 736 / 950.9k],gemini and scorpio [S112: 6 / 10.5k],zodiac couple print [S001: 7 / 3k],1st anniversary gift [S055: 22.5k / 66.9k],zodiac wall art [S003: 375 / 65.3k],astrology wall art [S004: 362 / 69.1k],personalized couple [S005: 825 / 277.2k],custom couple gift [S006: 5.7k / 177.8k],zodiac gift [S007: 2.1k / 61.5k],anniversary gift [S008: 104.4k / 694.6k],engagement gift [S009: 47.5k / 1.4M],wedding gift couple [S010: 1.7k / 328.8k],newlywed gift [S011: 16.7k / 32.7k],astrology decor [S219: 6.5k / 14.5k]
4570169354,GEMINI_TAURUS,,gemini and taurus | zodiac couple print | astrology couple art | zodiac wall art | astrology wall art | personalized couple | custom couple gift | zodiac gift | anniversary gift | engagement gift | wedding gift couple | newlywed gift | giclee print,gemini and taurus | zodiac couple print | 1st anniversary gift | zodiac wall art | astrology wall art | personalized couple | custom couple gift | zodiac gift | anniversary gift | engagement gift | wedding gift couple | newlywed gift | astrology decor,astrology couple art -> 1st anniversary gift; giclee print -> astrology decor,180411,208669,gemini and taurus [S113: yok / yok],zodiac couple print [S001: 7 / 3k],astrology couple art [S002: 6 / 5.4k],zodiac wall art [S003: 375 / 65.3k],astrology wall art [S004: 362 / 69.1k],personalized couple [S005: 825 / 277.2k],custom couple gift [S006: 5.7k / 177.8k],zodiac gift [S007: 2.1k / 61.5k],anniversary gift [S008: 104.4k / 694.6k],engagement gift [S009: 47.5k / 1.4M],wedding gift couple [S010: 1.7k / 328.8k],newlywed gift [S011: 16.7k / 32.7k],giclee print [S012: 736 / 950.9k],gemini and taurus [S113: yok / yok],zodiac couple print [S001: 7 / 3k],1st anniversary gift [S055: 22.5k / 66.9k],zodiac wall art [S003: 375 / 65.3k],astrology wall art [S004: 362 / 69.1k],personalized couple [S005: 825 / 277.2k],custom couple gift [S006: 5.7k / 177.8k],zodiac gift [S007: 2.1k / 61.5k],anniversary gift [S008: 104.4k / 694.6k],engagement gift [S009: 47.5k / 1.4M],wedding gift couple [S010: 1.7k / 328.8k],newlywed gift [S011: 16.7k / 32.7k],astrology decor [S219: 6.5k / 14.5k]
4570155327,GEMINI_VIRGO,,gemini and virgo | zodiac couple print | astrology couple art | zodiac wall art | astrology wall art | personalized couple | custom couple gift | zodiac gift | anniversary gift | engagement gift | wedding gift couple | newlywed gift | giclee print,gemini and virgo | zodiac couple print | 1st anniversary gift | zodiac wall art | astrology wall art | personalized couple | custom couple gift | zodiac gift | anniversary gift | engagement gift | wedding gift couple | newlywed gift | astrology decor,astrology couple art -> 1st anniversary gift; giclee print -> astrology decor,180415,208673,gemini and virgo [S114: 4 / 9.9k],zodiac couple print [S001: 7 / 3k],astrology couple art [S002: 6 / 5.4k],zodiac wall art [S003: 375 / 65.3k],astrology wall art [S004: 362 / 69.1k],personalized couple [S005: 825 / 277.2k],custom couple gift [S006: 5.7k / 177.8k],zodiac gift [S007: 2.1k / 61.5k],anniversary gift [S008: 104.4k / 694.6k],engagement gift [S009: 47.5k / 1.4M],wedding gift couple [S010: 1.7k / 328.8k],newlywed gift [S011: 16.7k / 32.7k],giclee print [S012: 736 / 950.9k],gemini and virgo [S114: 4 / 9.9k],zodiac couple print [S001: 7 / 3k],1st anniversary gift [S055: 22.5k / 66.9k],zodiac wall art [S003: 375 / 65.3k],astrology wall art [S004: 362 / 69.1k],personalized couple [S005: 825 / 277.2k],custom couple gift [S006: 5.7k / 177.8k],zodiac gift [S007: 2.1k / 61.5k],anniversary gift [S008: 104.4k / 694.6k],engagement gift [S009: 47.5k / 1.4M],wedding gift couple [S010: 1.7k / 328.8k],newlywed gift [S011: 16.7k / 32.7k],astrology decor [S219: 6.5k / 14.5k]
4570155945,LEO_LEO,,leo and leo | zodiac couple print | astrology couple art | zodiac wall art | astrology wall art | personalized couple | custom couple gift | zodiac gift | anniversary gift | engagement gift | wedding gift couple | newlywed gift | giclee print,leo and leo | zodiac couple print | 1st anniversary gift | zodiac wall art | astrology wall art | personalized couple | custom couple gift | zodiac gift | anniversary gift | engagement gift | wedding gift couple | newlywed gift | astrology decor,astrology couple art -> 1st anniversary gift; giclee print -> astrology decor,180414,208672,leo and leo [S115: 3 / 6.9k],zodiac couple print [S001: 7 / 3k],astrology couple art [S002: 6 / 5.4k],zodiac wall art [S003: 375 / 65.3k],astrology wall art [S004: 362 / 69.1k],personalized couple [S005: 825 / 277.2k],custom couple gift [S006: 5.7k / 177.8k],zodiac gift [S007: 2.1k / 61.5k],anniversary gift [S008: 104.4k / 694.6k],engagement gift [S009: 47.5k / 1.4M],wedding gift couple [S010: 1.7k / 328.8k],newlywed gift [S011: 16.7k / 32.7k],giclee print [S012: 736 / 950.9k],leo and leo [S115: 3 / 6.9k],zodiac couple print [S001: 7 / 3k],1st anniversary gift [S055: 22.5k / 66.9k],zodiac wall art [S003: 375 / 65.3k],astrology wall art [S004: 362 / 69.1k],personalized couple [S005: 825 / 277.2k],custom couple gift [S006: 5.7k / 177.8k],zodiac gift [S007: 2.1k / 61.5k],anniversary gift [S008: 104.4k / 694.6k],engagement gift [S009: 47.5k / 1.4M],wedding gift couple [S010: 1.7k / 328.8k],newlywed gift [S011: 16.7k / 32.7k],astrology decor [S219: 6.5k / 14.5k]
4570198669,LEO_LIBRA,,leo and libra | zodiac couple print | astrology couple art | zodiac wall art | astrology wall art | personalized couple | custom couple gift | zodiac gift | anniversary gift | engagement gift | wedding gift couple | newlywed gift | giclee print,leo and libra | zodiac couple print | 1st anniversary gift | zodiac wall art | astrology wall art | personalized couple | custom couple gift | zodiac gift | anniversary gift | engagement gift | wedding gift couple | newlywed gift | astrology decor,astrology couple art -> 1st anniversary gift; giclee print -> astrology decor,180423,208681,leo and libra [S116: 12 / 7.6k],zodiac couple print [S001: 7 / 3k],astrology couple art [S002: 6 / 5.4k],zodiac wall art [S003: 375 / 65.3k],astrology wall art [S004: 362 / 69.1k],personalized couple [S005: 825 / 277.2k],custom couple gift [S006: 5.7k / 177.8k],zodiac gift [S007: 2.1k / 61.5k],anniversary gift [S008: 104.4k / 694.6k],engagement gift [S009: 47.5k / 1.4M],wedding gift couple [S010: 1.7k / 328.8k],newlywed gift [S011: 16.7k / 32.7k],giclee print [S012: 736 / 950.9k],leo and libra [S116: 12 / 7.6k],zodiac couple print [S001: 7 / 3k],1st anniversary gift [S055: 22.5k / 66.9k],zodiac wall art [S003: 375 / 65.3k],astrology wall art [S004: 362 / 69.1k],personalized couple [S005: 825 / 277.2k],custom couple gift [S006: 5.7k / 177.8k],zodiac gift [S007: 2.1k / 61.5k],anniversary gift [S008: 104.4k / 694.6k],engagement gift [S009: 47.5k / 1.4M],wedding gift couple [S010: 1.7k / 328.8k],newlywed gift [S011: 16.7k / 32.7k],astrology decor [S219: 6.5k / 14.5k]
4570199091,LEO_PISCES,,leo and pisces | zodiac couple print | astrology couple art | zodiac wall art | astrology wall art | personalized couple | custom couple gift | zodiac gift | anniversary gift | engagement gift | wedding gift couple | newlywed gift | giclee print,leo and pisces | zodiac couple print | 1st anniversary gift | zodiac wall art | astrology wall art | personalized couple | custom couple gift | zodiac gift | anniversary gift | engagement gift | wedding gift couple | newlywed gift | astrology decor,astrology couple art -> 1st anniversary gift; giclee print -> astrology decor,180419,208677,leo and pisces [S117: 8 / 7.8k],zodiac couple print [S001: 7 / 3k],astrology couple art [S002: 6 / 5.4k],zodiac wall art [S003: 375 / 65.3k],astrology wall art [S004: 362 / 69.1k],personalized couple [S005: 825 / 277.2k],custom couple gift [S006: 5.7k / 177.8k],zodiac gift [S007: 2.1k / 61.5k],anniversary gift [S008: 104.4k / 694.6k],engagement gift [S009: 47.5k / 1.4M],wedding gift couple [S010: 1.7k / 328.8k],newlywed gift [S011: 16.7k / 32.7k],giclee print [S012: 736 / 950.9k],leo and pisces [S117: 8 / 7.8k],zodiac couple print [S001: 7 / 3k],1st anniversary gift [S055: 22.5k / 66.9k],zodiac wall art [S003: 375 / 65.3k],astrology wall art [S004: 362 / 69.1k],personalized couple [S005: 825 / 277.2k],custom couple gift [S006: 5.7k / 177.8k],zodiac gift [S007: 2.1k / 61.5k],anniversary gift [S008: 104.4k / 694.6k],engagement gift [S009: 47.5k / 1.4M],wedding gift couple [S010: 1.7k / 328.8k],newlywed gift [S011: 16.7k / 32.7k],astrology decor [S219: 6.5k / 14.5k]
4570199509,LEO_SAGITTARIUS,,leo and sagittarius | zodiac couple print | astrology couple art | zodiac wall art | astrology wall art | personalized couple | custom couple gift | zodiac gift | anniversary gift | engagement gift | wedding gift couple | newlywed gift | giclee print,leo and sagittarius | zodiac couple print | 1st anniversary gift | zodiac wall art | astrology wall art | personalized couple | custom couple gift | zodiac gift | anniversary gift | engagement gift | wedding gift couple | newlywed gift | astrology decor,astrology couple art -> 1st anniversary gift; giclee print -> astrology decor,180418,208676,leo and sagittarius [S118: 7 / 5.8k],zodiac couple print [S001: 7 / 3k],astrology couple art [S002: 6 / 5.4k],zodiac wall art [S003: 375 / 65.3k],astrology wall art [S004: 362 / 69.1k],personalized couple [S005: 825 / 277.2k],custom couple gift [S006: 5.7k / 177.8k],zodiac gift [S007: 2.1k / 61.5k],anniversary gift [S008: 104.4k / 694.6k],engagement gift [S009: 47.5k / 1.4M],wedding gift couple [S010: 1.7k / 328.8k],newlywed gift [S011: 16.7k / 32.7k],giclee print [S012: 736 / 950.9k],leo and sagittarius [S118: 7 / 5.8k],zodiac couple print [S001: 7 / 3k],1st anniversary gift [S055: 22.5k / 66.9k],zodiac wall art [S003: 375 / 65.3k],astrology wall art [S004: 362 / 69.1k],personalized couple [S005: 825 / 277.2k],custom couple gift [S006: 5.7k / 177.8k],zodiac gift [S007: 2.1k / 61.5k],anniversary gift [S008: 104.4k / 694.6k],engagement gift [S009: 47.5k / 1.4M],wedding gift couple [S010: 1.7k / 328.8k],newlywed gift [S011: 16.7k / 32.7k],astrology decor [S219: 6.5k / 14.5k]
4570214304,LEO_SCORPIO,,leo and scorpio | zodiac couple print | astrology couple art | zodiac wall art | astrology wall art | personalized couple | custom couple gift | zodiac gift | anniversary gift | engagement gift | wedding gift couple | newlywed gift | giclee print,leo and scorpio | zodiac couple print | 1st anniversary gift | zodiac wall art | astrology wall art | personalized couple | custom couple gift | zodiac gift | anniversary gift | engagement gift | wedding gift couple | newlywed gift | astrology decor,astrology couple art -> 1st anniversary gift; giclee print -> astrology decor,180416,208674,leo and scorpio [S119: 5 / 6.5k],zodiac couple print [S001: 7 / 3k],astrology couple art [S002: 6 / 5.4k],zodiac wall art [S003: 375 / 65.3k],astrology wall art [S004: 362 / 69.1k],personalized couple [S005: 825 / 277.2k],custom couple gift [S006: 5.7k / 177.8k],zodiac gift [S007: 2.1k / 61.5k],anniversary gift [S008: 104.4k / 694.6k],engagement gift [S009: 47.5k / 1.4M],wedding gift couple [S010: 1.7k / 328.8k],newlywed gift [S011: 16.7k / 32.7k],giclee print [S012: 736 / 950.9k],leo and scorpio [S119: 5 / 6.5k],zodiac couple print [S001: 7 / 3k],1st anniversary gift [S055: 22.5k / 66.9k],zodiac wall art [S003: 375 / 65.3k],astrology wall art [S004: 362 / 69.1k],personalized couple [S005: 825 / 277.2k],custom couple gift [S006: 5.7k / 177.8k],zodiac gift [S007: 2.1k / 61.5k],anniversary gift [S008: 104.4k / 694.6k],engagement gift [S009: 47.5k / 1.4M],wedding gift couple [S010: 1.7k / 328.8k],newlywed gift [S011: 16.7k / 32.7k],astrology decor [S219: 6.5k / 14.5k]
4570214784,LEO_TAURUS,,leo and taurus | zodiac couple print | astrology couple art | zodiac wall art | astrology wall art | personalized couple | custom couple gift | zodiac gift | anniversary gift | engagement gift | wedding gift couple | newlywed gift | giclee print,leo and taurus | zodiac couple print | 1st anniversary gift | zodiac wall art | astrology wall art | personalized couple | custom couple gift | zodiac gift | anniversary gift | engagement gift | wedding gift couple | newlywed gift | astrology decor,astrology couple art -> 1st anniversary gift; giclee print -> astrology decor,180413,208671,leo and taurus [S120: 2 / 5.8k],zodiac couple print [S001: 7 / 3k],astrology couple art [S002: 6 / 5.4k],zodiac wall art [S003: 375 / 65.3k],astrology wall art [S004: 362 / 69.1k],personalized couple [S005: 825 / 277.2k],custom couple gift [S006: 5.7k / 177.8k],zodiac gift [S007: 2.1k / 61.5k],anniversary gift [S008: 104.4k / 694.6k],engagement gift [S009: 47.5k / 1.4M],wedding gift couple [S010: 1.7k / 328.8k],newlywed gift [S011: 16.7k / 32.7k],giclee print [S012: 736 / 950.9k],leo and taurus [S120: 2 / 5.8k],zodiac couple print [S001: 7 / 3k],1st anniversary gift [S055: 22.5k / 66.9k],zodiac wall art [S003: 375 / 65.3k],astrology wall art [S004: 362 / 69.1k],personalized couple [S005: 825 / 277.2k],custom couple gift [S006: 5.7k / 177.8k],zodiac gift [S007: 2.1k / 61.5k],anniversary gift [S008: 104.4k / 694.6k],engagement gift [S009: 47.5k / 1.4M],wedding gift couple [S010: 1.7k / 328.8k],newlywed gift [S011: 16.7k / 32.7k],astrology decor [S219: 6.5k / 14.5k]
4570200893,LEO_VIRGO,,leo and virgo | zodiac couple print | astrology couple art | zodiac wall art | astrology wall art | personalized couple | custom couple gift | zodiac gift | anniversary gift | engagement gift | wedding gift couple | newlywed gift | giclee print,leo and virgo | zodiac couple print | 1st anniversary gift | zodiac wall art | astrology wall art | personalized couple | custom couple gift | zodiac gift | anniversary gift | engagement gift | wedding gift couple | newlywed gift | astrology decor,astrology couple art -> 1st anniversary gift; giclee print -> astrology decor,180424,208682,leo and virgo [S121: 13 / 10.1k],zodiac couple print [S001: 7 / 3k],astrology couple art [S002: 6 / 5.4k],zodiac wall art [S003: 375 / 65.3k],astrology wall art [S004: 362 / 69.1k],personalized couple [S005: 825 / 277.2k],custom couple gift [S006: 5.7k / 177.8k],zodiac gift [S007: 2.1k / 61.5k],anniversary gift [S008: 104.4k / 694.6k],engagement gift [S009: 47.5k / 1.4M],wedding gift couple [S010: 1.7k / 328.8k],newlywed gift [S011: 16.7k / 32.7k],giclee print [S012: 736 / 950.9k],leo and virgo [S121: 13 / 10.1k],zodiac couple print [S001: 7 / 3k],1st anniversary gift [S055: 22.5k / 66.9k],zodiac wall art [S003: 375 / 65.3k],astrology wall art [S004: 362 / 69.1k],personalized couple [S005: 825 / 277.2k],custom couple gift [S006: 5.7k / 177.8k],zodiac gift [S007: 2.1k / 61.5k],anniversary gift [S008: 104.4k / 694.6k],engagement gift [S009: 47.5k / 1.4M],wedding gift couple [S010: 1.7k / 328.8k],newlywed gift [S011: 16.7k / 32.7k],astrology decor [S219: 6.5k / 14.5k]
4570201313,LIBRA_LIBRA,,libra and libra | zodiac couple print | astrology couple art | zodiac wall art | astrology wall art | personalized couple | custom couple gift | zodiac gift | anniversary gift | engagement gift | wedding gift couple | newlywed gift | giclee print,libra and libra | zodiac couple print | 1st anniversary gift | zodiac wall art | astrology wall art | personalized couple | custom couple gift | zodiac gift | anniversary gift | engagement gift | wedding gift couple | newlywed gift | astrology decor,astrology couple art -> 1st anniversary gift; giclee print -> astrology decor,180411,208669,libra and libra [S122: yok / yok],zodiac couple print [S001: 7 / 3k],astrology couple art [S002: 6 / 5.4k],zodiac wall art [S003: 375 / 65.3k],astrology wall art [S004: 362 / 69.1k],personalized couple [S005: 825 / 277.2k],custom couple gift [S006: 5.7k / 177.8k],zodiac gift [S007: 2.1k / 61.5k],anniversary gift [S008: 104.4k / 694.6k],engagement gift [S009: 47.5k / 1.4M],wedding gift couple [S010: 1.7k / 328.8k],newlywed gift [S011: 16.7k / 32.7k],giclee print [S012: 736 / 950.9k],libra and libra [S122: yok / yok],zodiac couple print [S001: 7 / 3k],1st anniversary gift [S055: 22.5k / 66.9k],zodiac wall art [S003: 375 / 65.3k],astrology wall art [S004: 362 / 69.1k],personalized couple [S005: 825 / 277.2k],custom couple gift [S006: 5.7k / 177.8k],zodiac gift [S007: 2.1k / 61.5k],anniversary gift [S008: 104.4k / 694.6k],engagement gift [S009: 47.5k / 1.4M],wedding gift couple [S010: 1.7k / 328.8k],newlywed gift [S011: 16.7k / 32.7k],astrology decor [S219: 6.5k / 14.5k]
4570216030,LIBRA_PISCES,,libra and pisces | zodiac couple print | astrology couple art | zodiac wall art | astrology wall art | personalized couple | custom couple gift | zodiac gift | anniversary gift | engagement gift | wedding gift couple | newlywed gift | giclee print,libra and pisces | zodiac couple print | 1st anniversary gift | zodiac wall art | astrology wall art | personalized couple | custom couple gift | zodiac gift | anniversary gift | engagement gift | wedding gift couple | newlywed gift | astrology decor,astrology couple art -> 1st anniversary gift; giclee print -> astrology decor,180416,208674,libra and pisces [S123: 5 / 11.6k],zodiac couple print [S001: 7 / 3k],astrology couple art [S002: 6 / 5.4k],zodiac wall art [S003: 375 / 65.3k],astrology wall art [S004: 362 / 69.1k],personalized couple [S005: 825 / 277.2k],custom couple gift [S006: 5.7k / 177.8k],zodiac gift [S007: 2.1k / 61.5k],anniversary gift [S008: 104.4k / 694.6k],engagement gift [S009: 47.5k / 1.4M],wedding gift couple [S010: 1.7k / 328.8k],newlywed gift [S011: 16.7k / 32.7k],giclee print [S012: 736 / 950.9k],libra and pisces [S123: 5 / 11.6k],zodiac couple print [S001: 7 / 3k],1st anniversary gift [S055: 22.5k / 66.9k],zodiac wall art [S003: 375 / 65.3k],astrology wall art [S004: 362 / 69.1k],personalized couple [S005: 825 / 277.2k],custom couple gift [S006: 5.7k / 177.8k],zodiac gift [S007: 2.1k / 61.5k],anniversary gift [S008: 104.4k / 694.6k],engagement gift [S009: 47.5k / 1.4M],wedding gift couple [S010: 1.7k / 328.8k],newlywed gift [S011: 16.7k / 32.7k],astrology decor [S219: 6.5k / 14.5k]
4570202333,LIBRA_SAGITTARIUS,,libra sagittarius | zodiac couple print | astrology couple art | zodiac wall art | astrology wall art | personalized couple | custom couple gift | zodiac gift | anniversary gift | engagement gift | wedding gift couple | newlywed gift | giclee print,libra sagittarius | zodiac couple print | 1st anniversary gift | zodiac wall art | astrology wall art | personalized couple | custom couple gift | zodiac gift | anniversary gift | engagement gift | wedding gift couple | newlywed gift | astrology decor,astrology couple art -> 1st anniversary gift; giclee print -> astrology decor,180430,208688,libra sagittarius [S124: 19 / 10.9k],zodiac couple print [S001: 7 / 3k],astrology couple art [S002: 6 / 5.4k],zodiac wall art [S003: 375 / 65.3k],astrology wall art [S004: 362 / 69.1k],personalized couple [S005: 825 / 277.2k],custom couple gift [S006: 5.7k / 177.8k],zodiac gift [S007: 2.1k / 61.5k],anniversary gift [S008: 104.4k / 694.6k],engagement gift [S009: 47.5k / 1.4M],wedding gift couple [S010: 1.7k / 328.8k],newlywed gift [S011: 16.7k / 32.7k],giclee print [S012: 736 / 950.9k],libra sagittarius [S124: 19 / 10.9k],zodiac couple print [S001: 7 / 3k],1st anniversary gift [S055: 22.5k / 66.9k],zodiac wall art [S003: 375 / 65.3k],astrology wall art [S004: 362 / 69.1k],personalized couple [S005: 825 / 277.2k],custom couple gift [S006: 5.7k / 177.8k],zodiac gift [S007: 2.1k / 61.5k],anniversary gift [S008: 104.4k / 694.6k],engagement gift [S009: 47.5k / 1.4M],wedding gift couple [S010: 1.7k / 328.8k],newlywed gift [S011: 16.7k / 32.7k],astrology decor [S219: 6.5k / 14.5k]
4570202793,LIBRA_SCORPIO,,libra and scorpio | zodiac couple print | astrology couple art | zodiac wall art | astrology wall art | personalized couple | custom couple gift | zodiac gift | anniversary gift | engagement gift | wedding gift couple | newlywed gift | giclee print,libra and scorpio | zodiac couple print | 1st anniversary gift | zodiac wall art | astrology wall art | personalized couple | custom couple gift | zodiac gift | anniversary gift | engagement gift | wedding gift couple | newlywed gift | astrology decor,astrology couple art -> 1st anniversary gift; giclee print -> astrology decor,180418,208676,libra and scorpio [S125: 7 / 10.3k],zodiac couple print [S001: 7 / 3k],astrology couple art [S002: 6 / 5.4k],zodiac wall art [S003: 375 / 65.3k],astrology wall art [S004: 362 / 69.1k],personalized couple [S005: 825 / 277.2k],custom couple gift [S006: 5.7k / 177.8k],zodiac gift [S007: 2.1k / 61.5k],anniversary gift [S008: 104.4k / 694.6k],engagement gift [S009: 47.5k / 1.4M],wedding gift couple [S010: 1.7k / 328.8k],newlywed gift [S011: 16.7k / 32.7k],giclee print [S012: 736 / 950.9k],libra and scorpio [S125: 7 / 10.3k],zodiac couple print [S001: 7 / 3k],1st anniversary gift [S055: 22.5k / 66.9k],zodiac wall art [S003: 375 / 65.3k],astrology wall art [S004: 362 / 69.1k],personalized couple [S005: 825 / 277.2k],custom couple gift [S006: 5.7k / 177.8k],zodiac gift [S007: 2.1k / 61.5k],anniversary gift [S008: 104.4k / 694.6k],engagement gift [S009: 47.5k / 1.4M],wedding gift couple [S010: 1.7k / 328.8k],newlywed gift [S011: 16.7k / 32.7k],astrology decor [S219: 6.5k / 14.5k]
4570203229,LIBRA_TAURUS,,libra and taurus | zodiac couple print | astrology couple art | zodiac wall art | astrology wall art | personalized couple | custom couple gift | zodiac gift | anniversary gift | engagement gift | wedding gift couple | newlywed gift | giclee print,libra and taurus | zodiac couple print | 1st anniversary gift | zodiac wall art | astrology wall art | personalized couple | custom couple gift | zodiac gift | anniversary gift | engagement gift | wedding gift couple | newlywed gift | astrology decor,astrology couple art -> 1st anniversary gift; giclee print -> astrology decor,180419,208677,libra and taurus [S126: 8 / 7.9k],zodiac couple print [S001: 7 / 3k],astrology couple art [S002: 6 / 5.4k],zodiac wall art [S003: 375 / 65.3k],astrology wall art [S004: 362 / 69.1k],personalized couple [S005: 825 / 277.2k],custom couple gift [S006: 5.7k / 177.8k],zodiac gift [S007: 2.1k / 61.5k],anniversary gift [S008: 104.4k / 694.6k],engagement gift [S009: 47.5k / 1.4M],wedding gift couple [S010: 1.7k / 328.8k],newlywed gift [S011: 16.7k / 32.7k],giclee print [S012: 736 / 950.9k],libra and taurus [S126: 8 / 7.9k],zodiac couple print [S001: 7 / 3k],1st anniversary gift [S055: 22.5k / 66.9k],zodiac wall art [S003: 375 / 65.3k],astrology wall art [S004: 362 / 69.1k],personalized couple [S005: 825 / 277.2k],custom couple gift [S006: 5.7k / 177.8k],zodiac gift [S007: 2.1k / 61.5k],anniversary gift [S008: 104.4k / 694.6k],engagement gift [S009: 47.5k / 1.4M],wedding gift couple [S010: 1.7k / 328.8k],newlywed gift [S011: 16.7k / 32.7k],astrology decor [S219: 6.5k / 14.5k]
4570203731,LIBRA_VIRGO,,libra and virgo | zodiac couple print | astrology couple art | zodiac wall art | astrology wall art | personalized couple | custom couple gift | zodiac gift | anniversary gift | engagement gift | wedding gift couple | newlywed gift | giclee print,libra and virgo | zodiac couple print | 1st anniversary gift | zodiac wall art | astrology wall art | personalized couple | custom couple gift | zodiac gift | anniversary gift | engagement gift | wedding gift couple | newlywed gift | astrology decor,astrology couple art -> 1st anniversary gift; giclee print -> astrology decor,180413,208671,libra and virgo [S127: 2 / 6.2k],zodiac couple print [S001: 7 / 3k],astrology couple art [S002: 6 / 5.4k],zodiac wall art [S003: 375 / 65.3k],astrology wall art [S004: 362 / 69.1k],personalized couple [S005: 825 / 277.2k],custom couple gift [S006: 5.7k / 177.8k],zodiac gift [S007: 2.1k / 61.5k],anniversary gift [S008: 104.4k / 694.6k],engagement gift [S009: 47.5k / 1.4M],wedding gift couple [S010: 1.7k / 328.8k],newlywed gift [S011: 16.7k / 32.7k],giclee print [S012: 736 / 950.9k],libra and virgo [S127: 2 / 6.2k],zodiac couple print [S001: 7 / 3k],1st anniversary gift [S055: 22.5k / 66.9k],zodiac wall art [S003: 375 / 65.3k],astrology wall art [S004: 362 / 69.1k],personalized couple [S005: 825 / 277.2k],custom couple gift [S006: 5.7k / 177.8k],zodiac gift [S007: 2.1k / 61.5k],anniversary gift [S008: 104.4k / 694.6k],engagement gift [S009: 47.5k / 1.4M],wedding gift couple [S010: 1.7k / 328.8k],newlywed gift [S011: 16.7k / 32.7k],astrology decor [S219: 6.5k / 14.5k]
4570204167,PISCES_PISCES,,pisces and pisces | zodiac couple print | astrology couple art | zodiac wall art | astrology wall art | personalized couple | custom couple gift | zodiac gift | anniversary gift | engagement gift | wedding gift couple | newlywed gift | giclee print,pisces and pisces | zodiac couple print | 1st anniversary gift | zodiac wall art | astrology wall art | personalized couple | custom couple gift | zodiac gift | anniversary gift | engagement gift | wedding gift couple | newlywed gift | astrology decor,astrology couple art -> 1st anniversary gift; giclee print -> astrology decor,180411,208669,pisces and pisces [S128: yok / yok],zodiac couple print [S001: 7 / 3k],astrology couple art [S002: 6 / 5.4k],zodiac wall art [S003: 375 / 65.3k],astrology wall art [S004: 362 / 69.1k],personalized couple [S005: 825 / 277.2k],custom couple gift [S006: 5.7k / 177.8k],zodiac gift [S007: 2.1k / 61.5k],anniversary gift [S008: 104.4k / 694.6k],engagement gift [S009: 47.5k / 1.4M],wedding gift couple [S010: 1.7k / 328.8k],newlywed gift [S011: 16.7k / 32.7k],giclee print [S012: 736 / 950.9k],pisces and pisces [S128: yok / yok],zodiac couple print [S001: 7 / 3k],1st anniversary gift [S055: 22.5k / 66.9k],zodiac wall art [S003: 375 / 65.3k],astrology wall art [S004: 362 / 69.1k],personalized couple [S005: 825 / 277.2k],custom couple gift [S006: 5.7k / 177.8k],zodiac gift [S007: 2.1k / 61.5k],anniversary gift [S008: 104.4k / 694.6k],engagement gift [S009: 47.5k / 1.4M],wedding gift couple [S010: 1.7k / 328.8k],newlywed gift [S011: 16.7k / 32.7k],astrology decor [S219: 6.5k / 14.5k]
4570204681,PISCES_SAGITTARIUS,,pisces sagittarius | zodiac couple print | astrology couple art | zodiac wall art | astrology wall art | personalized couple | custom couple gift | zodiac gift | anniversary gift | engagement gift | wedding gift couple | newlywed gift | giclee print,pisces sagittarius | zodiac couple print | 1st anniversary gift | zodiac wall art | astrology wall art | personalized couple | custom couple gift | zodiac gift | anniversary gift | engagement gift | wedding gift couple | newlywed gift | astrology decor,astrology couple art -> 1st anniversary gift; giclee print -> astrology decor,180411,208669,pisces sagittarius [S129: yok / yok],zodiac couple print [S001: 7 / 3k],astrology couple art [S002: 6 / 5.4k],zodiac wall art [S003: 375 / 65.3k],astrology wall art [S004: 362 / 69.1k],personalized couple [S005: 825 / 277.2k],custom couple gift [S006: 5.7k / 177.8k],zodiac gift [S007: 2.1k / 61.5k],anniversary gift [S008: 104.4k / 694.6k],engagement gift [S009: 47.5k / 1.4M],wedding gift couple [S010: 1.7k / 328.8k],newlywed gift [S011: 16.7k / 32.7k],giclee print [S012: 736 / 950.9k],pisces sagittarius [S129: yok / yok],zodiac couple print [S001: 7 / 3k],1st anniversary gift [S055: 22.5k / 66.9k],zodiac wall art [S003: 375 / 65.3k],astrology wall art [S004: 362 / 69.1k],personalized couple [S005: 825 / 277.2k],custom couple gift [S006: 5.7k / 177.8k],zodiac gift [S007: 2.1k / 61.5k],anniversary gift [S008: 104.4k / 694.6k],engagement gift [S009: 47.5k / 1.4M],wedding gift couple [S010: 1.7k / 328.8k],newlywed gift [S011: 16.7k / 32.7k],astrology decor [S219: 6.5k / 14.5k]
4570205473,PISCES_SCORPIO,,pisces and scorpio | zodiac couple print | astrology couple art | zodiac wall art | astrology wall art | personalized couple | custom couple gift | zodiac gift | anniversary gift | engagement gift | wedding gift couple | newlywed gift | giclee print,pisces and scorpio | zodiac couple print | 1st anniversary gift | zodiac wall art | astrology wall art | personalized couple | custom couple gift | zodiac gift | anniversary gift | engagement gift | wedding gift couple | newlywed gift | astrology decor,astrology couple art -> 1st anniversary gift; giclee print -> astrology decor,180433,208691,pisces and scorpio [S130: 22 / 14k],zodiac couple print [S001: 7 / 3k],astrology couple art [S002: 6 / 5.4k],zodiac wall art [S003: 375 / 65.3k],astrology wall art [S004: 362 / 69.1k],personalized couple [S005: 825 / 277.2k],custom couple gift [S006: 5.7k / 177.8k],zodiac gift [S007: 2.1k / 61.5k],anniversary gift [S008: 104.4k / 694.6k],engagement gift [S009: 47.5k / 1.4M],wedding gift couple [S010: 1.7k / 328.8k],newlywed gift [S011: 16.7k / 32.7k],giclee print [S012: 736 / 950.9k],pisces and scorpio [S130: 22 / 14k],zodiac couple print [S001: 7 / 3k],1st anniversary gift [S055: 22.5k / 66.9k],zodiac wall art [S003: 375 / 65.3k],astrology wall art [S004: 362 / 69.1k],personalized couple [S005: 825 / 277.2k],custom couple gift [S006: 5.7k / 177.8k],zodiac gift [S007: 2.1k / 61.5k],anniversary gift [S008: 104.4k / 694.6k],engagement gift [S009: 47.5k / 1.4M],wedding gift couple [S010: 1.7k / 328.8k],newlywed gift [S011: 16.7k / 32.7k],astrology decor [S219: 6.5k / 14.5k]
4570205899,PISCES_TAURUS,,pisces and taurus | zodiac couple print | astrology couple art | zodiac wall art | astrology wall art | personalized couple | custom couple gift | zodiac gift | anniversary gift | engagement gift | wedding gift couple | newlywed gift | giclee print,pisces and taurus | zodiac couple print | 1st anniversary gift | zodiac wall art | astrology wall art | personalized couple | custom couple gift | zodiac gift | anniversary gift | engagement gift | wedding gift couple | newlywed gift | astrology decor,astrology couple art -> 1st anniversary gift; giclee print -> astrology decor,180417,208675,pisces and taurus [S131: 6 / 11k],zodiac couple print [S001: 7 / 3k],astrology couple art [S002: 6 / 5.4k],zodiac wall art [S003: 375 / 65.3k],astrology wall art [S004: 362 / 69.1k],personalized couple [S005: 825 / 277.2k],custom couple gift [S006: 5.7k / 177.8k],zodiac gift [S007: 2.1k / 61.5k],anniversary gift [S008: 104.4k / 694.6k],engagement gift [S009: 47.5k / 1.4M],wedding gift couple [S010: 1.7k / 328.8k],newlywed gift [S011: 16.7k / 32.7k],giclee print [S012: 736 / 950.9k],pisces and taurus [S131: 6 / 11k],zodiac couple print [S001: 7 / 3k],1st anniversary gift [S055: 22.5k / 66.9k],zodiac wall art [S003: 375 / 65.3k],astrology wall art [S004: 362 / 69.1k],personalized couple [S005: 825 / 277.2k],custom couple gift [S006: 5.7k / 177.8k],zodiac gift [S007: 2.1k / 61.5k],anniversary gift [S008: 104.4k / 694.6k],engagement gift [S009: 47.5k / 1.4M],wedding gift couple [S010: 1.7k / 328.8k],newlywed gift [S011: 16.7k / 32.7k],astrology decor [S219: 6.5k / 14.5k]
4570220634,PISCES_VIRGO,,pisces and virgo | zodiac couple print | astrology couple art | zodiac wall art | astrology wall art | personalized couple | custom couple gift | zodiac gift | anniversary gift | engagement gift | wedding gift couple | newlywed gift | giclee print,pisces and virgo | zodiac couple print | 1st anniversary gift | zodiac wall art | astrology wall art | personalized couple | custom couple gift | zodiac gift | anniversary gift | engagement gift | wedding gift couple | newlywed gift | astrology decor,astrology couple art -> 1st anniversary gift; giclee print -> astrology decor,180416,208674,pisces and virgo [S132: 5 / 8.2k],zodiac couple print [S001: 7 / 3k],astrology couple art [S002: 6 / 5.4k],zodiac wall art [S003: 375 / 65.3k],astrology wall art [S004: 362 / 69.1k],personalized couple [S005: 825 / 277.2k],custom couple gift [S006: 5.7k / 177.8k],zodiac gift [S007: 2.1k / 61.5k],anniversary gift [S008: 104.4k / 694.6k],engagement gift [S009: 47.5k / 1.4M],wedding gift couple [S010: 1.7k / 328.8k],newlywed gift [S011: 16.7k / 32.7k],giclee print [S012: 736 / 950.9k],pisces and virgo [S132: 5 / 8.2k],zodiac couple print [S001: 7 / 3k],1st anniversary gift [S055: 22.5k / 66.9k],zodiac wall art [S003: 375 / 65.3k],astrology wall art [S004: 362 / 69.1k],personalized couple [S005: 825 / 277.2k],custom couple gift [S006: 5.7k / 177.8k],zodiac gift [S007: 2.1k / 61.5k],anniversary gift [S008: 104.4k / 694.6k],engagement gift [S009: 47.5k / 1.4M],wedding gift couple [S010: 1.7k / 328.8k],newlywed gift [S011: 16.7k / 32.7k],astrology decor [S219: 6.5k / 14.5k]
4570206865,SAGITTARIUS_SAGITTARIUS,,astrology lover gift | zodiac couple print | astrology couple art | zodiac wall art | astrology wall art | personalized couple | custom couple gift | zodiac gift | anniversary gift | engagement gift | wedding gift couple | newlywed gift | giclee print,astrology lover gift | zodiac couple print | 1st anniversary gift | zodiac wall art | astrology wall art | personalized couple | custom couple gift | zodiac gift | anniversary gift | engagement gift | wedding gift couple | newlywed gift | astrology decor,astrology couple art -> 1st anniversary gift; giclee print -> astrology decor,180509,208767,astrology lover gift [S025: 98 / 42.2k],zodiac couple print [S001: 7 / 3k],astrology couple art [S002: 6 / 5.4k],zodiac wall art [S003: 375 / 65.3k],astrology wall art [S004: 362 / 69.1k],personalized couple [S005: 825 / 277.2k],custom couple gift [S006: 5.7k / 177.8k],zodiac gift [S007: 2.1k / 61.5k],anniversary gift [S008: 104.4k / 694.6k],engagement gift [S009: 47.5k / 1.4M],wedding gift couple [S010: 1.7k / 328.8k],newlywed gift [S011: 16.7k / 32.7k],giclee print [S012: 736 / 950.9k],astrology lover gift [S025: 98 / 42.2k],zodiac couple print [S001: 7 / 3k],1st anniversary gift [S055: 22.5k / 66.9k],zodiac wall art [S003: 375 / 65.3k],astrology wall art [S004: 362 / 69.1k],personalized couple [S005: 825 / 277.2k],custom couple gift [S006: 5.7k / 177.8k],zodiac gift [S007: 2.1k / 61.5k],anniversary gift [S008: 104.4k / 694.6k],engagement gift [S009: 47.5k / 1.4M],wedding gift couple [S010: 1.7k / 328.8k],newlywed gift [S011: 16.7k / 32.7k],astrology decor [S219: 6.5k / 14.5k]
4570221662,SAGITTARIUS_SCORPIO,,sagittarius scorpio | zodiac couple print | astrology couple art | zodiac wall art | astrology wall art | personalized couple | custom couple gift | zodiac gift | anniversary gift | engagement gift | wedding gift couple | newlywed gift | giclee print,sagittarius scorpio | zodiac couple print | 1st anniversary gift | zodiac wall art | astrology wall art | personalized couple | custom couple gift | zodiac gift | anniversary gift | engagement gift | wedding gift couple | newlywed gift | astrology decor,astrology couple art -> 1st anniversary gift; giclee print -> astrology decor,180412,208670,sagittarius scorpio [S133: 1 / 4.8k],zodiac couple print [S001: 7 / 3k],astrology couple art [S002: 6 / 5.4k],zodiac wall art [S003: 375 / 65.3k],astrology wall art [S004: 362 / 69.1k],personalized couple [S005: 825 / 277.2k],custom couple gift [S006: 5.7k / 177.8k],zodiac gift [S007: 2.1k / 61.5k],anniversary gift [S008: 104.4k / 694.6k],engagement gift [S009: 47.5k / 1.4M],wedding gift couple [S010: 1.7k / 328.8k],newlywed gift [S011: 16.7k / 32.7k],giclee print [S012: 736 / 950.9k],sagittarius scorpio [S133: 1 / 4.8k],zodiac couple print [S001: 7 / 3k],1st anniversary gift [S055: 22.5k / 66.9k],zodiac wall art [S003: 375 / 65.3k],astrology wall art [S004: 362 / 69.1k],personalized couple [S005: 825 / 277.2k],custom couple gift [S006: 5.7k / 177.8k],zodiac gift [S007: 2.1k / 61.5k],anniversary gift [S008: 104.4k / 694.6k],engagement gift [S009: 47.5k / 1.4M],wedding gift couple [S010: 1.7k / 328.8k],newlywed gift [S011: 16.7k / 32.7k],astrology decor [S219: 6.5k / 14.5k]
4570207855,SAGITTARIUS_TAURUS,,sagittarius taurus | zodiac couple print | astrology couple art | zodiac wall art | astrology wall art | personalized couple | custom couple gift | zodiac gift | anniversary gift | engagement gift | wedding gift couple | newlywed gift | giclee print,sagittarius taurus | zodiac couple print | 1st anniversary gift | zodiac wall art | astrology wall art | personalized couple | custom couple gift | zodiac gift | anniversary gift | engagement gift | wedding gift couple | newlywed gift | astrology decor,astrology couple art -> 1st anniversary gift; giclee print -> astrology decor,180412,208670,sagittarius taurus [S134: 1 / 3.7k],zodiac couple print [S001: 7 / 3k],astrology couple art [S002: 6 / 5.4k],zodiac wall art [S003: 375 / 65.3k],astrology wall art [S004: 362 / 69.1k],personalized couple [S005: 825 / 277.2k],custom couple gift [S006: 5.7k / 177.8k],zodiac gift [S007: 2.1k / 61.5k],anniversary gift [S008: 104.4k / 694.6k],engagement gift [S009: 47.5k / 1.4M],wedding gift couple [S010: 1.7k / 328.8k],newlywed gift [S011: 16.7k / 32.7k],giclee print [S012: 736 / 950.9k],sagittarius taurus [S134: 1 / 3.7k],zodiac couple print [S001: 7 / 3k],1st anniversary gift [S055: 22.5k / 66.9k],zodiac wall art [S003: 375 / 65.3k],astrology wall art [S004: 362 / 69.1k],personalized couple [S005: 825 / 277.2k],custom couple gift [S006: 5.7k / 177.8k],zodiac gift [S007: 2.1k / 61.5k],anniversary gift [S008: 104.4k / 694.6k],engagement gift [S009: 47.5k / 1.4M],wedding gift couple [S010: 1.7k / 328.8k],newlywed gift [S011: 16.7k / 32.7k],astrology decor [S219: 6.5k / 14.5k]
4570208321,SAGITTARIUS_VIRGO,,sagittarius virgo | zodiac couple print | astrology couple art | zodiac wall art | astrology wall art | personalized couple | custom couple gift | zodiac gift | anniversary gift | engagement gift | wedding gift couple | newlywed gift | giclee print,sagittarius virgo | zodiac couple print | 1st anniversary gift | zodiac wall art | astrology wall art | personalized couple | custom couple gift | zodiac gift | anniversary gift | engagement gift | wedding gift couple | newlywed gift | astrology decor,astrology couple art -> 1st anniversary gift; giclee print -> astrology decor,180411,208669,sagittarius virgo [S135: yok / yok],zodiac couple print [S001: 7 / 3k],astrology couple art [S002: 6 / 5.4k],zodiac wall art [S003: 375 / 65.3k],astrology wall art [S004: 362 / 69.1k],personalized couple [S005: 825 / 277.2k],custom couple gift [S006: 5.7k / 177.8k],zodiac gift [S007: 2.1k / 61.5k],anniversary gift [S008: 104.4k / 694.6k],engagement gift [S009: 47.5k / 1.4M],wedding gift couple [S010: 1.7k / 328.8k],newlywed gift [S011: 16.7k / 32.7k],giclee print [S012: 736 / 950.9k],sagittarius virgo [S135: yok / yok],zodiac couple print [S001: 7 / 3k],1st anniversary gift [S055: 22.5k / 66.9k],zodiac wall art [S003: 375 / 65.3k],astrology wall art [S004: 362 / 69.1k],personalized couple [S005: 825 / 277.2k],custom couple gift [S006: 5.7k / 177.8k],zodiac gift [S007: 2.1k / 61.5k],anniversary gift [S008: 104.4k / 694.6k],engagement gift [S009: 47.5k / 1.4M],wedding gift couple [S010: 1.7k / 328.8k],newlywed gift [S011: 16.7k / 32.7k],astrology decor [S219: 6.5k / 14.5k]
4570209015,SCORPIO_SCORPIO,,scorpio and scorpio | zodiac couple print | astrology couple art | zodiac wall art | astrology wall art | personalized couple | custom couple gift | zodiac gift | anniversary gift | engagement gift | wedding gift couple | newlywed gift | giclee print,scorpio and scorpio | zodiac couple print | 1st anniversary gift | zodiac wall art | astrology wall art | personalized couple | custom couple gift | zodiac gift | anniversary gift | engagement gift | wedding gift couple | newlywed gift | astrology decor,astrology couple art -> 1st anniversary gift; giclee print -> astrology decor,180411,208669,scorpio and scorpio [S136: yok / yok],zodiac couple print [S001: 7 / 3k],astrology couple art [S002: 6 / 5.4k],zodiac wall art [S003: 375 / 65.3k],astrology wall art [S004: 362 / 69.1k],personalized couple [S005: 825 / 277.2k],custom couple gift [S006: 5.7k / 177.8k],zodiac gift [S007: 2.1k / 61.5k],anniversary gift [S008: 104.4k / 694.6k],engagement gift [S009: 47.5k / 1.4M],wedding gift couple [S010: 1.7k / 328.8k],newlywed gift [S011: 16.7k / 32.7k],giclee print [S012: 736 / 950.9k],scorpio and scorpio [S136: yok / yok],zodiac couple print [S001: 7 / 3k],1st anniversary gift [S055: 22.5k / 66.9k],zodiac wall art [S003: 375 / 65.3k],astrology wall art [S004: 362 / 69.1k],personalized couple [S005: 825 / 277.2k],custom couple gift [S006: 5.7k / 177.8k],zodiac gift [S007: 2.1k / 61.5k],anniversary gift [S008: 104.4k / 694.6k],engagement gift [S009: 47.5k / 1.4M],wedding gift couple [S010: 1.7k / 328.8k],newlywed gift [S011: 16.7k / 32.7k],astrology decor [S219: 6.5k / 14.5k]
4570224058,SCORPIO_TAURUS,,scorpio and taurus | zodiac couple print | astrology couple art | zodiac wall art | astrology wall art | personalized couple | custom couple gift | zodiac gift | anniversary gift | engagement gift | wedding gift couple | newlywed gift | giclee print,scorpio and taurus | zodiac couple print | 1st anniversary gift | zodiac wall art | astrology wall art | personalized couple | custom couple gift | zodiac gift | anniversary gift | engagement gift | wedding gift couple | newlywed gift | astrology decor,astrology couple art -> 1st anniversary gift; giclee print -> astrology decor,180428,208686,scorpio and taurus [S137: 17 / 8.6k],zodiac couple print [S001: 7 / 3k],astrology couple art [S002: 6 / 5.4k],zodiac wall art [S003: 375 / 65.3k],astrology wall art [S004: 362 / 69.1k],personalized couple [S005: 825 / 277.2k],custom couple gift [S006: 5.7k / 177.8k],zodiac gift [S007: 2.1k / 61.5k],anniversary gift [S008: 104.4k / 694.6k],engagement gift [S009: 47.5k / 1.4M],wedding gift couple [S010: 1.7k / 328.8k],newlywed gift [S011: 16.7k / 32.7k],giclee print [S012: 736 / 950.9k],scorpio and taurus [S137: 17 / 8.6k],zodiac couple print [S001: 7 / 3k],1st anniversary gift [S055: 22.5k / 66.9k],zodiac wall art [S003: 375 / 65.3k],astrology wall art [S004: 362 / 69.1k],personalized couple [S005: 825 / 277.2k],custom couple gift [S006: 5.7k / 177.8k],zodiac gift [S007: 2.1k / 61.5k],anniversary gift [S008: 104.4k / 694.6k],engagement gift [S009: 47.5k / 1.4M],wedding gift couple [S010: 1.7k / 328.8k],newlywed gift [S011: 16.7k / 32.7k],astrology decor [S219: 6.5k / 14.5k]
4570210411,SCORPIO_VIRGO,,scorpio and virgo | zodiac couple print | astrology couple art | zodiac wall art | astrology wall art | personalized couple | custom couple gift | zodiac gift | anniversary gift | engagement gift | wedding gift couple | newlywed gift | giclee print,scorpio and virgo | zodiac couple print | 1st anniversary gift | zodiac wall art | astrology wall art | personalized couple | custom couple gift | zodiac gift | anniversary gift | engagement gift | wedding gift couple | newlywed gift | astrology decor,astrology couple art -> 1st anniversary gift; giclee print -> astrology decor,180419,208677,scorpio and virgo [S138: 8 / 10.9k],zodiac couple print [S001: 7 / 3k],astrology couple art [S002: 6 / 5.4k],zodiac wall art [S003: 375 / 65.3k],astrology wall art [S004: 362 / 69.1k],personalized couple [S005: 825 / 277.2k],custom couple gift [S006: 5.7k / 177.8k],zodiac gift [S007: 2.1k / 61.5k],anniversary gift [S008: 104.4k / 694.6k],engagement gift [S009: 47.5k / 1.4M],wedding gift couple [S010: 1.7k / 328.8k],newlywed gift [S011: 16.7k / 32.7k],giclee print [S012: 736 / 950.9k],scorpio and virgo [S138: 8 / 10.9k],zodiac couple print [S001: 7 / 3k],1st anniversary gift [S055: 22.5k / 66.9k],zodiac wall art [S003: 375 / 65.3k],astrology wall art [S004: 362 / 69.1k],personalized couple [S005: 825 / 277.2k],custom couple gift [S006: 5.7k / 177.8k],zodiac gift [S007: 2.1k / 61.5k],anniversary gift [S008: 104.4k / 694.6k],engagement gift [S009: 47.5k / 1.4M],wedding gift couple [S010: 1.7k / 328.8k],newlywed gift [S011: 16.7k / 32.7k],astrology decor [S219: 6.5k / 14.5k]
4570225672,TAURUS_TAURUS,,taurus and taurus | zodiac couple print | astrology couple art | zodiac wall art | astrology wall art | personalized couple | custom couple gift | zodiac gift | anniversary gift | engagement gift | wedding gift couple | newlywed gift | giclee print,taurus and taurus | zodiac couple print | 1st anniversary gift | zodiac wall art | astrology wall art | personalized couple | custom couple gift | zodiac gift | anniversary gift | engagement gift | wedding gift couple | newlywed gift | astrology decor,astrology couple art -> 1st anniversary gift; giclee print -> astrology decor,180411,208669,taurus and taurus [S139: yok / yok],zodiac couple print [S001: 7 / 3k],astrology couple art [S002: 6 / 5.4k],zodiac wall art [S003: 375 / 65.3k],astrology wall art [S004: 362 / 69.1k],personalized couple [S005: 825 / 277.2k],custom couple gift [S006: 5.7k / 177.8k],zodiac gift [S007: 2.1k / 61.5k],anniversary gift [S008: 104.4k / 694.6k],engagement gift [S009: 47.5k / 1.4M],wedding gift couple [S010: 1.7k / 328.8k],newlywed gift [S011: 16.7k / 32.7k],giclee print [S012: 736 / 950.9k],taurus and taurus [S139: yok / yok],zodiac couple print [S001: 7 / 3k],1st anniversary gift [S055: 22.5k / 66.9k],zodiac wall art [S003: 375 / 65.3k],astrology wall art [S004: 362 / 69.1k],personalized couple [S005: 825 / 277.2k],custom couple gift [S006: 5.7k / 177.8k],zodiac gift [S007: 2.1k / 61.5k],anniversary gift [S008: 104.4k / 694.6k],engagement gift [S009: 47.5k / 1.4M],wedding gift couple [S010: 1.7k / 328.8k],newlywed gift [S011: 16.7k / 32.7k],astrology decor [S219: 6.5k / 14.5k]
4570226386,TAURUS_VIRGO,,taurus and virgo | zodiac couple print | astrology couple art | zodiac wall art | astrology wall art | personalized couple | custom couple gift | zodiac gift | anniversary gift | engagement gift | wedding gift couple | newlywed gift | giclee print,taurus and virgo | zodiac couple print | 1st anniversary gift | zodiac wall art | astrology wall art | personalized couple | custom couple gift | zodiac gift | anniversary gift | engagement gift | wedding gift couple | newlywed gift | astrology decor,astrology couple art -> 1st anniversary gift; giclee print -> astrology decor,180416,208674,taurus and virgo [S140: 5 / 6.3k],zodiac couple print [S001: 7 / 3k],astrology couple art [S002: 6 / 5.4k],zodiac wall art [S003: 375 / 65.3k],astrology wall art [S004: 362 / 69.1k],personalized couple [S005: 825 / 277.2k],custom couple gift [S006: 5.7k / 177.8k],zodiac gift [S007: 2.1k / 61.5k],anniversary gift [S008: 104.4k / 694.6k],engagement gift [S009: 47.5k / 1.4M],wedding gift couple [S010: 1.7k / 328.8k],newlywed gift [S011: 16.7k / 32.7k],giclee print [S012: 736 / 950.9k],taurus and virgo [S140: 5 / 6.3k],zodiac couple print [S001: 7 / 3k],1st anniversary gift [S055: 22.5k / 66.9k],zodiac wall art [S003: 375 / 65.3k],astrology wall art [S004: 362 / 69.1k],personalized couple [S005: 825 / 277.2k],custom couple gift [S006: 5.7k / 177.8k],zodiac gift [S007: 2.1k / 61.5k],anniversary gift [S008: 104.4k / 694.6k],engagement gift [S009: 47.5k / 1.4M],wedding gift couple [S010: 1.7k / 328.8k],newlywed gift [S011: 16.7k / 32.7k],astrology decor [S219: 6.5k / 14.5k]
4570227104,VIRGO_VIRGO,,virgo and virgo | zodiac couple print | astrology couple art | zodiac wall art | astrology wall art | personalized couple | custom couple gift | zodiac gift | anniversary gift | engagement gift | wedding gift couple | newlywed gift | giclee print,virgo and virgo | zodiac couple print | 1st anniversary gift | zodiac wall art | astrology wall art | personalized couple | custom couple gift | zodiac gift | anniversary gift | engagement gift | wedding gift couple | newlywed gift | astrology decor,astrology couple art -> 1st anniversary gift; giclee print -> astrology decor,180411,208669,virgo and virgo [S141: yok / yok],zodiac couple print [S001: 7 / 3k],astrology couple art [S002: 6 / 5.4k],zodiac wall art [S003: 375 / 65.3k],astrology wall art [S004: 362 / 69.1k],personalized couple [S005: 825 / 277.2k],custom couple gift [S006: 5.7k / 177.8k],zodiac gift [S007: 2.1k / 61.5k],anniversary gift [S008: 104.4k / 694.6k],engagement gift [S009: 47.5k / 1.4M],wedding gift couple [S010: 1.7k / 328.8k],newlywed gift [S011: 16.7k / 32.7k],giclee print [S012: 736 / 950.9k],virgo and virgo [S141: yok / yok],zodiac couple print [S001: 7 / 3k],1st anniversary gift [S055: 22.5k / 66.9k],zodiac wall art [S003: 375 / 65.3k],astrology wall art [S004: 362 / 69.1k],personalized couple [S005: 825 / 277.2k],custom couple gift [S006: 5.7k / 177.8k],zodiac gift [S007: 2.1k / 61.5k],anniversary gift [S008: 104.4k / 694.6k],engagement gift [S009: 47.5k / 1.4M],wedding gift couple [S010: 1.7k / 328.8k],newlywed gift [S011: 16.7k / 32.7k],astrology decor [S219: 6.5k / 14.5k]
